index,id,question,answerable,No Steering_probability,No Steering_perturbation_l2,Mean-S_probability,Mean-S_perturbation_l2,L2S_probability,L2S_perturbation_l2,P2S_probability,P2S_perturbation_l2
0,3558,What is this? ,1,0.25091278553009033,0.0,0.33111974596977234,6.470016956329346,0.36296921968460083,5.817712306976318,0.4455295503139496,16.47707748413086
1,1859,What is the setting on this dryer?,1,0.30404165387153625,0.0,0.3812195658683777,6.470016956329346,0.37387582659721375,4.521575927734375,0.622459352016449,15.790999412536621
2,945,Do I have icons on my desktop on the screen?,1,0.3486451506614685,0.0,0.41111084818840027,6.470016956329346,0.39981165528297424,4.363977909088135,0.3106943964958191,13.550253868103027
3,9,Is this shampoo or conditioner?,0,0.13846179842948914,0.0,0.15203224122524261,6.470016956329346,0.15002882480621338,3.5004563331604004,0.1490352898836136,14.059727668762207
4,1844,What is on this label?,1,0.30074557662010193,0.0,0.3593641519546509,6.470016956329346,0.3208213150501251,3.783433198928833,0.44167301058769226,14.003979682922363
5,3461,What is what is this,1,0.22000709176063538,0.0,0.2628418505191803,6.470016956329346,0.2628418505191803,3.773704767227173,0.6825737357139587,16.338117599487305
6,920,It is a box.,1,0.2689414322376251,0.0,0.30404165387153625,6.470016956329346,0.29098084568977356,3.4698832035064697,0.2751297354698181,13.14818000793457
7,2760,What is this?,1,0.32423537969589233,0.0,0.4263215959072113,6.470016956329346,0.4765796661376953,6.105162143707275,0.5506073832511902,17.36821937561035
8,2685,What am I looking at?,1,0.2568320035934448,0.0,0.3557748794555664,6.470016956329346,0.37387582659721375,5.692297458648682,0.5234203934669495,16.739620208740234
9,1846,What flavor is this?,0,0.18010665476322174,0.0,0.2254166156053543,6.470016956329346,0.22270014882087708,4.331923484802246,0.12940272688865662,16.27722930908203
10,2785,What color is this shirt? ,1,0.5,0.0,0.5888891220092773,6.470016956329346,0.596433162689209,5.015408992767334,0.6261242032051086,13.551362037658691
11,2637,"Thank you for the beautiful color comment. I was wondering though, I'm trying to get the status of this light blinking, because my computer hasn't been turned on all day.",0,0.10230470448732376,0.0,0.09670579433441162,6.470016956329346,0.10158944129943848,3.51189923286438,0.18713268637657166,14.79829216003418
12,1034,Is it a box?,1,0.034618839621543884,0.0,0.03676946461200714,6.470016956329346,0.03514484688639641,3.4378767013549805,0.024053553119301796,11.197578430175781
13,1015,What this is say,1,0.2018132209777832,0.0,0.23651622235774994,6.470016956329346,0.2254166156053543,3.7309136390686035,0.5273165106773376,15.637273788452148
14,2668,What type of bottle is that?,1,0.18713268637657166,0.0,0.2628418505191803,6.470016956329346,0.230919748544693,3.6450772285461426,0.16026602685451508,14.314905166625977
15,53,Can you tell me if there is a model on here please? Thank you.,0,0.28776782751083374,0.0,0.32423537969589233,6.470016956329346,0.31742629408836365,3.671204090118408,0.2146914154291153,14.698001861572266
16,55,What's the name of the drink?,1,0.43014732003211975,0.0,0.5039061903953552,6.470016956329346,0.4843800961971283,4.403201580047607,0.5428633093833923,12.425385475158691
17,2676,Please tell me where I am right now.  What's the name of this street?,0,0.20689405500888824,0.0,0.23370634019374847,6.470016956329346,0.2254166156053543,3.471027374267578,0.23651622235774994,12.019211769104004
18,2720,Hi what kind of chips are these? Thank you.,0,0.24508501589298248,0.0,0.2782568037509918,6.470016956329346,0.29098084568977356,3.828922748565674,0.19682620465755463,16.044736862182617
19,955,What does this say?,1,0.2689414322376251,0.0,0.32766830921173096,6.470016956329346,0.30404165387153625,3.811814308166504,0.4765796661376953,14.607254028320312
20,1758,What is this?,1,0.14414885640144348,0.0,0.22000709176063538,6.470016956329346,0.22815649211406708,5.94894552230835,0.1755380630493164,16.936817169189453
21,3648,OK can you see the bishop now?,1,0.28140559792518616,0.0,0.314050555229187,6.470016956329346,0.31742629408836365,4.103634834289551,0.30404165387153625,15.526362419128418
22,78,What's on my computer screen?,1,0.27202457189559937,0.0,0.33111974596977234,6.470016956329346,0.3106943964958191,3.809436321258545,0.36296921968460083,14.985774993896484
23,1043,Which one of these cards is my slate card?,1,0.29421496391296387,0.0,0.37022536993026733,6.470016956329346,0.35220178961753845,3.6627886295318604,0.22815649211406708,15.136225700378418
24,2630,What is the object in this image?,1,0.24798743426799774,0.0,0.3073580265045166,6.470016956329346,0.3106943964958191,4.858145713806152,0.32423537969589233,15.309367179870605
25,56,Where do you think I could get a power cord? ,1,0.22815649211406708,0.0,0.2751297354698181,6.470016956329346,0.2568320035934448,3.4693281650543213,0.19682620465755463,11.871358871459961
26,1020,What is this?,1,0.2658804953098297,0.0,0.36296921968460083,6.470016956329346,0.3849121630191803,5.895520210266113,0.6001883149147034,16.07050895690918
27,3662,What kind of oatmeal is this?,1,0.3557748794555664,0.0,0.42250463366508484,6.470016956329346,0.4687906503677368,5.454689979553223,0.4455295503139496,13.007428169250488
28,2771,What's on the screen?,0,0.07696083933115005,0.0,0.09947021305561066,6.470016956329346,0.08269733935594559,3.5421347618103027,0.05707140266895294,18.374364852905273
29,949,Is it still checking for problems?,1,0.2628418505191803,0.0,0.29421496391296387,6.470016956329346,0.29098084568977356,4.241559982299805,0.16667540371418,12.64461898803711
30,956,"What option is highlighted? Is there a way, does it say how to change options, change what's highlighted? I'm trying to switch to USB, flash drive.",0,0.13477592170238495,0.0,0.1561049073934555,6.470016956329346,0.14033624529838562,3.4706273078918457,0.2030746340751648,13.787267684936523
31,2593,What is this?,1,0.36296921968460083,0.0,0.4765796661376953,6.470016956329346,0.5156199336051941,6.728931903839111,0.5698526501655579,16.358619689941406
32,1813,What is this?,1,0.14804719388484955,0.0,0.21733751893043518,6.470016956329346,0.2120688110589981,5.0069098472595215,0.46101680397987366,16.49187660217285
33,62,What is this?,1,0.17328819632530212,0.0,0.230919748544693,6.470016956329346,0.2120688110589981,4.540412902832031,0.47268345952033997,16.050189971923828
34,1838,what's currently being displayed on the tv screen?,1,0.05108273774385452,0.0,0.06954174488782883,6.470016956329346,0.0627892017364502,3.6006977558135986,0.06008664518594742,15.809210777282715
35,1055,What does the screen say?,1,0.44167301058769226,0.0,0.5195213556289673,6.470016956329346,0.5078118443489075,4.1769633293151855,0.6842640042304993,15.242019653320312
36,2595,how many nachos over to the left and or right is the setting bulky?,1,0.24508501589298248,0.0,0.29098084568977356,6.470016956329346,0.2782568037509918,3.702650785446167,0.23651622235774994,13.91125774383545
37,168,"Okay, I've turn the package over and I need to know the grilling instruction for these burgers, thank you.",0,0.32423537969589233,0.0,0.37022536993026733,6.470016956329346,0.3486451506614685,3.5249381065368652,0.16885696351528168,15.658889770507812
38,2672,What is this?,1,0.20946969091892242,0.0,0.29098084568977356,6.470016956329346,0.29098084568977356,5.3053154945373535,0.3923368453979492,16.56096839904785
39,3564,Tell me what this is? Tell me what this is.,1,0.2658804953098297,0.0,0.32766830921173096,6.470016956329346,0.34510529041290283,5.26011323928833,0.562176525592804,17.24934959411621
40,3551,Does this sweater and this shirt go together?,1,0.2146914154291153,0.0,0.25091278553009033,6.470016956329346,0.24508501589298248,3.888016939163208,0.10521053522825241,12.669057846069336
41,3554,What colors is my keyboard?,0,0.10970577597618103,0.0,0.13117322325706482,6.470016956329346,0.1208532303571701,3.5163965225219727,0.09877259284257889,18.976593017578125
42,2757,What is the title of this book?,1,0.22135069966316223,0.0,0.2782568037509918,6.470016956329346,0.2393493503332138,3.9327564239501953,0.2643583416938782,8.109442710876465
43,3646,What does this label read?,1,0.562176525592804,0.0,0.596433162689209,6.470016956329346,0.6150878667831421,4.388075351715088,0.5389832258224487,12.45099925994873
44,2790,What is this?,1,0.2689414322376251,0.0,0.37387582659721375,6.470016956329346,0.39981165528297424,6.128133773803711,0.531209409236908,16.259859085083008
45,119,What does this say?,0,0.2422056347131729,0.0,0.30404165387153625,6.470016956329346,0.28140559792518616,3.670220136642456,0.19314737617969513,14.836292266845703
46,3597,What color is this t-shirt?,1,0.49218812584877014,0.0,0.5698526501655579,6.470016956329346,0.5851011276245117,5.043817043304443,0.46490156650543213,11.661916732788086
47,1917,What kind of shirt am I wearing?,0,0.05921025201678276,0.0,0.07055959850549698,6.470016956329346,0.06371499598026276,3.456890106201172,0.13846179842948914,18.507972717285156
48,1915,What is in this box?,1,0.24508501589298248,0.0,0.3208213150501251,6.470016956329346,0.3415825068950653,5.145147323608398,0.2751297354698181,14.79554557800293
49,1928,What is the expiration date?,0,0.15203224122524261,0.0,0.18713268637657166,6.470016956329346,0.15817435085773468,3.4634339809417725,0.13206614553928375,16.546030044555664
50,874,What does this say?,0,0.20946969091892242,0.0,0.2598256468772888,6.470016956329346,0.22270014882087708,3.4583089351654053,0.32423537969589233,14.635791778564453
51,7,What is seen on the laptop screen? What is seen on the laptop screen?,0,0.2568320035934448,0.0,0.3380771279335022,6.470016956329346,0.28776782751083374,3.644765853881836,0.22270014882087708,15.161865234375
52,3573,What is in this box?,1,0.17781086266040802,0.0,0.24508501589298248,6.470016956329346,0.2393493503332138,4.4121317863464355,0.23370634019374847,14.596332550048828
53,24,Can you tell me what the error message is on the Windows screen?,1,0.16885696351528168,0.0,0.20946969091892242,6.470016956329346,0.18010665476322174,3.723954200744629,0.16885696351528168,15.715493202209473
54,173,What's on this channel?,1,0.29098084568977356,0.0,0.37022536993026733,6.470016956329346,0.35220178961753845,4.484664440155029,0.32766830921173096,13.190574645996094
55,1017,How much is this bill?,1,0.12940272688865662,0.0,0.14804719388484955,6.470016956329346,0.14033624529838562,3.562676429748535,0.13477592170238495,15.636853218078613
56,890,What is this?,1,0.25091278553009033,0.0,0.34510529041290283,6.470016956329346,0.36296921968460083,6.102883815765381,0.5156199336051941,16.079164505004883
57,1076,What does my screen say?,1,0.23370634019374847,0.0,0.29421496391296387,6.470016956329346,0.29421496391296387,4.119954586029053,0.3593641519546509,13.295620918273926
58,3478,can you tell me what this is please?,0,0.29746994376182556,0.0,0.36658975481987,6.470016956329346,0.38861799240112305,5.535547733306885,0.17895591259002686,14.624648094177246
59,933,"Can you please tell me if this has, this computer screen has an error message on it?",1,0.46101680397987366,0.0,0.5506073832511902,6.470016956329346,0.5428633093833923,4.743990898132324,0.4843800961971283,14.331850051879883
60,2761,What is it?,1,0.23370634019374847,0.0,0.3345894515514374,6.470016956329346,0.3415825068950653,5.583346843719482,0.5350984334945679,16.916959762573242
61,3517,"Hi, what's outside the window? ",1,0.41869691014289856,0.0,0.4843800961971283,6.470016956329346,0.49609383940696716,4.783605098724365,0.581303060054779,17.5473575592041
62,2733,How much money is this?,1,0.2422056347131729,0.0,0.3073580265045166,6.470016956329346,0.3208213150501251,5.181572437286377,0.314050555229187,17.27434730529785
63,975,What letters do I type to win the prize?,1,0.14033624529838562,0.0,0.16885696351528168,6.470016956329346,0.16026602685451508,3.699225425720215,0.24508501589298248,13.818920135498047
64,121,What is this?,0,0.18010665476322174,0.0,0.23651622235774994,6.470016956329346,0.230919748544693,4.202746868133545,0.18952108919620514,17.18380355834961
65,3467,What is this?,0,0.16885696351528168,0.0,0.230919748544693,6.470016956329346,0.20434190332889557,4.174123764038086,0.17328819632530212,17.443225860595703
66,1000,What is that?,0,0.1540575623512268,0.0,0.22000709176063538,6.470016956329346,0.20689405500888824,4.511343479156494,0.11838509887456894,15.923013687133789
67,3547,What is this?,1,0.28140559792518616,0.0,0.37387582659721375,6.470016956329346,0.39606815576553345,5.972015380859375,0.5195213556289673,15.865631103515625
68,2620,What flavor are these?,0,0.18242551386356354,0.0,0.25091278553009033,6.470016956329346,0.23651622235774994,4.327181339263916,0.13206614553928375,16.549407958984375
69,3568,What is this?,1,0.21733751893043518,0.0,0.30074557662010193,6.470016956329346,0.29421496391296387,5.381773948669434,0.38861799240112305,15.464367866516113
70,2714,Can you tell me what brand these are so I can Google search the directions?,0,0.37387582659721375,0.0,0.4493926465511322,6.470016956329346,0.42250463366508484,3.6891276836395264,0.2568320035934448,11.017552375793457
71,2616,What is the picture on that CD?,1,0.3557748794555664,0.0,0.4493926465511322,6.470016956329346,0.43014732003211975,4.48286771774292,0.4263215959072113,16.737417221069336
72,3557,What is this?,1,0.28140559792518616,0.0,0.37387582659721375,6.470016956329346,0.41869691014289856,6.2972235679626465,0.5,16.12652587890625
73,2804,What is this?,1,0.34510529041290283,0.0,0.43782350420951843,6.470016956329346,0.4804786741733551,5.851800918579102,0.39981165528297424,15.000818252563477
74,1879,what is this?,1,0.34510529041290283,0.0,0.46101680397987366,6.470016956329346,0.4687906503677368,6.381356239318848,0.5428633093833923,17.349323272705078
75,2693,What is it?,1,0.2538610100746155,0.0,0.36296921968460083,6.470016956329346,0.3557748794555664,5.049360752105713,0.6150878667831421,16.578824996948242
76,1075,can you read anything on this?,1,0.2598256468772888,0.0,0.31742629408836365,6.470016956329346,0.31742629408836365,4.615102767944336,0.5506073832511902,15.48751163482666
77,61,Please tell me the them of this book,1,0.2018132209777832,0.0,0.2658804953098297,6.470016956329346,0.2422056347131729,3.790747880935669,0.2538610100746155,12.234274864196777
78,113,Please describe this page. Thank you.,1,0.30074557662010193,0.0,0.3345894515514374,6.470016956329346,0.34510529041290283,4.466349124908447,0.44167301058769226,12.932552337646484
79,1812,What's this?,0,0.2422056347131729,0.0,0.2658804953098297,6.470016956329346,0.2658804953098297,3.897454023361206,0.314050555229187,17.46598243713379
80,1782,What's in this can?,0,0.1561049073934555,0.0,0.19682620465755463,6.470016956329346,0.17328819632530212,3.56001877784729,0.11757213622331619,19.624582290649414
81,2675,What's the characters in this picture?,0,0.230919748544693,0.0,0.2538610100746155,6.470016956329346,0.24508501589298248,3.471356153488159,0.25832599401474,15.405738830566406
82,1794,What is song is this?,0,0.15002882480621338,0.0,0.18476751446723938,6.470016956329346,0.16885696351528168,3.4459900856018066,0.13753247261047363,15.367055892944336
83,19,What is the computer doing?,1,0.1540575623512268,0.0,0.2120688110589981,6.470016956329346,0.18242551386356354,4.102574348449707,0.18126320838928223,14.14480209350586
84,1004,How do you turn on spoken answers?,0,0.1710611879825592,0.0,0.18713268637657166,6.470016956329346,0.17781086266040802,3.5635743141174316,0.15002882480621338,13.717704772949219
85,2794,What does this label say?,1,0.4687906503677368,0.0,0.562176525592804,6.470016956329346,0.5506073832511902,4.336681842803955,0.562176525592804,12.495969772338867
86,3563,"Just, just a quick idea on this.",1,0.3345894515514374,0.0,0.37022536993026733,6.470016956329346,0.37022536993026733,3.8749911785125732,0.531209409236908,16.79344367980957
87,2607,Can you tell me what kind of frozen dinner that is? Thank you.,0,0.1259227693080902,0.0,0.14804719388484955,6.470016956329346,0.14414885640144348,3.531118392944336,0.13296423852443695,13.767563819885254
88,2726,What is this?,1,0.36296921968460083,0.0,0.46490156650543213,6.470016956329346,0.5039061903953552,6.058193683624268,0.6132366061210632,16.899402618408203
89,1939,How many ounces in this container?,0,0.14414885640144348,0.0,0.17781086266040802,6.470016956329346,0.15203224122524261,3.49377703666687,0.10521053522825241,18.035554885864258
90,1026,What is the tracking number?,0,0.15817435085773468,0.0,0.20434190332889557,6.470016956329346,0.16238002479076385,3.466780662536621,0.10521053522825241,17.657840728759766
91,1745,This picture.,0,0.2782568037509918,0.0,0.31742629408836365,6.470016956329346,0.314050555229187,3.9105846881866455,0.23370634019374847,16.330541610717773
92,2657,What is this?,1,0.2120688110589981,0.0,0.29098084568977356,6.470016956329346,0.29421496391296387,5.469881057739258,0.45713675022125244,16.16636085510254
93,2700,What color is the carpet,1,0.16238002479076385,0.0,0.21733751893043518,6.470016956329346,0.20434190332889557,4.054363250732422,0.14414885640144348,10.862214088439941
94,891,What does the screen say?,1,0.3106943964958191,0.0,0.39606815576553345,6.470016956329346,0.3849121630191803,4.066483020782471,0.4843800961971283,15.505926132202148
95,3627,Can you tell what type of cheese is in this package?,1,0.06853749603033066,0.0,0.07369627058506012,6.470016956329346,0.07696083933115005,3.830484390258789,0.10818894952535629,14.636137008666992
96,3506,What is in...,1,0.20434190332889557,0.0,0.2422056347131729,6.470016956329346,0.2393493503332138,3.7730536460876465,0.2689414322376251,10.024428367614746
97,58,What is on the pillowcase?,1,0.4843800961971283,0.0,0.5851011276245117,6.470016956329346,0.5698526501655579,4.648633003234863,0.5389832258224487,13.090712547302246
98,2670,What does my screen say?,0,0.09009299427270889,0.0,0.1276526302099228,6.470016956329346,0.09268777817487717,3.4592223167419434,0.11124120652675629,17.958547592163086
99,1083,What picture did I take? And of what?,1,0.4493926465511322,0.0,0.5350984334945679,6.470016956329346,0.531209409236908,4.313651084899902,0.7057850360870361,13.25201416015625
100,2627,What does this label say?,1,0.4882833957672119,0.0,0.5851011276245117,6.470016956329346,0.5774953961372375,4.544825553894043,0.672331690788269,12.782254219055176
101,3521,Creamer is this?,1,0.2393493503332138,0.0,0.2845759987831116,6.470016956329346,0.3106943964958191,4.640632629394531,0.22815649211406708,12.446842193603516
102,906,Can you tell me what this is?,1,0.2628418505191803,0.0,0.3380771279335022,6.470016956329346,0.3557748794555664,5.3407416343688965,0.4882833957672119,18.691383361816406
103,2677,What is this item?,1,0.3849121630191803,0.0,0.46490156650543213,6.470016956329346,0.5078118443489075,5.465161323547363,0.47268345952033997,12.841024398803711
104,3585,Can you tell me the pin on the back of this router?,1,0.16451644897460938,0.0,0.19682620465755463,6.470016956329346,0.1755380630493164,3.486567974090576,0.2538610100746155,15.593880653381348
105,1851,What's the name of this mediation?,0,0.15203224122524261,0.0,0.18952108919620514,6.470016956329346,0.16667540371418,3.471356153488159,0.12421300262212753,15.390594482421875
106,2766,What color is this cloth bag?,1,0.36296921968460083,0.0,0.43782350420951843,6.470016956329346,0.4493926465511322,4.83330774307251,0.3380771279335022,11.286099433898926
107,895,What does this caption say?,1,0.24508501589298248,0.0,0.2598256468772888,6.470016956329346,0.2628418505191803,3.6958131790161133,0.2845759987831116,16.560443878173828
108,2813,Can you tell me what this card is?,1,0.21733751893043518,0.0,0.28776782751083374,6.470016956329346,0.29746994376182556,5.0521955490112305,0.42250463366508484,18.520639419555664
109,1,Ok. There is another picture I hope it is a better one.,0,0.19682620465755463,0.0,0.2018132209777832,6.470016956329346,0.19930800795555115,3.5261378288269043,0.30074557662010193,15.072722434997559
110,1071,You record.,0,0.25091278553009033,0.0,0.29098084568977356,6.470016956329346,0.2628418505191803,3.4584555625915527,0.24798743426799774,15.57260513305664
111,169,What does the computer screen say?,0,0.2751297354698181,0.0,0.3415825068950653,6.470016956329346,0.314050555229187,3.62315034866333,0.1250653862953186,19.294967651367188
112,3532,What kind of food is this? ,1,0.34510529041290283,0.0,0.4339814782142639,6.470016956329346,0.4493926465511322,4.896409034729004,0.4263215959072113,14.010712623596191
113,3548,What is it?,1,0.3923368453979492,0.0,0.5234203934669495,6.470016956329346,0.5389832258224487,6.333149433135986,0.43014732003211975,16.550575256347656
114,1039,Can you please tell me what the progress is on the screen?,1,0.2689414322376251,0.0,0.33111974596977234,6.470016956329346,0.314050555229187,4.104875087738037,0.31742629408836365,15.106039047241211
115,115,Is it impossible for you to read the captcha image in this picture? Thanks.,1,0.16238002479076385,0.0,0.16238002479076385,6.470016956329346,0.1755380630493164,3.6416800022125244,0.15817435085773468,11.984889030456543
116,1003,What does this say?,0,0.17781086266040802,0.0,0.2146914154291153,6.470016956329346,0.18476751446723938,3.4467344284057617,0.22815649211406708,14.148628234863281
117,1025,Can you tell me who this is and what team they are playing for?,0,0.18713268637657166,0.0,0.22000709176063538,6.470016956329346,0.20946969091892242,4.025527000427246,0.1490352898836136,13.526969909667969
118,1860,Color is this shirt?,1,0.1259227693080902,0.0,0.14033624529838562,6.470016956329346,0.13660839200019836,3.4513869285583496,0.10230470448732376,13.534687042236328
119,153,What is the captcha show?,0,0.14223188161849976,0.0,0.16667540371418,6.470016956329346,0.14804719388484955,3.429476499557495,0.1037486270070076,15.217693328857422
120,1754,What is the label on this bottle?,1,0.38861799240112305,0.0,0.46101680397987366,6.470016956329346,0.4493926465511322,4.04719877243042,0.5156199336051941,17.03657341003418
121,1037,Describe the picture.,1,0.2393493503332138,0.0,0.2689414322376251,6.470016956329346,0.2658804953098297,4.350831508636475,0.6791787147521973,17.898801803588867
122,83,"Is my computer performing a disc check? For example, does it say on the screen, \Checking files system\, or \Stage one of four\ or some such? Thank you. ",0,0.14033624529838562,0.0,0.16026602685451508,6.470016956329346,0.1540575623512268,3.523082971572876,0.21733751893043518,16.06357765197754
123,929,Yes I need to determine the word that is in this captcha image. Thank you.,1,0.2568320035934448,0.0,0.29098084568977356,6.470016956329346,0.2689414322376251,3.977921962738037,0.45713675022125244,16.67409324645996
124,2625,What is the measure of angle mar?,0,0.14804719388484955,0.0,0.18010665476322174,6.470016956329346,0.1561049073934555,3.6067311763763428,0.13753247261047363,16.827024459838867
125,39,Please tell me what this is.,0,0.2422056347131729,0.0,0.2845759987831116,6.470016956329346,0.2782568037509918,4.2258195877075195,0.19436782598495483,16.356590270996094
126,31,What does that money say?,0,0.18476751446723938,0.0,0.20689405500888824,6.470016956329346,0.19930800795555115,3.4731481075286865,0.13753247261047363,17.329832077026367
127,1731,What is the title of this book?,1,0.28776782751083374,0.0,0.28776782751083374,6.470016956329346,0.29746994376182556,3.8339452743530273,0.3486451506614685,9.735831260681152
128,1934,What color is this please?,1,0.2568320035934448,0.0,0.30074557662010193,6.470016956329346,0.3073580265045166,4.15212869644165,0.29098084568977356,13.095315933227539
129,944,"Yes, I know this may not be possible, but I'd like a description of the chart that is in this image if that description is possible. Thank you.",0,0.18242551386356354,0.0,0.1919327974319458,6.470016956329346,0.1919327974319458,3.8222506046295166,0.16559311747550964,9.708765983581543
130,209,Do the clouds look like storm clouds?,1,0.5117166042327881,0.0,0.6076632142066956,6.470016956329346,0.6039317846298218,4.676506519317627,0.622459352016449,11.04457950592041
131,986,What is?,1,0.22000709176063538,0.0,0.22815649211406708,6.470016956329346,0.23792991042137146,4.534201622009277,0.7662936449050903,15.051603317260742
132,3609,"Alright. Now we're recording. I will record a bit and then Robert will record a bit. One, two, three, four, five, six, seven, eight.",0,0.3486451506614685,0.0,0.37022536993026733,6.470016956329346,0.36296921968460083,3.5346295833587646,0.3720487952232361,15.868620872497559
133,978,what's this ,1,0.32423537969589233,0.0,0.35220178961753845,6.470016956329346,0.37387582659721375,4.666150093078613,0.531209409236908,15.373393058776855
134,3617,What is this?,0,0.14414885640144348,0.0,0.2018132209777832,6.470016956329346,0.18713268637657166,4.286929130554199,0.16451644897460938,17.019105911254883
135,176,What does the text on this say?,1,0.2568320035934448,0.0,0.31742629408836365,6.470016956329346,0.2751297354698181,3.463125467300415,0.43782350420951843,15.8259916305542
136,180,Is this person attractive?,0,0.06560482829809189,0.0,0.07263670116662979,6.470016956329346,0.06560482829809189,3.585711717605591,0.2030746340751648,15.7217378616333
137,1894,What color is my shirt?,1,0.12421300262212753,0.0,0.14414885640144348,6.470016956329346,0.14804719388484955,3.766775608062744,0.10087861120700836,13.8301362991333
138,2731,What color are these cabinets?,1,0.31742629408836365,0.0,0.38861799240112305,6.470016956329346,0.39981165528297424,4.863743782043457,0.25091278553009033,12.708098411560059
139,964,What's on the screen?,1,0.4148988127708435,0.0,0.49218812584877014,6.470016956329346,0.4765796661376953,4.264173984527588,0.4765796661376953,14.530047416687012
140,3491,What is this?,1,0.17328819632530212,0.0,0.24508501589298248,6.470016956329346,0.23651622235774994,4.889927387237549,0.2658804953098297,17.24713897705078
141,1753,What is it?,1,0.2658804953098297,0.0,0.37022536993026733,6.470016956329346,0.3345894515514374,4.12863302230835,0.5544704794883728,15.865497589111328
142,188,What is this receipt about?,0,0.14804719388484955,0.0,0.1919327974319458,6.470016956329346,0.16026602685451508,3.4679346084594727,0.16132023930549622,16.387775421142578
143,1943,What does the scale say?,0,0.2628418505191803,0.0,0.3380771279335022,6.470016956329346,0.29746994376182556,3.6883153915405273,0.12252321094274521,18.919605255126953
144,3619,What is this?,1,0.18476751446723938,0.0,0.24798743426799774,6.470016956329346,0.24798743426799774,5.061227798461914,0.41111084818840027,15.56714916229248
145,2776,What kind of bird is this?,1,0.2689414322376251,0.0,0.33111974596977234,6.470016956329346,0.3486451506614685,4.514565467834473,0.3380771279335022,13.932689666748047
146,880,what is the number on the building that is yupacai college in prescott arizona ,0,0.13296423852443695,0.0,0.1561049073934555,6.470016956329346,0.14223188161849976,3.4641082286834717,0.11757213622331619,16.392133712768555
147,3633,what is this? please describe.,1,0.15817435085773468,0.0,0.20434190332889557,6.470016956329346,0.2018132209777832,5.347928524017334,0.5039061903953552,17.882837295532227
148,1785,What it is?,1,0.18242551386356354,0.0,0.2782568037509918,6.470016956329346,0.24798743426799774,4.656001091003418,0.3812195658683777,16.16368293762207
149,2727,What color is the dryer and what time is it?,1,0.2598256468772888,0.0,0.314050555229187,6.470016956329346,0.30074557662010193,4.390229225158691,0.2393493503332138,12.798117637634277
150,92,What does the small label on this disc say?,1,0.4843800961971283,0.0,0.581303060054779,6.470016956329346,0.5583269596099854,3.782968759536743,0.66888028383255,13.707818984985352
151,132,Trying to take a picture of this bottle of wine.,0,0.3486451506614685,0.0,0.3775406777858734,6.470016956329346,0.39606815576553345,3.5689444541931152,0.2751297354698181,16.48951530456543
152,2690,What is this?,1,0.20946969091892242,0.0,0.29098084568977356,6.470016956329346,0.30404165387153625,5.546123027801514,0.5428633093833923,16.408184051513672
153,2758,What kind of carton is this? Orange juice or milk?,1,0.19682620465755463,0.0,0.20689405500888824,6.470016956329346,0.22815649211406708,4.221091270446777,0.16026602685451508,11.396020889282227
154,189,"Tell me about this creme, what is showing, what is visible, doesn't really matter if you can't read the full text as long as I know there's something going on that's fine. ",0,0.41869691014289856,0.0,0.46490156650543213,6.470016956329346,0.43014732003211975,3.4555697441101074,0.4035668969154358,12.170589447021484
155,1866,What color is my dog?,0,0.0534033328294754,0.0,0.05665242671966553,6.470016956329346,0.05921025201678276,3.5629262924194336,0.05665242671966553,18.75541877746582
156,1953,Tell me what you see with the camera.,0,0.2422056347131729,0.0,0.28776782751083374,6.470016956329346,0.2658804953098297,3.501312494277954,0.32423537969589233,14.643749237060547
157,2717,what is this,0,0.18010665476322174,0.0,0.2146914154291153,6.470016956329346,0.20689405500888824,3.9902403354644775,0.18476751446723938,16.621389389038086
158,3490,"Okay, we're onto something here. I put it a little closer, hopefully to focus in on that lower section as you suggested. Conventional oven temperature and how many minutes, thank you very much.",1,0.29098084568977356,0.0,0.30404165387153625,6.470016956329346,0.30404165387153625,3.517341136932373,0.2751297354698181,17.291301727294922
159,1929,Which game is this?,1,0.3812195658683777,0.0,0.46490156650543213,6.470016956329346,0.4493926465511322,4.437792778015137,0.4455295503139496,10.418606758117676
160,149,What is written on that screen?,0,0.10087861120700836,0.0,0.13117322325706482,6.470016956329346,0.11436852067708969,3.440558910369873,0.1030244305729866,18.060773849487305
161,208,"This is probably going to be a long shot in the dark, but I'm trying to fill out a form which requires a captcha, to be solved, and if someone could tell me what the code is, I'd be extremely grateful, thank you.",0,0.09534946084022522,0.0,0.10087861120700836,6.470016956329346,0.10087861120700836,3.471356153488159,0.1490352898836136,12.31020736694336
162,1064,Is it box?,1,0.06656918674707413,0.0,0.07159119844436646,6.470016956329346,0.06754669547080994,3.441209077835083,0.06754669547080994,12.964933395385742
163,962,what does it say?,0,0.22000709176063538,0.0,0.2658804953098297,6.470016956329346,0.24798743426799774,3.463785171508789,0.1980641782283783,15.416869163513184
164,1041,"Could you tell me if there's an actual captcha code on the screen? And if there is, what does it say for the website?",1,0.11838509887456894,0.0,0.1490352898836136,6.470016956329346,0.12678517401218414,3.5795741081237793,0.13206614553928375,11.51089096069336
165,2825,"Does the screen say anything, show any text or color at all?",1,0.08509904146194458,0.0,0.11596070975065231,6.470016956329346,0.10669060051441193,4.076160430908203,0.09009299427270889,12.246685028076172
166,1775,What flavor is this?,1,0.19436782598495483,0.0,0.2538610100746155,6.470016956329346,0.2422056347131729,4.2866902351379395,0.2568320035934448,14.62188720703125
167,993,"What is written on that computer screen, please?",1,0.4687906503677368,0.0,0.5467381477355957,6.470016956329346,0.5350984334945679,4.405450344085693,0.6113819479942322,14.720680236816406
168,2782,What is in this box?,1,0.2146914154291153,0.0,0.29098084568977356,6.470016956329346,0.3073580265045166,5.014777183532715,0.28776782751083374,14.49799919128418
169,3622,What is the contents of this can?,1,0.09807932376861572,0.0,0.13660839200019836,6.470016956329346,0.11124120652675629,3.682269334793091,0.21733751893043518,16.100112915039062
170,1826,"Whats the name of this spice, thank you.",1,0.3380771279335022,0.0,0.39981165528297424,6.470016956329346,0.43014732003211975,4.777643203735352,0.39606815576553345,13.649996757507324
171,1829,"Can you give me any information on this radio? Availability, repair, other stuff? Thanks.",0,0.23370634019374847,0.0,0.2689414322376251,6.470016956329346,0.2422056347131729,3.470440149307251,0.3345894515514374,12.4585599899292
172,3616,What color are these jeans?,1,0.3345894515514374,0.0,0.4035668969154358,6.470016956329346,0.4035668969154358,4.771549701690674,0.2689414322376251,11.595841407775879
173,972,Okay so we're in the boot menu I'd like to go to USB flash drive does it show where that is?  Am I on it if not does it show how to move to it?  Arrow...,1,0.29746994376182556,0.0,0.3380771279335022,6.470016956329346,0.3073580265045166,3.5917763710021973,0.4035668969154358,16.8219051361084
174,1837,What is this?,1,0.2568320035934448,0.0,0.3486451506614685,6.470016956329346,0.3812195658683777,6.029210567474365,0.46101680397987366,16.70030975341797
175,140,What does this message say?,1,0.29098084568977356,0.0,0.3415825068950653,6.470016956329346,0.3345894515514374,3.884216070175171,0.5851011276245117,15.425047874450684
176,1926,What kind of wine is this?,1,0.16667540371418,0.0,0.2120688110589981,6.470016956329346,0.2018132209777832,4.415445804595947,0.24508501589298248,16.486156463623047
177,228,What is this?,0,0.15203224122524261,0.0,0.20946969091892242,6.470016956329346,0.18476751446723938,3.9945287704467773,0.16667540371418,16.767860412597656
178,101,Can you see the dosage information? Thank you.,1,0.29098084568977356,0.0,0.3380771279335022,6.470016956329346,0.3073580265045166,3.5714597702026367,0.4073334336280823,13.038333892822266
179,2636,What is this?,1,0.1755380630493164,0.0,0.24508501589298248,6.470016956329346,0.27202457189559937,6.011430263519287,0.42250463366508484,16.827136993408203
180,2650,WHAT IS THIS?,1,0.20434190332889557,0.0,0.2538610100746155,6.470016956329346,0.29098084568977356,6.17277193069458,0.4148988127708435,17.5043888092041
181,1050,Can you please read this menu to me.,0,0.49609383940696716,0.0,0.5506073832511902,6.470016956329346,0.5428633093833923,3.7646327018737793,0.42250463366508484,11.17695140838623
182,1936,What is this item?,1,0.27202457189559937,0.0,0.37387582659721375,6.470016956329346,0.3380771279335022,4.721628189086914,0.5039061903953552,13.207242012023926
183,1067,Where is this made?,0,0.1766716092824936,0.0,0.2254166156053543,6.470016956329346,0.1980641782283783,3.4665167331695557,0.16238002479076385,14.368170738220215
184,1800,What does this machine do?,0,0.29746994376182556,0.0,0.4339814782142639,6.470016956329346,0.3775406777858734,4.1156721115112305,0.13296423852443695,18.887483596801758
185,1095,What is this,0,0.21733751893043518,0.0,0.2598256468772888,6.470016956329346,0.2628418505191803,4.416585922241211,0.19436782598495483,16.745574951171875
186,128,What does the screen say?,1,0.43014732003211975,0.0,0.5039061903953552,6.470016956329346,0.5039061903953552,4.483321666717529,0.6477982401847839,16.369483947753906
187,1801,"Sorry, I kind of stammer sometimes. What I was asking was, so basically, when you take a picture of something that has like glass in front of it or whatever, is the picture always going to be blurred? Or, can you explain that?  ",1,0.18713268637657166,0.0,0.20946969091892242,6.470016956329346,0.19930800795555115,3.530207633972168,0.24798743426799774,17.537981033325195
188,1941,What is it?,1,0.3415825068950653,0.0,0.4455295503139496,6.470016956329346,0.46101680397987366,5.881669044494629,0.685949444770813,17.182193756103516
189,921,Please tell which screen I'm on? I'm trying to access the boot menu and I'm trying to boot from a USB drive. See if you can me what screen is up and what option is? ,1,0.2568320035934448,0.0,0.29098084568977356,6.470016956329346,0.28776782751083374,3.665930986404419,0.32423537969589233,12.339755058288574
190,1044,What does the screen say?,1,0.36658975481987,0.0,0.45713675022125244,6.470016956329346,0.4339814782142639,4.051114082336426,0.562176525592804,12.233748435974121
191,199,Can you tell me what the screen says?,0,0.18010665476322174,0.0,0.2393493503332138,6.470016956329346,0.1919327974319458,3.5862526893615723,0.28776782751083374,16.580659866333008
192,919,What does this say?,0,0.28140559792518616,0.0,0.32766830921173096,6.470016956329346,0.3073580265045166,3.5123066902160645,0.19682620465755463,13.081398010253906
193,2728,What are the directions?,0,0.2628418505191803,0.0,0.32423537969589233,6.470016956329346,0.2751297354698181,3.4513750076293945,0.14223188161849976,18.775714874267578
194,2806,Can you tell me the detail of the food in this thing?,1,0.37022536993026733,0.0,0.47268345952033997,6.470016956329346,0.4765796661376953,5.610176086425781,0.9252299070358276,18.603971481323242
195,57,Specials on this menu.,0,0.31742629408836365,0.0,0.36658975481987,6.470016956329346,0.34510529041290283,3.589944362640381,0.4339814782142639,16.4847412109375
196,3583,What is this?,1,0.29746994376182556,0.0,0.3849121630191803,6.470016956329346,0.41869691014289856,5.806158542633057,0.4687906503677368,16.136812210083008
197,1874,What color is this?,1,0.2658804953098297,0.0,0.32766830921173096,6.470016956329346,0.3208213150501251,4.255215167999268,0.3073580265045166,12.038641929626465
198,102,Is their text on this computer screen?,1,0.4532618820667267,0.0,0.5350984334945679,6.470016956329346,0.5273165106773376,5.057680606842041,0.47268345952033997,14.75788402557373
199,2807,What type of lotion is this?,1,0.3849121630191803,0.0,0.4687906503677368,6.470016956329346,0.4493926465511322,3.63601016998291,0.5156199336051941,12.569291114807129
200,234,What is playing on this channel?,0,0.28776782751083374,0.0,0.37022536993026733,6.470016956329346,0.35220178961753845,4.124302387237549,0.1540575623512268,16.63235092163086
201,1966,What is the mac number for this device? ,1,0.2689414322376251,0.0,0.33111974596977234,6.470016956329346,0.2845759987831116,3.4748520851135254,0.37387582659721375,15.120231628417969
202,937,What is this picture of?,1,0.22000709176063538,0.0,0.2751297354698181,6.470016956329346,0.2751297354698181,4.543574333190918,0.4205996096134186,15.686750411987305
203,187,What is this CD?,1,0.28776782751083374,0.0,0.3593641519546509,6.470016956329346,0.3593641519546509,4.401006698608398,0.5,15.169230461120605
204,1887,What is this item please?,1,0.29421496391296387,0.0,0.35220178961753845,6.470016956329346,0.36658975481987,4.57774019241333,0.39981165528297424,13.977534294128418
205,2786,What color are these socks?,1,0.2422056347131729,0.0,0.29746994376182556,6.470016956329346,0.30404165387153625,4.326633453369141,0.20434190332889557,12.140578269958496
206,1881,What is this?,1,0.29098084568977356,0.0,0.37387582659721375,6.470016956329346,0.4148988127708435,6.218177795410156,0.4455295503139496,16.066190719604492
207,3510,What kind of flower is this?,1,0.08756384998559952,0.0,0.09947021305561066,6.470016956329346,0.11920291930437088,4.769724369049072,0.09009299427270889,15.388627052307129
208,2706,Does it say what kind of tablets are in this bubble wrap if so please tell me what they are.,0,0.20689405500888824,0.0,0.2628418505191803,6.470016956329346,0.22270014882087708,3.4794836044311523,0.27202457189559937,14.247365951538086
209,3603,What kind of soup is this?,1,0.06465348601341248,0.0,0.06187598407268524,6.470016956329346,0.06656918674707413,3.4713218212127686,0.048496004194021225,13.365729331970215
210,1802,Alright what is the expiration on this carton of milk?,1,0.29746994376182556,0.0,0.3380771279335022,6.470016956329346,0.3415825068950653,3.9006454944610596,0.32766830921173096,15.58688735961914
211,905,What does the caption say?,1,0.28616926074028015,0.0,0.30404165387153625,6.470016956329346,0.3123700022697449,3.9320528507232666,0.23792991042137146,17.38491439819336
212,147,Hopefully you can see what this screen says.,0,0.3208213150501251,0.0,0.3775406777858734,6.470016956329346,0.37022536993026733,3.790888547897339,0.3345894515514374,15.351333618164062
213,44,Tell me what's in this photo.,0,0.28140559792518616,0.0,0.32423537969589233,6.470016956329346,0.3106943964958191,4.050775527954102,0.2613309323787689,16.637311935424805
214,1922,What is this?,1,0.16026602685451508,0.0,0.23370634019374847,6.470016956329346,0.24798743426799774,6.0810980796813965,0.3849121630191803,17.123308181762695
215,1883,Is there an expiration date on this and if so when? Thank you.,1,0.4765796661376953,0.0,0.5506073832511902,6.470016956329346,0.5234203934669495,3.7581467628479004,0.6406359076499939,12.499639511108398
216,1889,Can someone tell me what that is? ,1,0.29746994376182556,0.0,0.3812195658683777,6.470016956329346,0.38861799240112305,5.325047969818115,0.66888028383255,17.951332092285156
217,3683,which bog flower remedy is this?,0,0.16238002479076385,0.0,0.21733751893043518,6.470016956329346,0.17328819632530212,3.4658515453338623,0.08694165199995041,15.624439239501953
218,3686,What is in this bottle?,1,0.32423537969589233,0.0,0.46490156650543213,6.470016956329346,0.4263215959072113,4.815603733062744,0.5078118443489075,11.948816299438477
219,3556,What is the label on this bottle?,0,0.30404165387153625,0.0,0.3415825068950653,6.470016956329346,0.3208213150501251,3.464599609375,0.2120688110589981,16.74556541442871
220,938,What does this window say?,0,0.37022536993026733,0.0,0.43782350420951843,6.470016956329346,0.4339814782142639,4.04302978515625,0.1561049073934555,15.880216598510742
221,2655,What is this item?,1,0.29421496391296387,0.0,0.3849121630191803,6.470016956329346,0.3849121630191803,5.0604166984558105,0.4339814782142639,12.887113571166992
222,3602,What is in this box?,1,0.28140559792518616,0.0,0.3849121630191803,6.470016956329346,0.3812195658683777,5.177313804626465,0.39981165528297424,15.853795051574707
223,230,Please tell me about this calendar? ,1,0.36296921968460083,0.0,0.41869691014289856,6.470016956329346,0.4148988127708435,4.442121982574463,0.46490156650543213,17.550254821777344
224,1869,What is this can?,1,0.22000709176063538,0.0,0.28140559792518616,6.470016956329346,0.2689414322376251,4.173920631408691,0.29098084568977356,13.41422176361084
225,91,Is the dialogue more visible in that picture?,1,0.22815649211406708,0.0,0.24798743426799774,6.470016956329346,0.2538610100746155,4.030588626861572,0.16885696351528168,13.070991516113281
226,3503,What is this?,1,0.2628418505191803,0.0,0.3486451506614685,6.470016956329346,0.3812195658683777,5.884774208068848,0.4455295503139496,16.723407745361328
227,222,"Hi, what do you see in the screen?",1,0.3380771279335022,0.0,0.43782350420951843,6.470016956329346,0.4263215959072113,4.879994869232178,0.5039061903953552,17.367544174194336
228,3487,Name of this wine,0,0.29421496391296387,0.0,0.3415825068950653,6.470016956329346,0.314050555229187,3.470533847808838,0.18952108919620514,13.772900581359863
229,184,Is there text or any identifying identification on this side of the card?,1,0.13477592170238495,0.0,0.1561049073934555,6.470016956329346,0.14608724415302277,3.6349692344665527,0.16667540371418,12.805425643920898
230,2649,What color is that wall?,1,0.4765796661376953,0.0,0.5926666259765625,6.470016956329346,0.5774953961372375,4.490149021148682,0.4765796661376953,11.444440841674805
231,1878,What is this stuffed animal?,1,0.24798743426799774,0.0,0.3380771279335022,6.470016956329346,0.31742629408836365,4.427208423614502,0.38861799240112305,15.542442321777344
232,977,What is this?,1,0.2628418505191803,0.0,0.3380771279335022,6.470016956329346,0.3486451506614685,5.445660591125488,0.5,16.123348236083984
233,2768,what wash cycle do i have this on?,1,0.2845759987831116,0.0,0.35220178961753845,6.470016956329346,0.36296921968460083,4.136415481567383,0.28776782751083374,16.530075073242188
234,1014,What letters do I type in to win the prize?,1,0.10818894952535629,0.0,0.12940272688865662,6.470016956329346,0.1259227693080902,3.846735954284668,0.2598256468772888,13.536589622497559
235,152,"Okay, I moved the camera a little to the right. Hopefully that will get whatever the code is I need and I am looking forward to the answer. Thanks a bunch.",0,0.2689414322376251,0.0,0.29746994376182556,6.470016956329346,0.28140559792518616,3.4709811210632324,0.43014732003211975,14.967211723327637
236,235,Can you tell us what the screen says?,1,0.3380771279335022,0.0,0.4148988127708435,6.470016956329346,0.4035668969154358,4.741657733917236,0.6261242032051086,14.72823715209961
237,3543,What is it?,1,0.3775406777858734,0.0,0.5156199336051941,6.470016956329346,0.531209409236908,5.733900547027588,0.562176525592804,15.875836372375488
238,884,Does this page have a signature on it or is it blank?,1,0.14223188161849976,0.0,0.16238002479076385,6.470016956329346,0.1755380630493164,4.549908638000488,0.10230470448732376,10.878606796264648
239,191,"What software is this, and read any serial number if you can see one.",0,0.27202457189559937,0.0,0.31742629408836365,6.470016956329346,0.28776782751083374,3.468691349029541,0.23370634019374847,12.083721160888672
240,1839,Are these blueberry or cheese?,1,0.1276526302099228,0.0,0.14033624529838562,6.470016956329346,0.14804719388484955,4.583496570587158,0.09138210862874985,10.622913360595703
241,1850,What's in the...What's in the bag?  Thank you.,1,0.44167301058769226,0.0,0.49218812584877014,6.470016956329346,0.5078118443489075,4.698436737060547,0.6959583163261414,13.53365421295166
242,181,On the screen does it say it's restoring?,0,0.230919748544693,0.0,0.2628418505191803,6.470016956329346,0.2422056347131729,3.6071889400482178,0.2523840367794037,16.002376556396484
243,3702,Is there a chess piece here?,1,0.15002882480621338,0.0,0.16451644897460938,6.470016956329346,0.1710611879825592,4.521772384643555,0.11596070975065231,12.476128578186035
244,873,What's this?,1,0.25091278553009033,0.0,0.2845759987831116,6.470016956329346,0.29421496391296387,5.149293422698975,0.47268345952033997,15.281343460083008
245,136,Can you please tell me what is displayed on the screen?,1,0.2393493503332138,0.0,0.31742629408836365,6.470016956329346,0.29746994376182556,4.3509745597839355,0.5926666259765625,17.885332107543945
246,35,How big do you think my TV is? Thank you.,1,0.24508501589298248,0.0,0.2782568037509918,6.470016956329346,0.28140559792518616,3.6895320415496826,0.3380771279335022,15.540480613708496
247,151,Can you please tell me what the computer screen says?  Thank you.,0,0.32423537969589233,0.0,0.4035668969154358,6.470016956329346,0.37022536993026733,3.8560070991516113,0.3073580265045166,14.465929985046387
248,239,Is this?,1,0.15002882480621338,0.0,0.1919327974319458,6.470016956329346,0.17781086266040802,3.976048231124878,0.2254166156053543,13.982131004333496
249,979,What is this?,1,0.15203224122524261,0.0,0.22270014882087708,6.470016956329346,0.2120688110589981,5.093311309814453,0.41111084818840027,16.730012893676758
250,2808,What is this?,0,0.18242551386356354,0.0,0.2393493503332138,6.470016956329346,0.20946969091892242,3.6482160091400146,0.14033624529838562,16.545730590820312
251,97,Is this caffeinated or decaffeinated?,1,0.1710611879825592,0.0,0.18242551386356354,6.470016956329346,0.18713268637657166,3.4915919303894043,0.13846179842948914,11.32298469543457
252,1766,What is the name of this product?,1,0.4804786741733551,0.0,0.5660185217857361,6.470016956329346,0.5506073832511902,4.451396465301514,0.581303060054779,13.63418960571289
253,183,Can you tell me what's on this screen please?  If at all readable or anything like that.,0,0.18476751446723938,0.0,0.22815649211406708,6.470016956329346,0.20689405500888824,3.5222315788269043,0.2689414322376251,14.770306587219238
254,3673,What is in this box?,1,0.29746994376182556,0.0,0.38861799240112305,6.470016956329346,0.3923368453979492,4.905923366546631,0.4148988127708435,14.24277400970459
255,1830,"Hi, what is the model number of this Olympus recorder, please?",0,0.3106943964958191,0.0,0.37387582659721375,6.470016956329346,0.32766830921173096,3.480879306793213,0.18010665476322174,13.246522903442383
256,1746,What's this?,1,0.22815649211406708,0.0,0.2598256468772888,6.470016956329346,0.2689414322376251,4.54750394821167,0.4455295503139496,15.828329086303711
257,108,Please tell me the title of this book. Thank you for your time.,0,0.29421496391296387,0.0,0.3345894515514374,6.470016956329346,0.3415825068950653,4.073271751403809,0.2658804953098297,10.914793014526367
258,2775,What is it?,0,0.2422056347131729,0.0,0.35220178961753845,6.470016956329346,0.29421496391296387,3.8726046085357666,0.22270014882087708,18.430919647216797
259,1052,What is it?,1,0.2845759987831116,0.0,0.4073334336280823,6.470016956329346,0.3775406777858734,4.693924427032471,0.5583269596099854,15.398340225219727
260,980,What does the key say on this piece of paper?,0,0.30404165387153625,0.0,0.3557748794555664,6.470016956329346,0.33111974596977234,3.5099151134490967,0.22000709176063538,17.42435646057129
261,1057,What does this say? What does this say?,0,0.29421496391296387,0.0,0.35220178961753845,6.470016956329346,0.3345894515514374,3.5675981044769287,0.2267836183309555,14.644351959228516
262,13,This piece of mail for and where is it from?,0,0.23370634019374847,0.0,0.2751297354698181,6.470016956329346,0.24798743426799774,3.471356153488159,0.13568954169750214,15.60964584350586
263,995,In this video is the singer's mouth wider from top to bottom or side-to-side? Thank you.,0,0.22270014882087708,0.0,0.23651622235774994,6.470016956329346,0.23651622235774994,3.5222318172454834,0.19314737617969513,15.5407075881958
264,1023,What is this? I didn't know it was recording?,0,0.2018132209777832,0.0,0.23370634019374847,6.470016956329346,0.2120688110589981,3.6155102252960205,0.24508501589298248,13.9756498336792
265,86,please explain what is on this piece of paper,1,0.2628418505191803,0.0,0.32423537969589233,6.470016956329346,0.3415825068950653,4.951894760131836,0.6261242032051086,14.971635818481445
266,229,What's on the screen?,0,0.3073580265045166,0.0,0.36658975481987,6.470016956329346,0.34510529041290283,3.9620256423950195,0.13568954169750214,18.862014770507812
267,2621,What does the screen say?,1,0.18713268637657166,0.0,0.2393493503332138,6.470016956329346,0.20689405500888824,3.604423761367798,0.4263215959072113,17.95033836364746
268,96,Can you see what's on the screen?,1,0.24798743426799774,0.0,0.3073580265045166,6.470016956329346,0.3073580265045166,4.444069862365723,0.24798743426799774,15.479048728942871
269,2612,What kind of oatmeal is this and thank you.,1,0.44167301058769226,0.0,0.5117166042327881,6.470016956329346,0.5234203934669495,4.480363845825195,0.5234203934669495,13.523629188537598
270,1089,What is this book's title?,0,0.39606815576553345,0.0,0.46101680397987366,6.470016956329346,0.41111084818840027,3.4696271419525146,0.2568320035934448,14.4594087600708
271,2653,What title is this?,0,0.22000709176063538,0.0,0.27202457189559937,6.470016956329346,0.22815649211406708,3.470257520675659,0.22815649211406708,13.754157066345215
272,918,Who is this?,0,0.2751297354698181,0.0,0.3208213150501251,6.470016956329346,0.2845759987831116,3.4639129638671875,0.1276526302099228,14.763774871826172
273,2594,What temperature is the oven set at?,1,0.17781086266040802,0.0,0.20946969091892242,6.470016956329346,0.21733751893043518,4.273081302642822,0.4073334336280823,17.058500289916992
274,1736,What's in this box?,1,0.10818894952535629,0.0,0.14033624529838562,6.470016956329346,0.11436852067708969,3.5796070098876953,0.1540575623512268,13.0889310836792
275,170,What is in this can?,1,0.17328819632530212,0.0,0.25091278553009033,6.470016956329346,0.20946969091892242,3.6754648685455322,0.22815649211406708,12.33962631225586
276,939,Is is a box? Is it a box?,1,0.07477004081010818,0.0,0.07585817575454712,6.470016956329346,0.07477004081010818,3.515505075454712,0.043365802615880966,10.03827953338623
277,45,Able on my vacuum I need the serial number and model number.,0,0.21733751893043518,0.0,0.24798743426799774,6.470016956329346,0.22815649211406708,3.469700336456299,0.20689405500888824,15.881329536437988
278,197,What is this a picture of?,1,0.31742629408836365,0.0,0.3923368453979492,6.470016956329346,0.3923368453979492,4.975838661193848,0.5467381477355957,15.493609428405762
279,2624,"Ok, here's the long side of the other side of the box. Let me know if there's any conventional oven instructions here for temperature and time. And hopefully these pictures are at least. ",0,0.18713268637657166,0.0,0.19682620465755463,6.470016956329346,0.19930800795555115,3.453932762145996,0.2393493503332138,11.61203670501709
280,3477,You see what scent this is?,1,0.17781086266040802,0.0,0.2254166156053543,6.470016956329346,0.2254166156053543,4.316721439361572,0.4148988127708435,15.495548248291016
281,1827,What color is the curtains?,1,0.4263215959072113,0.0,0.5117166042327881,6.470016956329346,0.5195213556289673,4.937807559967041,0.4882833957672119,13.301599502563477
282,3658,What is in this can,1,0.18713268637657166,0.0,0.24798743426799774,6.470016956329346,0.23651622235774994,4.440157413482666,0.28140559792518616,14.129849433898926
283,204,Is the laptop screen open?,1,0.6261242032051086,0.0,0.6926419734954834,6.470016956329346,0.6825737357139587,4.538555145263672,0.39606815576553345,13.190912246704102
284,246,What does the screen say?,0,0.3106943964958191,0.0,0.3557748794555664,6.470016956329346,0.30404165387153625,3.4666543006896973,0.1561049073934555,18.084774017333984
285,3465,"What are, what are the numbers on this card?",1,0.20689405500888824,0.0,0.2598256468772888,6.470016956329346,0.24798743426799774,3.8527348041534424,0.5039061903953552,14.849983215332031
286,1092,Which best describes how igneous rocks are formed?,0,0.22000709176063538,0.0,0.2658804953098297,6.470016956329346,0.2422056347131729,3.4905803203582764,0.09807932376861572,15.975432395935059
287,3681,What song is this?,0,0.1561049073934555,0.0,0.19930800795555115,6.470016956329346,0.17781086266040802,3.4866788387298584,0.14414885640144348,16.476472854614258
288,1115,This screen doesn't talk. What does it say?,1,0.13117322325706482,0.0,0.14414885640144348,6.470016956329346,0.14033624529838562,3.931999921798706,0.22000709176063538,14.524113655090332
289,2784,What temperature is the thermostat set on?,0,0.07585817575454712,0.0,0.09138210862874985,6.470016956329346,0.07807815819978714,3.4662654399871826,0.14033624529838562,19.244598388671875
290,3651,Identify this object.,1,0.4339814782142639,0.0,0.49609383940696716,6.470016956329346,0.5195213556289673,5.073764324188232,0.6513549089431763,13.713786125183105
291,3579,what color is this shirt?,1,0.2782568037509918,0.0,0.33111974596977234,6.470016956329346,0.3345894515514374,4.290167808532715,0.22815649211406708,12.10885238647461
292,1036,What does this computer screen say?,0,0.2658804953098297,0.0,0.3208213150501251,6.470016956329346,0.3073580265045166,3.7317066192626953,0.167763352394104,16.72731590270996
293,210,Do you see steak on this menu?,1,0.4035668969154358,0.0,0.47268345952033997,6.470016956329346,0.4804786741733551,4.606899738311768,0.4532618820667267,14.699394226074219
294,1862,What color is this shirt?,1,0.33111974596977234,0.0,0.39606815576553345,6.470016956329346,0.39981165528297424,4.884753227233887,0.3557748794555664,11.98629093170166
295,3499,What is this?,1,0.28140559792518616,0.0,0.3557748794555664,6.470016956329346,0.39606815576553345,5.757728576660156,0.33111974596977234,16.561344146728516
296,1944,Can you tell me what kind of chips are in this bag?,1,0.13117322325706482,0.0,0.1561049073934555,6.470016956329346,0.16026602685451508,4.20772123336792,0.32423537969589233,17.91394805908203
297,2819,What kind of baby formula is this?,0,0.05749327689409256,0.0,0.06187598407268524,6.470016956329346,0.05749327689409256,3.471356153488159,0.07807815819978714,16.499645233154297
298,192,What are the letters to enter in to obtain the prize?,1,0.17328819632530212,0.0,0.22270014882087708,6.470016956329346,0.20434190332889557,3.8239622116088867,0.3486451506614685,14.793923377990723
299,894,Is this person a boy or a girl?,1,0.09807932376861572,0.0,0.11124120652675629,6.470016956329346,0.1037486270070076,3.4933834075927734,0.08756384998559952,11.427281379699707
300,3632,"What product is this please, and thank you?",0,0.3923368453979492,0.0,0.45713675022125244,6.470016956329346,0.43782350420951843,3.624819278717041,0.23370634019374847,13.525574684143066
301,3581,What is this document?,1,0.2628418505191803,0.0,0.33111974596977234,6.470016956329346,0.314050555229187,4.495957851409912,0.3073580265045166,13.920906066894531
302,3703,What color wine is this?,1,0.11920291930437088,0.0,0.1561049073934555,6.470016956329346,0.14033624529838562,3.7619941234588623,0.11920291930437088,13.321516990661621
303,2753,What color is my shirt?,1,0.37387582659721375,0.0,0.45713675022125244,6.470016956329346,0.4843800961971283,4.69175910949707,0.5039061903953552,12.95921516418457
304,875,What do you see on the screen?,1,0.25091278553009033,0.0,0.35220178961753845,6.470016956329346,0.3106943964958191,4.135831832885742,0.44167301058769226,15.59630012512207
305,34,Can you read the bottle on the screen?,0,0.1127953976392746,0.0,0.1208532303571701,6.470016956329346,0.1208532303571701,3.651054620742798,0.13660839200019836,14.74917984008789
306,1007,What color are those pants?,1,0.46490156650543213,0.0,0.5660185217857361,6.470016956329346,0.562176525592804,5.155774116516113,0.43782350420951843,11.925313949584961
307,883,What does it say on the screen?,1,0.46101680397987366,0.0,0.5583269596099854,6.470016956329346,0.5350984334945679,4.230876445770264,0.5156199336051941,13.44261646270752
308,2845,For how long do I cook this in the microwave?,0,0.11920291930437088,0.0,0.13117322325706482,6.470016956329346,0.12421300262212753,3.4703450202941895,0.16238002479076385,19.994604110717773
309,994,This is the iPad isn't it?,1,0.46101680397987366,0.0,0.5350984334945679,6.470016956329346,0.531209409236908,3.8734488487243652,0.5078118443489075,15.037681579589844
310,3576,What's the instructions on this box?,0,0.3380771279335022,0.0,0.3812195658683777,6.470016956329346,0.36658975481987,3.534318208694458,0.13028542697429657,16.186317443847656
311,2688,Could you tell me what brand this is? Thank you.,1,0.5273165106773376,0.0,0.6076632142066956,6.470016956329346,0.6297746300697327,4.978381156921387,0.5660185217857361,14.600781440734863
312,72,What is this item,0,0.22000709176063538,0.0,0.2751297354698181,6.470016956329346,0.2628418505191803,4.0962347984313965,0.2120688110589981,16.55266571044922
313,1980,What is this?,0,0.2146914154291153,0.0,0.2845759987831116,6.470016956329346,0.2751297354698181,4.588094711303711,0.22815649211406708,16.64406394958496
314,2791,"What color is the shirt that I'm wearing, black or turquoise? Thank you.",1,0.15002882480621338,0.0,0.1540575623512268,6.470016956329346,0.16026602685451508,3.625293254852295,0.15203224122524261,9.955143928527832
315,139,What does this say?What does this say?,1,0.3557748794555664,0.0,0.4263215959072113,6.470016956329346,0.4035668969154358,4.119524955749512,0.4687906503677368,10.598502159118652
316,156,Is this piece of mail?,0,0.01798621006309986,0.0,0.020332353189587593,6.470016956329346,0.01798621006309986,3.465820550918579,0.02822098508477211,10.761335372924805
317,1898,What kind of speakers is this?,0,0.08632348477840424,0.0,0.09401018917560577,6.470016956329346,0.09268777817487717,3.4724161624908447,0.13028542697429657,18.240962982177734
318,2833,What color is this shoe?,0,0.05184547230601311,0.0,0.0541987270116806,6.470016956329346,0.055005282163619995,3.443066358566284,0.055005282163619995,16.9040470123291
319,1856,"What's the make and model of that car, and what's the license plate number?",0,0.30074557662010193,0.0,0.36296921968460083,6.470016956329346,0.3415825068950653,3.5896718502044678,0.19930800795555115,20.09123992919922
320,1038,What is the number of this building that I've just photographed?,0,0.06754669547080994,0.0,0.07159119844436646,6.470016956329346,0.06954174488782883,3.471356153488159,0.11357959359884262,16.950836181640625
321,1031,"Can you tell me now what's on the screen, please.",0,0.33111974596977234,0.0,0.39981165528297424,6.470016956329346,0.3812195658683777,3.8567168712615967,0.2735743820667267,17.205446243286133
322,3526,What is in this jar?,0,0.20689405500888824,0.0,0.2782568037509918,6.470016956329346,0.2538610100746155,4.377370357513428,0.09138210862874985,20.566816329956055
323,195,Does it still say loading Windows or is it to the restore?,1,0.21733751893043518,0.0,0.2393493503332138,6.470016956329346,0.2393493503332138,3.849738359451294,0.16026602685451508,12.228924751281738
324,37,What is the title of this book?,1,0.3557748794555664,0.0,0.4073334336280823,6.470016956329346,0.3593641519546509,3.508580446243286,0.5156199336051941,10.217427253723145
325,198,Can you please tell me the 1-800 number on this card?,1,0.2146914154291153,0.0,0.2538610100746155,6.470016956329346,0.2422056347131729,3.7177884578704834,0.3073580265045166,14.879672050476074
326,3459,This is a view from above. What is the shape of this speaker?,1,0.2751297354698181,0.0,0.33111974596977234,6.470016956329346,0.3380771279335022,4.414834976196289,0.41869691014289856,18.050548553466797
327,1807,What kind of bottle is this?,0,0.03258974477648735,0.0,0.034618839621543884,6.470016956329346,0.03308597952127457,3.471356153488159,0.11676400899887085,17.334592819213867
328,2834,What is in this box?,1,0.1919327974319458,0.0,0.2689414322376251,6.470016956329346,0.2422056347131729,4.33720064163208,0.3415825068950653,15.297110557556152
329,913,What is this?,0,0.15817435085773468,0.0,0.23651622235774994,6.470016956329346,0.2146914154291153,4.518256664276123,0.14706452190876007,17.222515106201172
330,243,Computer screen showing?,1,0.3380771279335022,0.0,0.41869691014289856,6.470016956329346,0.39606815576553345,3.990114450454712,0.4843800961971283,13.096179008483887
331,1901,What is that?,1,0.17781086266040802,0.0,0.2538610100746155,6.470016956329346,0.28140559792518616,5.408815383911133,0.27202457189559937,14.206056594848633
332,1048,This is a computer.,1,0.4073334336280823,0.0,0.4804786741733551,6.470016956329346,0.46101680397987366,3.6403515338897705,0.4148988127708435,15.330501556396484
333,3523,What is the current temperature setting on this thermostat?,1,0.20689405500888824,0.0,0.25091278553009033,6.470016956329346,0.2568320035934448,4.510447025299072,0.2658804953098297,16.18014907836914
334,3696,What kind of pop is this?,1,0.2568320035934448,0.0,0.3208213150501251,6.470016956329346,0.32423537969589233,3.9737398624420166,0.2751297354698181,13.130973815917969
335,3675,Call that plate that guides the gear stick?,0,0.20434190332889557,0.0,0.24508501589298248,6.470016956329346,0.22815649211406708,3.5894901752471924,0.1755380630493164,13.216275215148926
336,1870,Can you please identify this package? Thank you.,1,0.37387582659721375,0.0,0.42250463366508484,6.470016956329346,0.4493926465511322,4.323240280151367,0.5273165106773376,13.326576232910156
337,1107,What is displayed on the screen?,1,0.2689414322376251,0.0,0.37387582659721375,6.470016956329346,0.3345894515514374,4.2976202964782715,0.5467381477355957,15.927495956420898
338,1762,What is this?,1,0.14608724415302277,0.0,0.22000709176063538,6.470016956329346,0.20946969091892242,5.0302934646606445,0.2658804953098297,16.962175369262695
339,3677,What color is this?,1,0.22270014882087708,0.0,0.29098084568977356,6.470016956329346,0.2782568037509918,4.40077543258667,0.230919748544693,12.210805892944336
340,18,Can you see if this is 32 bit or 64 bit?  Thanks.,0,0.10087861120700836,0.0,0.10970577597618103,6.470016956329346,0.10818894952535629,3.4611563682556152,0.1490352898836136,17.985183715820312
341,87,What bill is this?,0,0.1540575623512268,0.0,0.18476751446723938,6.470016956329346,0.16885696351528168,3.48500919342041,0.20946969091892242,17.362152099609375
342,1912,What color is this?,1,0.31742629408836365,0.0,0.3923368453979492,6.470016956329346,0.3849121630191803,4.392632007598877,0.3415825068950653,12.018617630004883
343,943,What is this?,1,0.25091278553009033,0.0,0.3415825068950653,6.470016956329346,0.34510529041290283,5.558783531188965,0.5544704794883728,15.537920951843262
344,3723,What does the sky look like?,1,0.3345894515514374,0.0,0.4035668969154358,6.470016956329346,0.4148988127708435,4.697607517242432,0.41111084818840027,15.776504516601562
345,881,What is on the screen?,1,0.2658804953098297,0.0,0.37022536993026733,6.470016956329346,0.3345894515514374,4.024590969085693,0.35220178961753845,14.519248008728027
346,1070,Hi can you tell me how far along the scan disk is now? Thanks.,0,0.13846179842948914,0.0,0.15817435085773468,6.470016956329346,0.15203224122524261,3.75860595703125,0.2393493503332138,15.52997875213623
347,260,What does this say?,1,0.27202457189559937,0.0,0.32766830921173096,6.470016956329346,0.3073580265045166,3.677542209625244,0.4035668969154358,13.363326072692871
348,2817,How often can I take this medicine?  ,0,0.16238002479076385,0.0,0.19930800795555115,6.470016956329346,0.16451644897460938,3.586555004119873,0.09739039838314056,18.862274169921875
349,1947,Is this a cola?,1,0.043365802615880966,0.0,0.04885777831077576,6.470016956329346,0.04742587357759476,3.565669059753418,0.034618839621543884,11.677019119262695
350,1109,Help with question.,0,0.22270014882087708,0.0,0.2598256468772888,6.470016956329346,0.2422056347131729,3.6647274494171143,0.1490352898836136,17.145675659179688
351,3480,What's this?,1,0.30404165387153625,0.0,0.3486451506614685,6.470016956329346,0.36658975481987,5.568186283111572,0.4843800961971283,15.66952133178711
352,43,What does this fortune cookie say?,0,0.08269733935594559,0.0,0.09401018917560577,6.470016956329346,0.08756384998559952,3.471356153488159,0.10158944129943848,16.979398727416992
353,914,What is this item?,1,0.17328819632530212,0.0,0.22815649211406708,6.470016956329346,0.24508501589298248,5.569314479827881,0.2568320035934448,13.341052055358887
354,947,What kind of system is this?,1,0.2568320035934448,0.0,0.3208213150501251,6.470016956329346,0.32423537969589233,4.017204284667969,0.23651622235774994,14.384994506835938
355,15,What does my eye look like?,0,0.08756384998559952,0.0,0.1127953976392746,6.470016956329346,0.09268777817487717,3.5007526874542236,0.10521053522825241,17.811302185058594
356,1028,Can you tell me this product key please? Thank you.,0,0.29098084568977356,0.0,0.3208213150501251,6.470016956329346,0.30074557662010193,3.4700841903686523,0.28776782751083374,13.095011711120605
357,1975,For how long do I cook this in the microwave?,0,0.16026602685451508,0.0,0.17781086266040802,6.470016956329346,0.16885696351528168,3.470400810241699,0.19436782598495483,20.0744686126709
358,3596,What medicine is this?,1,0.2146914154291153,0.0,0.30404165387153625,6.470016956329346,0.2628418505191803,3.740248203277588,0.3208213150501251,14.60970401763916
359,159,What is this?,0,0.15203224122524261,0.0,0.2146914154291153,6.470016956329346,0.2120688110589981,4.940300941467285,0.1919327974319458,17.67124366760254
360,2596,What spice is this?,1,0.16885696351528168,0.0,0.22000709176063538,6.470016956329346,0.22000709176063538,4.3004069328308105,0.3775406777858734,14.641474723815918
361,3591,What color is this shirt?,1,0.10970577597618103,0.0,0.1208532303571701,6.470016956329346,0.12421300262212753,3.495882511138916,0.08882028609514236,11.552919387817383
362,3685,What shirt is this and what color is it?,0,0.5156199336051941,0.0,0.6039317846298218,6.470016956329346,0.5774953961372375,3.9121432304382324,0.3830641806125641,16.453197479248047
363,1097,What does the screen say?,1,0.32766830921173096,0.0,0.4035668969154358,6.470016956329346,0.3812195658683777,4.004619598388672,0.531209409236908,12.981819152832031
364,1918,What is in this cereal box?,1,0.22270014882087708,0.0,0.314050555229187,6.470016956329346,0.29746994376182556,4.6483659744262695,0.2568320035934448,12.959169387817383
365,2749,Can you see what label is on the can of coke?  I'm just wondering if it's something that got stuck there or if it's a voucher or something like that? Thanks.,1,0.29098084568977356,0.0,0.30074557662010193,6.470016956329346,0.31742629408836365,3.731783628463745,0.4263215959072113,18.337491989135742
366,3656,What is this?,1,0.29421496391296387,0.0,0.3849121630191803,6.470016956329346,0.43014732003211975,6.389346122741699,0.5888891220092773,16.26797103881836
367,1932,What is this?,1,0.28140559792518616,0.0,0.3812195658683777,6.470016956329346,0.4073334336280823,5.810084342956543,0.4882833957672119,16.799253463745117
368,2805,What flavor are these biscuits?,1,0.18010665476322174,0.0,0.22815649211406708,6.470016956329346,0.2254166156053543,4.237887382507324,0.22815649211406708,14.594184875488281
369,866,What color is this band?,1,0.4148988127708435,0.0,0.5195213556289673,6.470016956329346,0.5039061903953552,4.357790470123291,0.3775406777858734,11.12391471862793
370,1808,What color is this?,1,0.314050555229187,0.0,0.3849121630191803,6.470016956329346,0.3812195658683777,4.351762294769287,0.2782568037509918,11.310288429260254
371,1810,What flavor is this?,0,0.06097518280148506,0.0,0.07263670116662979,6.470016956329346,0.06371499598026276,3.4666378498077393,0.06754669547080994,16.673789978027344
372,1906,What is this object?,1,0.33111974596977234,0.0,0.42250463366508484,6.470016956329346,0.4263215959072113,5.7620649337768555,0.4073334336280823,16.035621643066406
373,1135,What do you see on the screen? Thank you.,0,0.23370634019374847,0.0,0.2689414322376251,6.470016956329346,0.24798743426799774,3.54744815826416,0.17217186093330383,16.49291229248047
374,1770,What is this please?,0,0.20946969091892242,0.0,0.2538610100746155,6.470016956329346,0.23651622235774994,3.5213329792022705,0.15304216742515564,15.786886215209961
375,3661,What is in the can?,0,0.14033624529838562,0.0,0.18010665476322174,6.470016956329346,0.15203224122524261,3.4497833251953125,0.07369627058506012,19.978614807128906
376,84,Which one of the three images is the Google logo?,0,0.30404165387153625,0.0,0.38861799240112305,6.470016956329346,0.3557748794555664,3.770573377609253,0.12252321094274521,16.446565628051758
377,893,Can you tell me what is on this screen? Is it the desktop or something else?,1,0.37387582659721375,0.0,0.43782350420951843,6.470016956329346,0.4493926465511322,4.71787691116333,0.3849121630191803,16.905155181884766
378,219,What do you see here?,0,0.2751297354698181,0.0,0.3208213150501251,6.470016956329346,0.3073580265045166,3.7785141468048096,0.3557748794555664,16.16651153564453
379,2652,What is this bottle and what's the dosage if you can see it?  Thank you.,1,0.4263215959072113,0.0,0.5,6.470016956329346,0.4804786741733551,4.372876167297363,0.6001883149147034,13.052690505981445
380,2695,I'm wondering about the main buttons on this microwave. What I need to cook something for a number of minutes.,0,0.2628418505191803,0.0,0.29421496391296387,6.470016956329346,0.28776782751083374,3.711557149887085,0.24508501589298248,16.726430892944336
381,267,What color is this paper?,1,0.2689414322376251,0.0,0.3380771279335022,6.470016956329346,0.32766830921173096,4.126470565795898,0.29098084568977356,10.276911735534668
382,3643,What are these?,0,0.1755380630493164,0.0,0.2658804953098297,6.470016956329346,0.2018132209777832,3.5234909057617188,0.1561049073934555,18.076078414916992
383,2810,Would you please tell me what the sky in this photograph looks like?,1,0.2393493503332138,0.0,0.3106943964958191,6.470016956329346,0.3208213150501251,4.999337196350098,0.3557748794555664,17.74958038330078
384,2669,What's in this bottle?,0,0.05582313984632492,0.0,0.06560482829809189,6.470016956329346,0.06008664518594742,3.466857671737671,0.053799644112586975,19.73348617553711
385,2779,what page is this and how much of the page is visible thank you,0,0.2628418505191803,0.0,0.30074557662010193,6.470016956329346,0.2845759987831116,3.4748339653015137,0.1859472095966339,15.288402557373047
386,74,Can you tell me what this screen says?,0,0.18952108919620514,0.0,0.23651622235774994,6.470016956329346,0.22000709176063538,3.8202121257781982,0.2120688110589981,15.287742614746094
387,3674,"Object. Dude, you're so creepy. You sound evil when you make that dog sound.",0,0.32766830921173096,0.0,0.3415825068950653,6.470016956329346,0.34510529041290283,3.4795522689819336,0.4073334336280823,13.568391799926758
388,1885,For how long do I cook this in the microwave?,1,0.13117322325706482,0.0,0.15002882480621338,6.470016956329346,0.14033624529838562,3.4675071239471436,0.1561049073934555,15.406070709228516
389,1087,What is the library card number?,0,0.12421300262212753,0.0,0.15817435085773468,6.470016956329346,0.12421300262212753,3.4564390182495117,0.13939638435840607,17.871166229248047
390,1992,What is this?,1,0.3593641519546509,0.0,0.46101680397987366,6.470016956329346,0.5195213556289673,7.181375503540039,0.5660185217857361,16.079282760620117
391,196,What does the screen on my TV say?,1,0.29421496391296387,0.0,0.36658975481987,6.470016956329346,0.35220178961753845,3.991788387298584,0.42250463366508484,13.861841201782227
392,3732,What is in this container? ,1,0.2422056347131729,0.0,0.34510529041290283,6.470016956329346,0.32766830921173096,4.538251876831055,0.4339814782142639,15.142280578613281
393,970,Is there a name of this card?,0,0.2568320035934448,0.0,0.29746994376182556,6.470016956329346,0.2751297354698181,3.4596312046051025,0.13386750221252441,15.565399169921875
394,160,Help me with this capture.,1,0.2598256468772888,0.0,0.29098084568977356,6.470016956329346,0.28776782751083374,3.9227635860443115,0.5736784338951111,14.379076957702637
395,1749,What about the scenery?,1,0.4148988127708435,0.0,0.49609383940696716,6.470016956329346,0.49218812584877014,3.9450700283050537,0.5389832258224487,14.962785720825195
396,2738,What color are the shower curtains?,1,0.49609383940696716,0.0,0.5774953961372375,6.470016956329346,0.581303060054779,4.872225761413574,0.5736784338951111,13.854558944702148
397,10,Can you describe for me what's going on outside the window? Just curious.,1,0.25091278553009033,0.0,0.3073580265045166,6.470016956329346,0.29098084568977356,3.9847967624664307,0.6619228720664978,18.406578063964844
398,264,What color is this?,1,0.24508501589298248,0.0,0.32766830921173096,6.470016956329346,0.32766830921173096,4.954794406890869,0.2845759987831116,11.888996124267578
399,2870,Tell me the value of this card.,1,0.13660839200019836,0.0,0.17328819632530212,6.470016956329346,0.16451644897460938,4.877040386199951,0.314050555229187,15.588912963867188
400,1971,What is this package?,1,0.3812195658683777,0.0,0.45713675022125244,6.470016956329346,0.49218812584877014,4.874741554260254,0.22815649211406708,13.885406494140625
401,127,What's in this bottle?,0,0.06097518280148506,0.0,0.07369627058506012,6.470016956329346,0.06560482829809189,3.471356153488159,0.05877656117081642,19.508596420288086
402,1798,What color is this chair?,1,0.36296921968460083,0.0,0.43782350420951843,6.470016956329346,0.43782350420951843,4.606624126434326,0.29098084568977356,12.138598442077637
403,99,What is the model number of the computer?,0,0.15002882480621338,0.0,0.19436782598495483,6.470016956329346,0.1540575623512268,3.4549901485443115,0.06954174488782883,17.162511825561523
404,1964,What is this?,1,0.25091278553009033,0.0,0.37022536993026733,6.470016956329346,0.41111084818840027,6.585083484649658,0.5370413661003113,17.548768997192383
405,1144,what does the sky look like?,1,0.1919327974319458,0.0,0.2689414322376251,6.470016956329346,0.2598256468772888,4.967560291290283,0.2422056347131729,15.525875091552734
406,2613,What do the big gray clouds look like in the sky?,1,0.37387582659721375,0.0,0.4532618820667267,6.470016956329346,0.4493926465511322,4.195338726043701,0.43014732003211975,16.035341262817383
407,2814,What is this exactly?,1,0.2146914154291153,0.0,0.30074557662010193,6.470016956329346,0.28140559792518616,5.07054328918457,0.596433162689209,17.612651824951172
408,205,What does this CD say?,1,0.3380771279335022,0.0,0.41869691014289856,6.470016956329346,0.41111084818840027,4.241383075714111,0.5428633093833923,12.467784881591797
409,2763,Cooking directions.,1,0.35220178961753845,0.0,0.4073334336280823,6.470016956329346,0.37387582659721375,3.4580538272857666,0.581303060054779,14.808749198913574
410,273,"Can you please tell me what's on the screen? And if there's anything I need to interact with, which may include selecting an item, or inputting information. Thank you very much",1,0.5888891220092773,0.0,0.6619228720664978,6.470016956329346,0.637030839920044,4.146204471588135,0.8816148638725281,15.806636810302734
411,3601,Could you tell me what this bottle says?,1,0.42250463366508484,0.0,0.5156199336051941,6.470016956329346,0.49218812584877014,3.976405143737793,0.6791787147521973,15.790245056152344
412,3513,What does this say?,1,0.39606815576553345,0.0,0.4687906503677368,6.470016956329346,0.4532618820667267,4.176303386688232,0.7662936449050903,14.541497230529785
413,276,I have two questions for you. What is the name of this game and what platform can you play it on?,1,0.6297746300697327,0.0,0.7431679368019104,6.470016956329346,0.6893056035041809,3.873703718185425,0.5926666259765625,13.576793670654297
414,954,"I'm looking for the image capture on this page. I just need to know what it is so I can type it into the edit box, thanks.",0,0.314050555229187,0.0,0.33111974596977234,6.470016956329346,0.33111974596977234,3.5065457820892334,0.30074557662010193,10.709001541137695
415,1001,Is there a visible model number here?,1,0.14608724415302277,0.0,0.16667540371418,6.470016956329346,0.15002882480621338,3.5227982997894287,0.11757213622331619,12.141705513000488
416,3577,What type of pizza is this?,1,0.3106943964958191,0.0,0.36296921968460083,6.470016956329346,0.41111084818840027,5.781746864318848,0.3415825068950653,13.923596382141113
417,3666,"Is the air conditioner set to air, fan, or dehumidifier?",1,0.23651622235774994,0.0,0.29098084568977356,6.470016956329346,0.2658804953098297,3.646536350250244,0.2751297354698181,16.664352416992188
418,1880,The flavor of this yogurt.,1,0.24798743426799774,0.0,0.30074557662010193,6.470016956329346,0.29746994376182556,4.115509510040283,0.3849121630191803,13.13051700592041
419,3546,What color is this iPhone case?,1,0.28776782751083374,0.0,0.34510529041290283,6.470016956329346,0.34510529041290283,4.233066558837891,0.24798743426799774,10.96664047241211
420,3471,What is in this box?,1,0.33111974596977234,0.0,0.41111084818840027,6.470016956329346,0.46101680397987366,5.48264741897583,0.3812195658683777,14.258506774902344
421,100,"Alright. If you could tell what the screen says, that would be helpful, thank you",1,0.29098084568977356,0.0,0.3415825068950653,6.470016956329346,0.3593641519546509,4.733559608459473,0.3593641519546509,15.15045166015625
422,2849,What is this?,0,0.1540575623512268,0.0,0.20946969091892242,6.470016956329346,0.18010665476322174,3.7744719982147217,0.15002882480621338,16.535152435302734
423,2866,What do you see in this picture?,1,0.22815649211406708,0.0,0.2628418505191803,6.470016956329346,0.24798743426799774,3.945847272872925,0.5736784338951111,16.96644401550293
424,32,Can anyone tell me what's actually on the screen of the laptop?,1,0.30404165387153625,0.0,0.38861799240112305,6.470016956329346,0.36296921968460083,4.769401550292969,0.5544704794883728,16.659778594970703
425,3588,What color is this?,1,0.2689414322376251,0.0,0.3380771279335022,6.470016956329346,0.33111974596977234,4.288451671600342,0.27202457189559937,11.317094802856445
426,144,"I need to know the cooking instructions for grilling for these burgers. If you need to turn, me to turn the package over just let me know.",0,0.31742629408836365,0.0,0.34510529041290283,6.470016956329346,0.3345894515514374,3.500441551208496,0.2751297354698181,13.954803466796875
427,256,what is in this bottle and what is it?,0,0.31742629408836365,0.0,0.3923368453979492,6.470016956329346,0.36658975481987,3.677309513092041,0.16667540371418,17.772056579589844
428,2843,What is it?,0,0.230919748544693,0.0,0.31742629408836365,6.470016956329346,0.29098084568977356,4.35891580581665,0.1710611879825592,18.436447143554688
429,3544,What color are these?,1,0.3345894515514374,0.0,0.41869691014289856,6.470016956329346,0.42250463366508484,4.987992286682129,0.28776782751083374,12.928443908691406
430,3507,For how long do i cook this in the microwave?,0,0.14414885640144348,0.0,0.16667540371418,6.470016956329346,0.1561049073934555,3.463623046875,0.18713268637657166,19.913389205932617
431,1940,Can you tell me what the conventional oven temperature is and for how many minutes and whether I need to puncture the lid? Thank you very much.,0,0.1037486270070076,0.0,0.11920291930437088,6.470016956329346,0.10669060051441193,3.4805498123168945,0.1561049073934555,13.782451629638672
432,3472,What is this?,1,0.3106943964958191,0.0,0.4035668969154358,6.470016956329346,0.44167301058769226,6.17466402053833,0.4532618820667267,16.676876068115234
433,992,"Alright trying to see as much information about this sticker as possible.  It's on a piece of furniture that I'd like to get. I need the model, serial number, where it was sold, price if possible, anything that you think might be helpful.  Thank you.  Let me know.",1,0.3106943964958191,0.0,0.3415825068950653,6.470016956329346,0.32423537969589233,3.488967180252075,0.28776782751083374,15.58008098602295
434,253,What does this paper say?,1,0.3106943964958191,0.0,0.37387582659721375,6.470016956329346,0.36296921968460083,3.8384361267089844,0.5888891220092773,12.85632038116455
435,1817,What is this?,1,0.36658975481987,0.0,0.45713675022125244,6.470016956329346,0.5117166042327881,6.536581993103027,0.4493926465511322,16.65123176574707
436,52,What letters am I supposed to enter in to claim the prize?,0,0.12252321094274521,0.0,0.13846179842948914,6.470016956329346,0.12940272688865662,3.4400553703308105,0.09807932376861572,15.151856422424316
437,232,Just curious to see whether you could read what was on the computer screen. Just testing this application.,1,0.2751297354698181,0.0,0.314050555229187,6.470016956329346,0.29746994376182556,3.4933207035064697,0.33111974596977234,14.94821834564209
438,172,What is the TV channel? ,0,0.2568320035934448,0.0,0.3415825068950653,6.470016956329346,0.29421496391296387,3.6213457584381104,0.15817435085773468,18.175275802612305
439,2686,"can you give me the cooking directions for this product, thank you",1,0.47268345952033997,0.0,0.5350984334945679,6.470016956329346,0.5234203934669495,3.5991909503936768,0.7662936449050903,16.708436965942383
440,1005,What is this,1,0.230919748544693,0.0,0.2658804953098297,6.470016956329346,0.2751297354698181,4.532299995422363,0.4843800961971283,16.774629592895508
441,3486,what is in the tin in my right hand,1,0.2018132209777832,0.0,0.2751297354698181,6.470016956329346,0.2254166156053543,3.4598262310028076,0.3208213150501251,13.838232040405273
442,2815,Hello who is this?,1,0.20946969091892242,0.0,0.2393493503332138,6.470016956329346,0.2393493503332138,3.668076753616333,0.3849121630191803,16.170433044433594
443,2756,What is this?,1,0.22000709176063538,0.0,0.29421496391296387,6.470016956329346,0.2751297354698181,4.614701747894287,0.5195213556289673,15.909757614135742
444,871,What's that? Who's that?,1,0.1710611879825592,0.0,0.18476751446723938,6.470016956329346,0.18952108919620514,3.7160000801086426,0.2751297354698181,14.562067031860352
445,258,Sorry about that. I was away from the app and it didn't take me...it kind of crashed. But can you see the dialog?,0,0.2658804953098297,0.0,0.2658804953098297,6.470016956329346,0.2782568037509918,3.572535514831543,0.28616926074028015,14.480944633483887
446,2829,What color is this?,1,0.3380771279335022,0.0,0.41111084818840027,6.470016956329346,0.39981165528297424,4.116950988769531,0.43014732003211975,12.256038665771484
447,2832,What is this?,0,0.2538610100746155,0.0,0.3415825068950653,6.470016956329346,0.3557748794555664,5.696932792663574,0.23370634019374847,17.11021614074707
448,206,What does this say?,0,0.14608724415302277,0.0,0.16451644897460938,6.470016956329346,0.15002882480621338,3.4542384147644043,0.30074557662010193,15.326277732849121
449,1079,I need to know what the image says so I can get this password reset.,1,0.22000709176063538,0.0,0.2538610100746155,6.470016956329346,0.24508501589298248,4.210589408874512,0.37022536993026733,17.784414291381836
450,2,Can you tell me what this medicine is please?,1,0.1919327974319458,0.0,0.2422056347131729,6.470016956329346,0.2393493503332138,4.452847003936768,0.2845759987831116,16.826519012451172
451,2609,What color is this dress?,1,0.2598256468772888,0.0,0.32423537969589233,6.470016956329346,0.314050555229187,4.661365509033203,0.2568320035934448,11.424114227294922
452,3501,What is this dollar bill?,0,0.0541987270116806,0.0,0.0541987270116806,6.470016956329346,0.055005282163619995,3.4494826793670654,0.11516223102807999,15.198928833007812
453,2762,What is this item?,1,0.22815649211406708,0.0,0.3106943964958191,6.470016956329346,0.32766830921173096,5.706043720245361,0.3345894515514374,13.676775932312012
454,1799,What kind of meat is it? Is this chicken or sausage oer what sort of meat? Thank you,1,0.24508501589298248,0.0,0.2751297354698181,6.470016956329346,0.29098084568977356,3.9942164421081543,0.24798743426799774,17.632061004638672
455,2878,I moved closer.  See if we can identify this product.  Thank you.,1,0.2628418505191803,0.0,0.3106943964958191,6.470016956329346,0.3073580265045166,4.241696357727051,0.7606506943702698,18.396203994750977
456,1788,what is this item?,1,0.2782568037509918,0.0,0.36658975481987,6.470016956329346,0.3593641519546509,4.823938369750977,0.3849121630191803,11.890188217163086
457,3612,What brand of gum and what flavor is this?,1,0.39606815576553345,0.0,0.46490156650543213,6.470016956329346,0.4765796661376953,4.672728538513184,0.6261242032051086,15.705893516540527
458,3642,What kind of tracing is this?,0,0.18476751446723938,0.0,0.22000709176063538,6.470016956329346,0.22270014882087708,3.741053581237793,0.2146914154291153,16.29953384399414
459,20,What is the tag number?,0,0.2538610100746155,0.0,0.3073580265045166,6.470016956329346,0.2568320035934448,3.4889466762542725,0.11838509887456894,15.89306640625
460,3518,What color is this ,1,0.18010665476322174,0.0,0.2146914154291153,6.470016956329346,0.2146914154291153,3.7867696285247803,0.2146914154291153,14.647102355957031
461,912,has this candle been burnt or is it new,1,0.1755380630493164,0.0,0.19930800795555115,6.470016956329346,0.2018132209777832,3.7722346782684326,0.14033624529838562,10.73524284362793
462,2658,what color is this?,1,0.3208213150501251,0.0,0.3849121630191803,6.470016956329346,0.3812195658683777,4.187490463256836,0.314050555229187,11.54617691040039
463,3639,What kind of pill is this?,0,0.0838903859257698,0.0,0.09138210862874985,6.470016956329346,0.09268777817487717,3.4422600269317627,0.10521053522825241,16.44202423095703
464,2665,What kind of design is this sweater?,0,0.10669060051441193,0.0,0.11757213622331619,6.470016956329346,0.11436852067708969,3.460707426071167,0.23792991042137146,17.841394424438477
465,888,ISD confirmed February 8th and 9th. Does that work for you guys?,0,0.31742629408836365,0.0,0.37022536993026733,6.470016956329346,0.36658975481987,3.875730037689209,0.36658975481987,14.79703426361084
466,3538,Hello there. Is there any writing in this picture? Its a spherical sheer blue and I'm going to turn it right. Thanks.,1,0.2845759987831116,0.0,0.29421496391296387,6.470016956329346,0.3106943964958191,3.720620632171631,0.4493926465511322,14.400653839111328
467,1836,What's the title of this CD?,1,0.3208213150501251,0.0,0.37387582659721375,6.470016956329346,0.3380771279335022,3.8247504234313965,0.42250463366508484,8.993461608886719
468,3660,What is the color of this?,1,0.2751297354698181,0.0,0.34510529041290283,6.470016956329346,0.3380771279335022,4.087224006652832,0.28776782751083374,12.609809875488281
469,1784,"I know this is healthy choice, but what dinner is it?",1,0.28776782751083374,0.0,0.3380771279335022,6.470016956329346,0.3775406777858734,5.351809978485107,0.35220178961753845,15.716794967651367
470,68,What's the website?,0,0.4130035638809204,0.0,0.4493926465511322,6.470016956329346,0.45519861578941345,3.5305213928222656,0.16238002479076385,15.795406341552734
471,1077,What do each of the three check boxes say? In other words what is the text the left of these chekboxes in order?,0,0.25091278553009033,0.0,0.3073580265045166,6.470016956329346,0.2598256468772888,3.471356153488159,0.2146914154291153,16.52849769592285
472,934,Number of counter.,0,0.24798743426799774,0.0,0.2845759987831116,6.470016956329346,0.28140559792518616,3.5972375869750977,0.16238002479076385,12.87848949432373
473,2602,It's suppose to say on the back of the card what kind of wand that is. What it's made out of and so forth. I just wanted to know what it was. Thanks.,0,0.15002882480621338,0.0,0.16238002479076385,6.470016956329346,0.16238002479076385,3.739253044128418,0.10818894952535629,15.248313903808594
474,290,they would like for us to take an 8 digit id number,0,0.10669060051441193,0.0,0.11920291930437088,6.470016956329346,0.11124120652675629,3.472639799118042,0.13846179842948914,17.485597610473633
475,3593,What is this?,1,0.17328819632530212,0.0,0.2598256468772888,6.470016956329346,0.29098084568977356,6.055057525634766,0.2628418505191803,16.93312644958496
476,3722,What scent is this?,1,0.18476751446723938,0.0,0.2598256468772888,6.470016956329346,0.27202457189559937,4.842874050140381,0.2538610100746155,12.965716361999512
477,2008,What is this?,1,0.2018132209777832,0.0,0.2845759987831116,6.470016956329346,0.29421496391296387,5.627467155456543,0.4765796661376953,16.530746459960938
478,255,What is this?,0,0.14804719388484955,0.0,0.20946969091892242,6.470016956329346,0.19436782598495483,4.168195724487305,0.14706452190876007,17.092554092407227
479,3524,What's in this can?,1,0.15002882480621338,0.0,0.1710611879825592,6.470016956329346,0.15002882480621338,3.4603211879730225,0.19436782598495483,11.246478080749512
480,960,I'm trying to figure out if you could tell me what button to push.,1,0.1755380630493164,0.0,0.1919327974319458,6.470016956329346,0.18476751446723938,3.4500975608825684,0.3106943964958191,17.340394973754883
481,2699,Sky look like in this picture.,1,0.24508501589298248,0.0,0.28140559792518616,6.470016956329346,0.3073580265045166,4.6346869468688965,0.32423537969589233,17.374296188354492
482,2705,What color is this?,1,0.2751297354698181,0.0,0.34510529041290283,6.470016956329346,0.3380771279335022,4.266204357147217,0.314050555229187,11.572665214538574
483,1923,"I'm afraid the best I can do is send another photo, because this one was actually a photo from my photos. It's not one I just took.",0,0.20946969091892242,0.0,0.20689405500888824,6.470016956329346,0.2120688110589981,3.4751880168914795,0.19930800795555115,13.590245246887207
484,3697,What is this?,1,0.2598256468772888,0.0,0.37022536993026733,6.470016956329346,0.38861799240112305,6.127594470977783,0.6334102749824524,16.49735450744629
485,1899,Can you tell what this says?,1,0.18713268637657166,0.0,0.22270014882087708,6.470016956329346,0.20689405500888824,3.6685774326324463,0.33111974596977234,13.334589958190918
486,2696,What flavor biscuits are these?,0,0.037326883524656296,0.0,0.042087726294994354,6.470016956329346,0.03963884338736534,3.46661376953125,0.09334687888622284,17.22958755493164
487,233,Is it possible then that we have a blank screen? If so this may mean that something is happening.,1,0.2120688110589981,0.0,0.2538610100746155,6.470016956329346,0.2658804953098297,4.37498140335083,0.2146914154291153,13.737895965576172
488,1895,Does that sign say?,1,0.5117166042327881,0.0,0.6113819479942322,6.470016956329346,0.622459352016449,5.181206226348877,0.8933094143867493,16.904312133789062
489,163,What does this say?,1,0.230919748544693,0.0,0.29098084568977356,6.470016956329346,0.2658804953098297,3.912412166595459,0.5156199336051941,16.30797004699707
490,3636,Second attempt. Trying to find the model number and serial number for a clothes dryer. Thank you.,0,0.14414885640144348,0.0,0.15203224122524261,6.470016956329346,0.15002882480621338,3.461184024810791,0.10669060051441193,14.748930931091309
491,70,Can you tell me what this bottle says?,1,0.4339814782142639,0.0,0.5195213556289673,6.470016956329346,0.49609383940696716,3.9612936973571777,0.7025300860404968,15.862872123718262
492,1086,"What does it show on the screen?  If you can't tell me what it shows on the screen, then please tell me what I can do to improve this image.",1,0.2766905426979065,0.0,0.2991051971912384,6.470016956329346,0.2925953269004822,3.5362367630004883,0.4073334336280823,11.398805618286133
493,1080,What does this say on my screen?,1,0.314050555229187,0.0,0.3775406777858734,6.470016956329346,0.36296921968460083,3.851335048675537,0.5544704794883728,13.811593055725098
494,1018,What is on the screen of this Sirius radio?,1,0.1755380630493164,0.0,0.2254166156053543,6.470016956329346,0.20434190332889557,3.9162068367004395,0.21733751893043518,13.008769989013672
495,1949,"This is a package of something, What is it?",1,0.22000709176063538,0.0,0.2782568037509918,6.470016956329346,0.2782568037509918,4.137545585632324,0.3106943964958191,12.9266357421875
496,3729,Is the color?,1,0.3073580265045166,0.0,0.3812195658683777,6.470016956329346,0.3415825068950653,3.750873327255249,0.3923368453979492,12.108017921447754
497,876,What is this?,1,0.2018132209777832,0.0,0.2751297354698181,6.470016956329346,0.28140559792518616,5.109877109527588,0.4263215959072113,15.5409574508667
498,1094,What make is this laptop?,0,0.16885696351528168,0.0,0.2254166156053543,6.470016956329346,0.1919327974319458,3.4705588817596436,0.08945459872484207,16.620920181274414
499,225,What is the time shown on the screen?,0,0.07807815819978714,0.0,0.09268777817487717,6.470016956329346,0.07807815819978714,3.4349541664123535,0.14128142595291138,17.8903751373291
500,1853,What is this?,0,0.230919748544693,0.0,0.3345894515514374,6.470016956329346,0.34510529041290283,5.872314453125,0.23370634019374847,17.731840133666992
501,1835,Is this keyboard a bluetooth item?,0,0.14033624529838562,0.0,0.1561049073934555,6.470016956329346,0.14804719388484955,3.4262843132019043,0.3415825068950653,11.526216506958008
502,2606,What is this shirt?,1,0.314050555229187,0.0,0.4073334336280823,6.470016956329346,0.39981165528297424,4.434900760650635,0.3486451506614685,13.803945541381836
503,2661,Expiration date.,0,0.36296921968460083,0.0,0.41869691014289856,6.470016956329346,0.39981165528297424,3.710554838180542,0.4493926465511322,17.786998748779297
504,1141,Describe all the picture in this link.,0,0.27202457189559937,0.0,0.30404165387153625,6.470016956329346,0.29421496391296387,3.6468605995178223,0.3073580265045166,11.21198558807373
505,1834,What does this say?,1,0.2751297354698181,0.0,0.3106943964958191,6.470016956329346,0.30074557662010193,3.482187271118164,0.8244618773460388,16.927244186401367
506,2671,What kind of flour is this? All purpose or self rising?,0,0.14033624529838562,0.0,0.15203224122524261,6.470016956329346,0.15817435085773468,3.6786317825317383,0.1200256273150444,19.234283447265625
507,3708,What is it?,0,0.2689414322376251,0.0,0.35220178961753845,6.470016956329346,0.32423537969589233,3.8493919372558594,0.15002882480621338,18.494308471679688
508,1166,What is this?,1,0.18010665476322174,0.0,0.25091278553009033,6.470016956329346,0.2422056347131729,4.853830337524414,0.49218812584877014,16.316415786743164
509,917,What is on my screen?,1,0.3208213150501251,0.0,0.42250463366508484,6.470016956329346,0.37387582659721375,4.0898003578186035,0.39606815576553345,15.14371395111084
510,3497,Which wine is this?,1,0.19930800795555115,0.0,0.2393493503332138,6.470016956329346,0.230919748544693,4.242557525634766,0.34510529041290283,13.89775276184082
511,3754,Where are the whiteboard markers?,1,0.21733751893043518,0.0,0.2658804953098297,6.470016956329346,0.25091278553009033,3.914365291595459,0.2568320035934448,12.18284797668457
512,3719,what are the cooking instructions for these?,0,0.19930800795555115,0.0,0.2568320035934448,6.470016956329346,0.20946969091892242,3.471405506134033,0.15713685750961304,16.471832275390625
513,2674,What is in that bottle?,1,0.14033624529838562,0.0,0.22270014882087708,6.470016956329346,0.19682620465755463,4.2256574630737305,0.24798743426799774,14.559608459472656
514,2638,What kind of meat is this? Thank you.,1,0.2751297354698181,0.0,0.32423537969589233,6.470016956329346,0.3415825068950653,4.376523017883301,0.2689414322376251,13.82628345489502
515,41,Please tell me what is in this food packaging. I know it's a Tesco's Indian meal of some kind. ,0,0.39981165528297424,0.0,0.46490156650543213,6.470016956329346,0.4532618820667267,3.673372268676758,0.1919327974319458,14.612992286682129
516,3742,Is this vanilla coffee?,1,0.09138210862874985,0.0,0.09807932376861572,6.470016956329346,0.10230470448732376,4.150368690490723,0.05184547230601311,11.187098503112793
517,976,What are key resources are managers for assisting with loss prevention? ,0,0.3557748794555664,0.0,0.4532618820667267,6.470016956329346,0.3812195658683777,3.4500551223754883,0.1710611879825592,14.879780769348145
518,1989,What is this?,0,0.22270014882087708,0.0,0.30404165387153625,6.470016956329346,0.28140559792518616,4.444418430328369,0.20689405500888824,17.408945083618164
519,118,Please tell me the name of this book.,0,0.3106943964958191,0.0,0.37022536993026733,6.470016956329346,0.36296921968460083,4.2394843101501465,0.32766830921173096,11.619081497192383
520,1935,What is this?,1,0.30074557662010193,0.0,0.41111084818840027,6.470016956329346,0.4532618820667267,6.509945392608643,0.531209409236908,16.726625442504883
521,1148,Are my posters lined up?,1,0.1127953976392746,0.0,0.10970577597618103,6.470016956329346,0.1208532303571701,4.207698345184326,0.06008664518594742,13.275240898132324
522,2012,Are these CDs or DVDs? ,1,0.18476751446723938,0.0,0.21733751893043518,6.470016956329346,0.20689405500888824,4.550832271575928,0.15817435085773468,12.259049415588379
523,1147,"I have one more question about the same image which is. Do you see something that says removable drive or USB drive or something like that. If you do, what position",1,0.16451644897460938,0.0,0.2018132209777832,6.470016956329346,0.18242551386356354,3.96630859375,0.2120688110589981,14.138513565063477
524,1033,Can you please describe in detail what is happening on the screen or what is on the screen? Thank you.,0,0.3557748794555664,0.0,0.4455295503139496,6.470016956329346,0.43014732003211975,4.60347318649292,0.24798743426799774,12.581775665283203
525,1140,What is this?,1,0.22000709176063538,0.0,0.3073580265045166,6.470016956329346,0.3073580265045166,5.495495319366455,0.41869691014289856,16.848527908325195
526,2767,Is this stripes or flowers?,1,0.16451644897460938,0.0,0.2018132209777832,6.470016956329346,0.1919327974319458,4.6726975440979,0.16451644897460938,11.149931907653809
527,36,What does this note say?,0,0.2146914154291153,0.0,0.28140559792518616,6.470016956329346,0.23370634019374847,3.4696033000946045,0.11516223102807999,16.380603790283203
528,3545,What is this?,1,0.34510529041290283,0.0,0.4339814782142639,6.470016956329346,0.46490156650543213,5.982064247131348,0.4035668969154358,15.875570297241211
529,259,"OK, lets try this again and see if this works. Do you see any kind of an ID number here that would tell me what is what so that I can get disconnected?",1,0.2018132209777832,0.0,0.23370634019374847,6.470016956329346,0.22000709176063538,3.4925968647003174,0.20946969091892242,15.935646057128906
530,2759,What is this?,1,0.3593641519546509,0.0,0.4532618820667267,6.470016956329346,0.5078118443489075,6.469216346740723,0.4455295503139496,16.30939292907715
531,130,"Ok I have taken a picture of a sticker close up now hopefully you can see it. Again, I need the model number. Thank You",0,0.2393493503332138,0.0,0.2751297354698181,6.470016956329346,0.25091278553009033,3.4746921062469482,0.18010665476322174,13.273088455200195
532,3689,What is this title?,1,0.2628418505191803,0.0,0.29421496391296387,6.470016956329346,0.2845759987831116,4.026179790496826,0.3775406777858734,11.04041576385498
533,2811,Can you identify the specific brand?,0,0.09401018917560577,0.0,0.10970577597618103,6.470016956329346,0.09534946084022522,3.4711904525756836,0.09467770159244537,12.77580451965332
534,1029,What exactly does it show on the screen?,0,0.5660185217857361,0.0,0.6584175229072571,6.470016956329346,0.6513549089431763,4.802624702453613,0.21733751893043518,18.225204467773438
535,3760,What is this? ,1,0.4073334336280823,0.0,0.5039061903953552,6.470016956329346,0.5660185217857361,6.759431838989258,0.562176525592804,17.055334091186523
536,2619,What is this?,1,0.23651622235774994,0.0,0.32766830921173096,6.470016956329346,0.36296921968460083,6.5404582023620605,0.562176525592804,16.7362060546875
537,946,what company is this my hotspot from?,1,0.32423537969589233,0.0,0.38861799240112305,6.470016956329346,0.3812195658683777,4.055357456207275,0.41111084818840027,15.458398818969727
538,3641,What are the . . .  What are the letters and words?,1,0.2538610100746155,0.0,0.30074557662010193,6.470016956329346,0.28776782751083374,3.6943719387054443,0.4035668969154358,10.6129150390625
539,2713,What is this?,1,0.14414885640144348,0.0,0.22270014882087708,6.470016956329346,0.2422056347131729,6.3434906005859375,0.2704802453517914,17.60569953918457
540,1787,What is this?,1,0.2422056347131729,0.0,0.33111974596977234,6.470016956329346,0.3345894515514374,5.46791934967041,0.5583269596099854,16.48447036743164
541,1100,"I had to do a whole new character thing, I forgot to fill something out so can you tell me what this security thing is?",0,0.20434190332889557,0.0,0.23370634019374847,6.470016956329346,0.23651622235774994,3.5556588172912598,0.1710611879825592,11.793481826782227
542,1916,What kind of meds are these?,1,0.2146914154291153,0.0,0.2782568037509918,6.470016956329346,0.28776782751083374,4.4033074378967285,0.30074557662010193,14.349748611450195
543,2640,What brand and flavor is this?,0,0.14033624529838562,0.0,0.1755380630493164,6.470016956329346,0.15002882480621338,3.4679038524627686,0.13117322325706482,16.984704971313477
544,1002,Is there a shortcut key combination I can get to start the install?,0,0.2538610100746155,0.0,0.30074557662010193,6.470016956329346,0.27202457189559937,3.435727834701538,0.3106943964958191,16.130779266357422
545,2734,"I think this is peach, but does it say if it is sweet or made with Splenda?",0,0.11596070975065231,0.0,0.12252321094274521,6.470016956329346,0.11920291930437088,3.5942811965942383,0.12940272688865662,14.434783935546875
546,1126,what is on my table?,1,0.3380771279335022,0.0,0.44167301058769226,6.470016956329346,0.4455295503139496,4.9886016845703125,0.46490156650543213,16.96275520324707
547,2778,What can you see in this picture?  Thanks.,1,0.2782568037509918,0.0,0.31742629408836365,6.470016956329346,0.34510529041290283,4.9596638679504395,0.7826625108718872,19.10059356689453
548,1816,What time does this say.,1,0.20689405500888824,0.0,0.2568320035934448,6.470016956329346,0.24798743426799774,4.178725242614746,0.2568320035934448,17.05179214477539
549,3534,can you please me what this is thank you,1,0.3415825068950653,0.0,0.39981165528297424,6.470016956329346,0.41869691014289856,4.6900410652160645,0.7690802216529846,18.426240921020508
550,1982,What is this?,1,0.2393493503332138,0.0,0.31742629408836365,6.470016956329346,0.3593641519546509,6.002246856689453,0.39606815576553345,16.89555549621582
551,1006,"What text is on my computer screen in this image, if any?",1,0.14608724415302277,0.0,0.19436782598495483,6.470016956329346,0.15817435085773468,3.490577459335327,0.28140559792518616,15.485176086425781
552,1863,What color is this shirt? ,1,0.35220178961753845,0.0,0.43014732003211975,6.470016956329346,0.43782350420951843,4.907491683959961,0.29421496391296387,13.46389389038086
553,2877,What is in this box?,1,0.18713268637657166,0.0,0.2422056347131729,6.470016956329346,0.28140559792518616,5.007448196411133,0.22270014882087708,13.706789016723633
554,293,"Can you get up from your chair, walk across the room and slap Walter?",0,0.04958902671933174,0.0,0.052618954330682755,6.470016956329346,0.04958902671933174,3.544374465942383,0.09534946084022522,15.71630859375
555,2002,What color is this?,1,0.3775406777858734,0.0,0.4765796661376953,6.470016956329346,0.46101680397987366,4.955641746520996,0.5350984334945679,13.207962036132812
556,1151,"please tell me what's on the screen, thank you.",1,0.29421496391296387,0.0,0.3380771279335022,6.470016956329346,0.3415825068950653,4.0900092124938965,0.49218812584877014,16.19308090209961
557,3516,Can you tell me what this meat packet is? Thank you.,1,0.2782568037509918,0.0,0.33111974596977234,6.470016956329346,0.3380771279335022,4.23209810256958,0.5234203934669495,18.422151565551758
558,2868,What kind of coffee is this?,1,0.25091278553009033,0.0,0.33111974596977234,6.470016956329346,0.3557748794555664,4.728601932525635,0.3345894515514374,13.6018705368042
559,1804,What is in this can? Thank you.,1,0.34510529041290283,0.0,0.43014732003211975,6.470016956329346,0.43014732003211975,4.876339912414551,0.4263215959072113,14.775275230407715
560,1994,What color is this?,1,0.3557748794555664,0.0,0.44167301058769226,6.470016956329346,0.43782350420951843,4.862380504608154,0.4339814782142639,13.2188081741333
561,922,"Can you tell me what the security question, or the security numbers and letter are so I can add this into my edit field? Thanks.",0,0.13117322325706482,0.0,0.1561049073934555,6.470016956329346,0.13660839200019836,3.440122127532959,0.0844927579164505,12.96925163269043
562,1134,can you tell me what this paper is?,0,0.13477592170238495,0.0,0.1755380630493164,6.470016956329346,0.1561049073934555,3.781081438064575,0.12421300262212753,17.189937591552734
563,2748,what is on this page?,1,0.2845759987831116,0.0,0.3557748794555664,6.470016956329346,0.3345894515514374,3.9761202335357666,0.43014732003211975,14.3643159866333
564,3657,What does the the CAPTCHA say?,1,0.20689405500888824,0.0,0.2598256468772888,6.470016956329346,0.230919748544693,3.6470422744750977,0.3363310396671295,13.37478256225586
565,216,Please identify what's on the screen.,1,0.4035668969154358,0.0,0.4687906503677368,6.470016956329346,0.45713675022125244,4.258370876312256,0.5117166042327881,11.583041191101074
566,991,What is written on the display?,0,0.3073580265045166,0.0,0.39981165528297424,6.470016956329346,0.35220178961753845,3.792752981185913,0.18242551386356354,14.267104148864746
567,1888,Fuck this,0,0.27202457189559937,0.0,0.29421496391296387,6.470016956329346,0.2845759987831116,3.576923131942749,0.19930800795555115,16.951690673828125
568,3475,What is in this can?,1,0.15817435085773468,0.0,0.19682620465755463,6.470016956329346,0.18010665476322174,3.9554765224456787,0.2146914154291153,15.10591983795166
569,1142,"Hopefully I should now be in the boot device selection screen.  Once again, which device is highlighted now? Thank you so much for the help.  Really appreciate it. ",1,0.4035668969154358,0.0,0.47268345952033997,6.470016956329346,0.46101680397987366,3.885824203491211,0.4765796661376953,17.343101501464844
570,217,Ok.  This is a picture with a different angle.  Do you see another an id number now with the RT systems software?,1,0.2658804953098297,0.0,0.3073580265045166,6.470016956329346,0.29098084568977356,3.612950086593628,0.2393493503332138,14.450762748718262
571,931,"This is the display of a treadmill, can you tell me the distance in miles off the top display please? Thank you. ",0,0.13846179842948914,0.0,0.1540575623512268,6.470016956329346,0.15002882480621338,3.5412561893463135,0.30074557662010193,15.756264686584473
572,1974,What is this?,1,0.2598256468772888,0.0,0.3557748794555664,6.470016956329346,0.39606815576553345,6.374898433685303,0.4493926465511322,15.610258102416992
573,2862,What color is this shirt?,1,0.31742629408836365,0.0,0.4035668969154358,6.470016956329346,0.3849121630191803,4.692389011383057,0.3923368453979492,11.37503719329834
574,3671,What kind of coffee is this?,1,0.19682620465755463,0.0,0.2422056347131729,6.470016956329346,0.2658804953098297,4.2054314613342285,0.27202457189559937,13.692032814025879
575,2641,What kind of fish did I get out of the freezer,1,0.18476751446723938,0.0,0.21733751893043518,6.470016956329346,0.2538610100746155,4.923994541168213,0.22815649211406708,14.487064361572266
576,23,Can you tell what this is?,1,0.2689414322376251,0.0,0.34510529041290283,6.470016956329346,0.3486451506614685,5.073565483093262,0.837619960308075,17.174633026123047
577,3598,What is the title of this book?,0,0.18713268637657166,0.0,0.19930800795555115,6.470016956329346,0.19436782598495483,3.471356153488159,0.2254166156053543,10.228537559509277
578,3734,What is it?,1,0.3593641519546509,0.0,0.5039061903953552,6.470016956329346,0.5,5.517489433288574,0.6242935061454773,15.371495246887207
579,3634,What is in this box? Can you see the brand name?,1,0.4765796661376953,0.0,0.562176525592804,6.470016956329346,0.562176525592804,3.8660292625427246,0.5117166042327881,10.388640403747559
580,1735,What is this?,1,0.2146914154291153,0.0,0.29746994376182556,6.470016956329346,0.28776782751083374,4.8000102043151855,0.4532618820667267,16.35787582397461
581,3493,"What is the picture of? In other words, what's in the picture?",1,0.22815649211406708,0.0,0.2751297354698181,6.470016956329346,0.2782568037509918,4.123986721038818,0.30074557662010193,13.473294258117676
582,116,What is this?,1,0.21733751893043518,0.0,0.31742629408836365,6.470016956329346,0.29421496391296387,4.572402000427246,0.49218812584877014,16.36022186279297
583,872,Can you read any of the text on the bottle to tell me what it is? Thank you.,0,0.16026602685451508,0.0,0.19682620465755463,6.470016956329346,0.18010665476322174,3.5909669399261475,0.4263215959072113,14.608427047729492
584,1831,Does this oven seem ready?,0,0.18476751446723938,0.0,0.19682620465755463,6.470016956329346,0.2018132209777832,3.596341133117676,0.29421496391296387,16.01304817199707
585,1740,What kind of braille display is this?,1,0.29098084568977356,0.0,0.36658975481987,6.470016956329346,0.3486451506614685,3.8291475772857666,0.28140559792518616,13.836880683898926
586,3631,What kind of can is this?,1,0.32766830921173096,0.0,0.38861799240112305,6.470016956329346,0.4035668969154358,4.120516300201416,0.36658975481987,13.593793869018555
587,1737,"I know this is suntan lotion, but I was wondering which factor it is, if you can see, please.",1,0.314050555229187,0.0,0.36296921968460083,6.470016956329346,0.3486451506614685,3.6493074893951416,0.3415825068950653,13.342339515686035
588,218,What is the person doing?,1,0.27202457189559937,0.0,0.36296921968460083,6.470016956329346,0.34510529041290283,4.7673468589782715,0.3775406777858734,15.440542221069336
589,1959,What flavor soup is this? ,0,0.09534946084022522,0.0,0.11124120652675629,6.470016956329346,0.10087861120700836,3.459303617477417,0.10669060051441193,17.51114845275879
590,283,What is this?,1,0.1919327974319458,0.0,0.2628418505191803,6.470016956329346,0.24508501589298248,4.161797523498535,0.34510529041290283,15.6651029586792
591,1882,What is the color of this fabric?,1,0.3486451506614685,0.0,0.42250463366508484,6.470016956329346,0.41869691014289856,4.721169471740723,0.3923368453979492,13.880942344665527
592,310,Was I able to clear either of the mirrors of the OK button?,0,0.09534946084022522,0.0,0.09268777817487717,6.470016956329346,0.10230470448732376,3.771389961242676,0.19314737617969513,19.24939727783203
593,215,Can you describe what is on the case of this DVD?,0,0.3380771279335022,0.0,0.4035668969154358,6.470016956329346,0.4035668969154358,4.224667549133301,0.1550784707069397,14.495529174804688
594,935,What was that item I just took a picture of?,1,0.2538610100746155,0.0,0.31742629408836365,6.470016956329346,0.29098084568977356,3.564706802368164,0.3849121630191803,13.719552040100098
595,81,What is this show? ,1,0.2628418505191803,0.0,0.3415825068950653,6.470016956329346,0.31742629408836365,4.542489528656006,0.41111084818840027,14.040902137756348
596,2830,What is this?,1,0.2393493503332138,0.0,0.32423537969589233,6.470016956329346,0.35220178961753845,5.579366683959961,0.40544870495796204,16.67255973815918
597,1907,What is this document? ,1,0.24798743426799774,0.0,0.31742629408836365,6.470016956329346,0.28140559792518616,3.995086431503296,0.3486451506614685,15.46617603302002
598,3706,What kind of coffee is this?,1,0.18010665476322174,0.0,0.2254166156053543,6.470016956329346,0.22270014882087708,3.7783401012420654,0.22000709176063538,14.856529235839844
599,1997,What is the flavor of this?,1,0.13846179842948914,0.0,0.18476751446723938,6.470016956329346,0.16667540371418,3.787372350692749,0.2628418505191803,14.482351303100586
600,911,Please read what's on the screen.,0,0.2568320035934448,0.0,0.29098084568977356,6.470016956329346,0.2751297354698181,3.56174373626709,0.32766830921173096,12.295662879943848
601,1155,"What is the captcha, please?",1,0.2422056347131729,0.0,0.29746994376182556,6.470016956329346,0.2628418505191803,3.522321939468384,0.37022536993026733,11.193805694580078
602,265,What does this say?,1,0.28937169909477234,0.0,0.3345894515514374,6.470016956329346,0.3208213150501251,3.4864416122436523,0.5428633093833923,14.692769050598145
603,1779,What is it?,1,0.3208213150501251,0.0,0.41869691014289856,6.470016956329346,0.41111084818840027,4.928721904754639,0.6825737357139587,16.67779541015625
604,1819,Coffee is this?,1,0.22815649211406708,0.0,0.2751297354698181,6.470016956329346,0.27202457189559937,3.7667460441589355,0.2751297354698181,12.933503150939941
605,2789,What is in this bag? Thank you.,1,0.38861799240112305,0.0,0.4804786741733551,6.470016956329346,0.49609383940696716,5.149939060211182,0.5660185217857361,15.537869453430176
606,3614,When does this expire?,0,0.15002882480621338,0.0,0.18010665476322174,6.470016956329346,0.15817435085773468,3.4624059200286865,0.13296423852443695,17.374189376831055
607,1024,Can you please identify what's on the computer screen for me please?,1,0.37387582659721375,0.0,0.42250463366508484,6.470016956329346,0.43014732003211975,4.636882305145264,0.43782350420951843,14.09173583984375
608,996,What is this?,1,0.2658804953098297,0.0,0.36296921968460083,6.470016956329346,0.38861799240112305,6.155068397521973,0.5117166042327881,16.654470443725586
609,182,Real pun.,0,0.23370634019374847,0.0,0.2658804953098297,6.470016956329346,0.2568320035934448,3.5720643997192383,0.2628418505191803,16.379297256469727
610,42,What is this receipt about and is there a phone number?,0,0.314050555229187,0.0,0.4148988127708435,6.470016956329346,0.34510529041290283,3.468595027923584,0.3380771279335022,15.21399974822998
611,161,Can you give me an idea of what's on the screen? Thank you.,1,0.41869691014289856,0.0,0.4882833957672119,6.470016956329346,0.4882833957672119,4.743050575256348,0.7905303239822388,17.66685676574707
612,1125,Who is this picture?,1,0.22815649211406708,0.0,0.2538610100746155,6.470016956329346,0.23651622235774994,3.6857149600982666,0.30074557662010193,12.309877395629883
613,3707,could you give me the name and possible the brand of lavender bath soap this is,1,0.2845759987831116,0.0,0.3380771279335022,6.470016956329346,0.3073580265045166,3.465242624282837,0.49609383940696716,14.211902618408203
614,3494,What is this?,1,0.18476751446723938,0.0,0.2422056347131729,6.470016956329346,0.24508501589298248,4.630137920379639,0.36658975481987,15.805914878845215
615,3562,What kind of can food is this?,1,0.29421496391296387,0.0,0.36296921968460083,6.470016956329346,0.3486451506614685,3.8599729537963867,0.31742629408836365,12.893463134765625
616,22,What is this color and pattern? There's some sort of pattern on my left chest there. Describe. ,1,0.3923368453979492,0.0,0.4493926465511322,6.470016956329346,0.4687906503677368,4.820855140686035,0.6791787147521973,16.437788009643555
617,141,Can you please describe to me what's on the page and its orientation? Thank you,1,0.49609383940696716,0.0,0.5428633093833923,6.470016956329346,0.5583269596099854,4.595710754394531,0.9278878569602966,19.318973541259766
618,2901,What color is this? Thank you.,1,0.30074557662010193,0.0,0.36658975481987,6.470016956329346,0.36658975481987,4.752374649047852,0.29421496391296387,12.100372314453125
619,3745,What is this picture of?,1,0.2538610100746155,0.0,0.29098084568977356,6.470016956329346,0.33111974596977234,5.860738754272461,0.3557748794555664,15.90420913696289
620,1730,What is in this bottle?,0,0.08509904146194458,0.0,0.12421300262212753,6.470016956329346,0.09268777817487717,3.4363811016082764,0.06465348601341248,20.632848739624023
621,3569,Franklin considered moral perfection to be an?,0,0.1919327974319458,0.0,0.2422056347131729,6.470016956329346,0.20434190332889557,3.473313570022583,0.14608724415302277,12.776748657226562
622,2038,What is it?,1,0.2782568037509918,0.0,0.37387582659721375,6.470016956329346,0.32423537969589233,3.7178266048431396,0.637030839920044,16.41184425354004
623,3781,What does this say?,0,0.1540575623512268,0.0,0.18476751446723938,6.470016956329346,0.16238002479076385,3.4594972133636475,0.1755380630493164,14.604781150817871
624,1900,What magazine is this?,1,0.47268345952033997,0.0,0.5544704794883728,6.470016956329346,0.5660185217857361,5.073949813842773,0.4035668969154358,12.659218788146973
625,3698,What kind of cigar is this?Does this vibrate?I don't know.,1,0.21733751893043518,0.0,0.24508501589298248,6.470016956329346,0.230919748544693,3.570037364959717,0.230919748544693,11.296305656433105
626,2888,Is this page of text blurry or clear?,1,0.18952108919620514,0.0,0.2254166156053543,6.470016956329346,0.20946969091892242,4.232822895050049,0.19930800795555115,9.265754699707031
627,1993,What is this?,0,0.17328819632530212,0.0,0.230919748544693,6.470016956329346,0.22000709176063538,4.501850605010986,0.169956237077713,17.502296447753906
628,1925,Where is the menu button?,1,0.2393493503332138,0.0,0.29098084568977356,6.470016956329346,0.2689414322376251,3.5863797664642334,0.22815649211406708,14.363588333129883
629,11,What about the signery.,0,0.22815649211406708,0.0,0.2628418505191803,6.470016956329346,0.24798743426799774,3.5007123947143555,0.3073580265045166,13.983574867248535
630,134,Can you tell us what this screen says? Thanks.,1,0.2598256468772888,0.0,0.3073580265045166,6.470016956329346,0.29746994376182556,3.9592747688293457,0.5350984334945679,10.931864738464355
631,1102,Can you tell what the screen says? ,1,0.35220178961753845,0.0,0.43014732003211975,6.470016956329346,0.4339814782142639,5.130745887756348,0.49609383940696716,14.190357208251953
632,2042,What is this?,1,0.15002882480621338,0.0,0.2393493503332138,6.470016956329346,0.22270014882087708,5.486660480499268,0.34334173798561096,16.266693115234375
633,3705,What does this say?,1,0.20689405500888824,0.0,0.27202457189559937,6.470016956329346,0.2658804953098297,4.230751991271973,0.4339814782142639,15.321181297302246
634,3505,What colors are in this material?,1,0.41111084818840027,0.0,0.49609383940696716,6.470016956329346,0.47268345952033997,4.176741600036621,0.5156199336051941,16.357091903686523
635,1091,What's on the screen?,1,0.33111974596977234,0.0,0.41111084818840027,6.470016956329346,0.4148988127708435,4.594088554382324,0.39981165528297424,14.494291305541992
636,2842,What colors are on this shirt?,1,0.36296921968460083,0.0,0.43782350420951843,6.470016956329346,0.42250463366508484,4.317999839782715,0.44167301058769226,16.1030216217041
637,158,"Yes, can you please tell me what this screen says? I seem to have an error booting up my computer. ",1,0.23651622235774994,0.0,0.28776782751083374,6.470016956329346,0.2782568037509918,3.6351242065429688,0.3106943964958191,15.834674835205078
638,1761,Can you tell me what is lying on the table?  Am I using the right camera?  Tell me what you see a picture of.,1,0.46490156650543213,0.0,0.5350984334945679,6.470016956329346,0.5428633093833923,4.606155872344971,0.7279754281044006,13.66689395904541
639,885,What is this please?,0,0.22270014882087708,0.0,0.2751297354698181,6.470016956329346,0.27202457189559937,4.327394485473633,0.16026602685451508,15.860831260681152
640,270,What does this computer screen say?,1,0.3593641519546509,0.0,0.4339814782142639,6.470016956329346,0.39981165528297424,3.6173553466796875,0.46490156650543213,11.80789566040039
641,2903,Can you please describe the card and is it right side up?,1,0.4073334336280823,0.0,0.4804786741733551,6.470016956329346,0.4843800961971283,4.6797566413879395,0.66888028383255,13.116270065307617
642,1035,One more try with this label to see if we can figure out what it is.,0,0.11124120652675629,0.0,0.1208532303571701,6.470016956329346,0.11596070975065231,3.5464649200439453,0.16026602685451508,14.562535285949707
643,2035,What is this medicine?,1,0.2120688110589981,0.0,0.3208213150501251,6.470016956329346,0.28776782751083374,4.30634880065918,0.46101680397987366,13.063621520996094
644,27,Can you tell me what these are please?,1,0.2568320035934448,0.0,0.34510529041290283,6.470016956329346,0.31742629408836365,4.120469093322754,0.637030839920044,17.19363021850586
645,2858,What kind of animal is this?,1,0.07055959850549698,0.0,0.09268777817487717,6.470016956329346,0.09401018917560577,5.26587438583374,0.1037486270070076,13.50344467163086
646,898,What is the captcha code?,1,0.17781086266040802,0.0,0.23370634019374847,6.470016956329346,0.20434190332889557,3.961015224456787,0.3486451506614685,13.08823299407959
647,3709,What's the date under?,0,0.13846179842948914,0.0,0.17328819632530212,6.470016956329346,0.14608724415302277,3.4982151985168457,0.12252321094274521,11.061994552612305
648,2004,What is this?,1,0.1919327974319458,0.0,0.24798743426799774,6.470016956329346,0.2422056347131729,4.7284111976623535,0.4339814782142639,16.692890167236328
649,1911,How long do I cook this for?,0,0.15817435085773468,0.0,0.18713268637657166,6.470016956329346,0.1710611879825592,3.4619247913360596,0.10818894952535629,19.563575744628906
650,3710,Can you please tell what's in this bottle?,0,0.0792103260755539,0.0,0.09268777817487717,6.470016956329346,0.08151975274085999,3.465451955795288,0.046378206461668015,16.798965454101562
651,1814,What color is this shirt?,0,0.11757213622331619,0.0,0.13660839200019836,6.470016956329346,0.13660839200019836,3.6846554279327393,0.10087861120700836,17.464279174804688
652,73,what does the sky look like in this photograph,1,0.43014732003211975,0.0,0.5156199336051941,6.470016956329346,0.5506073832511902,5.207459449768066,0.4148988127708435,16.455480575561523
653,2809,What kind of muffin is this?,1,0.2422056347131729,0.0,0.29421496391296387,6.470016956329346,0.32423537969589233,5.1161580085754395,0.37022536993026733,14.076765060424805
654,1995,Is this bag black and white?,1,0.16026602685451508,0.0,0.17781086266040802,6.470016956329346,0.16667540371418,4.392676830291748,0.09534946084022522,11.440377235412598
655,3604,This cheese have mold? Does this cheese have mold?,1,0.09138210862874985,0.0,0.11124120652675629,6.470016956329346,0.09534946084022522,3.816934823989868,0.16885696351528168,14.141153335571289
656,3728,What is this item?,1,0.28140559792518616,0.0,0.35220178961753845,6.470016956329346,0.36658975481987,5.4212541580200195,0.39606815576553345,12.951303482055664
657,1030,What kind of card is this?,0,0.23370634019374847,0.0,0.3106943964958191,6.470016956329346,0.28776782751083374,3.6859323978424072,0.1859472095966339,17.282886505126953
658,2882,What are the characters in this CAPTCHA image?,1,0.2254166156053543,0.0,0.25091278553009033,6.470016956329346,0.25091278553009033,3.5593042373657227,0.32766830921173096,14.328076362609863
659,2689,"What is the name of this yogurt, and is it fat free or any information you can give me?",1,0.4035668969154358,0.0,0.4843800961971283,6.470016956329346,0.46101680397987366,4.100539207458496,0.6477982401847839,14.121837615966797
660,1954,What is this?,1,0.17781086266040802,0.0,0.25091278553009033,6.470016956329346,0.22815649211406708,4.360962867736816,0.3923368453979492,16.70028305053711
661,1854,What is this?,1,0.2751297354698181,0.0,0.36658975481987,6.470016956329346,0.3775406777858734,5.319681167602539,0.4339814782142639,16.469032287597656
662,103,"this is a picture of a home i'm planning to buy, does it look like its in a safe neighborhood? ",1,0.13477592170238495,0.0,0.14033624529838562,6.470016956329346,0.16026602685451508,4.411888122558594,0.05070536211133003,18.481849670410156
663,2702,What is this?,1,0.18476751446723938,0.0,0.2628418505191803,6.470016956329346,0.28776782751083374,6.1759185791015625,0.4263215959072113,16.39325523376465
664,46,What is the expiration date on this bus pass?,1,0.2658804953098297,0.0,0.30404165387153625,6.470016956329346,0.30074557662010193,3.6605467796325684,0.2120688110589981,16.125999450683594
665,3663,"what container is this, please?",1,0.33111974596977234,0.0,0.4339814782142639,6.470016956329346,0.4073334336280823,4.399475574493408,0.3812195658683777,10.417744636535645
666,3713,What is that in the wall?,1,0.35220178961753845,0.0,0.4843800961971283,6.470016956329346,0.4882833957672119,5.117434024810791,0.5234203934669495,13.268623352050781
667,1769,Can you please describe to me what's on the card and its orientation? Thank you. ,1,0.5583269596099854,0.0,0.622459352016449,6.470016956329346,0.6261242032051086,4.713438987731934,0.894789457321167,18.74512481689453
668,1791,What kind of dinner is this?,1,0.4455295503139496,0.0,0.5195213556289673,6.470016956329346,0.5698526501655579,4.685222148895264,0.4339814782142639,13.031877517700195
669,306,What is it?,1,0.2751297354698181,0.0,0.3812195658683777,6.470016956329346,0.38861799240112305,5.536478042602539,0.5117166042327881,15.721063613891602
670,2642,What brand is this recorder?,1,0.4263215959072113,0.0,0.5195213556289673,6.470016956329346,0.5234203934669495,4.618623733520508,0.36658975481987,13.321967124938965
671,2036,What is this?,1,0.3557748794555664,0.0,0.4493926465511322,6.470016956329346,0.4843800961971283,6.01370906829834,0.5660185217857361,14.472977638244629
672,3791,What am I looking at?,1,0.3208213150501251,0.0,0.4148988127708435,6.470016956329346,0.44167301058769226,6.338973522186279,0.6297746300697327,17.082502365112305
673,1771,What does the screen say?,1,0.3208213150501251,0.0,0.4148988127708435,6.470016956329346,0.3812195658683777,3.8782455921173096,0.5660185217857361,14.79300594329834
674,2010,What color is the embroidery in these jeans?,1,0.43782350420951843,0.0,0.5117166042327881,6.470016956329346,0.5117166042327881,4.527987003326416,0.4455295503139496,15.794160842895508
675,2881,What color of this docket? ,1,0.4339814782142639,0.0,0.49218812584877014,6.470016956329346,0.5156199336051941,4.234790325164795,0.4455295503139496,11.438961029052734
676,2009,What is the tv showing?,1,0.39981165528297424,0.0,0.49609383940696716,6.470016956329346,0.4843800961971283,4.413214206695557,0.5428633093833923,15.036574363708496
677,965,What is this capture?,1,0.2018132209777832,0.0,0.24508501589298248,6.470016956329346,0.2254166156053543,4.443497657775879,0.3849121630191803,15.527652740478516
678,1062,What is this?,1,0.2146914154291153,0.0,0.30404165387153625,6.470016956329346,0.31742629408836365,5.797966480255127,0.4263215959072113,16.07783317565918
679,983,What is this?,1,0.16238002479076385,0.0,0.2120688110589981,6.470016956329346,0.20434190332889557,4.362119197845459,0.3593641519546509,15.7760009765625
680,1849,What is this?,1,0.19682620465755463,0.0,0.2782568037509918,6.470016956329346,0.30074557662010193,6.19419527053833,0.41869691014289856,16.764062881469727
681,1913,What kind of rice is this? ,1,0.2689414322376251,0.0,0.32766830921173096,6.470016956329346,0.3849121630191803,5.2924723625183105,0.2658804953098297,14.07381820678711
682,915,Does the screen say anything?,1,0.34510529041290283,0.0,0.4339814782142639,6.470016956329346,0.41111084818840027,4.767587184906006,0.3208213150501251,12.752625465393066
683,1841,What flavor of coffee is this?,1,0.24508501589298248,0.0,0.30404165387153625,6.470016956329346,0.30404165387153625,4.437843322753906,0.2845759987831116,15.081682205200195
684,2874,what is this can?,0,0.314050555229187,0.0,0.36296921968460083,6.470016956329346,0.3557748794555664,3.964686155319214,0.29421496391296387,16.26116371154785
685,1806,Is this item?,1,0.30074557662010193,0.0,0.3593641519546509,6.470016956329346,0.32766830921173096,3.527568817138672,0.5467381477355957,11.092147827148438
686,1967,What time is it? ,1,0.34510529041290283,0.0,0.43014732003211975,6.470016956329346,0.43014732003211975,4.79440450668335,0.6039317846298218,17.233732223510742
687,1729,Can you tell me the directions on the box? I am unable to see.,0,0.3593641519546509,0.0,0.41869691014289856,6.470016956329346,0.3812195658683777,3.472282648086548,0.4532618820667267,14.601601600646973
688,1847,What is in this image?,1,0.3380771279335022,0.0,0.4148988127708435,6.470016956329346,0.43014732003211975,5.36418342590332,0.5583269596099854,16.682451248168945
689,1116,"Can you tell me what it shows on the screen now, if it gives any instructions on what I need to do? I'm blind and cannot see the screen.",1,0.230919748544693,0.0,0.2751297354698181,6.470016956329346,0.2568320035934448,3.7257087230682373,0.3812195658683777,15.356483459472656
690,1027,what is this?,0,0.14804719388484955,0.0,0.20946969091892242,6.470016956329346,0.18242551386356354,4.293572425842285,0.13477592170238495,17.060266494750977
691,2065,What is this?,1,0.29421496391296387,0.0,0.4035668969154358,6.470016956329346,0.4073334336280823,5.633639335632324,0.5,16.663082122802734
692,3611,What is this item?,1,0.19930800795555115,0.0,0.29098084568977356,6.470016956329346,0.2751297354698181,5.011370658874512,0.36296921968460083,12.974925994873047
693,951,Can you read some of the text on the green?,1,0.2658804953098297,0.0,0.3073580265045166,6.470016956329346,0.2782568037509918,3.5397019386291504,0.2393493503332138,12.51533031463623
694,988,What is this? What does this say?,0,0.230919748544693,0.0,0.28776782751083374,6.470016956329346,0.2689414322376251,3.677435874938965,0.22815649211406708,14.774264335632324
695,2001,"Hello there can you tell me what flavor this pasta sauce is, please? Thank you.",1,0.2782568037509918,0.0,0.31742629408836365,6.470016956329346,0.34510529041290283,4.847168445587158,0.5,17.09246253967285
696,3592,What is this?,1,0.2120688110589981,0.0,0.29421496391296387,6.470016956329346,0.30404165387153625,5.911549091339111,0.43014732003211975,15.4847993850708
697,3721,What is this product?,1,0.16026602685451508,0.0,0.2254166156053543,6.470016956329346,0.18476751446723938,3.5387070178985596,0.19314737617969513,12.642902374267578
698,1054,What's in this box?,0,0.05223085358738899,0.0,0.06560482829809189,6.470016956329346,0.05541279539465904,3.4663352966308594,0.11596070975065231,22.054018020629883
699,2597,What is this?,1,0.2628418505191803,0.0,0.3486451506614685,6.470016956329346,0.3812195658683777,5.784918308258057,0.46490156650543213,17.42218017578125
700,1861,this can?,1,0.21733751893043518,0.0,0.2538610100746155,6.470016956329346,0.2422056347131729,3.595362901687622,0.3380771279335022,13.428092956542969
701,3575,What is this?,1,0.36296921968460083,0.0,0.45713675022125244,6.470016956329346,0.5117166042327881,6.343973159790039,0.4882833957672119,16.63020896911621
702,1818,I pride holding this tag in my hand.  Is there any way you can tell me what the writing says on it please.,0,0.2018132209777832,0.0,0.22270014882087708,6.470016956329346,0.2146914154291153,3.455540180206299,0.29746994376182556,14.853462219238281
703,2873,What is this?,1,0.18952108919620514,0.0,0.2658804953098297,6.470016956329346,0.30074557662010193,6.005802631378174,0.3208213150501251,16.929035186767578
704,90,What does the screen say?,1,0.3849121630191803,0.0,0.4493926465511322,6.470016956329346,0.44167301058769226,3.8923425674438477,0.6297746300697327,14.99719524383545
705,3519,What does this milk look safe?,0,0.22270014882087708,0.0,0.2538610100746155,6.470016956329346,0.230919748544693,3.561410665512085,0.18713268637657166,13.663052558898926
706,2645,What is this?,1,0.31742629408836365,0.0,0.4148988127708435,6.470016956329346,0.4493926465511322,6.014258861541748,0.4687906503677368,16.554872512817383
707,2025,What does the sky look like?,1,0.37022536993026733,0.0,0.45713675022125244,6.470016956329346,0.4455295503139496,4.187629222869873,0.46490156650543213,16.30661964416504
708,2044,What food is in this can?,1,0.2782568037509918,0.0,0.3593641519546509,6.470016956329346,0.3345894515514374,4.217719078063965,0.3593641519546509,14.306977272033691
709,1183,What is in this bag? ,1,0.18476751446723938,0.0,0.230919748544693,6.470016956329346,0.22000709176063538,3.889632225036621,0.32766830921173096,17.934555053710938
710,1937,What type of candy is this?,1,0.3106943964958191,0.0,0.3812195658683777,6.470016956329346,0.39981165528297424,4.300930500030518,0.37022536993026733,13.103066444396973
711,3730,What is this?,1,0.19930800795555115,0.0,0.2751297354698181,6.470016956329346,0.29098084568977356,5.517327308654785,0.32766830921173096,17.038949966430664
712,2895,Can you read these words please?,0,0.19930800795555115,0.0,0.22270014882087708,6.470016956329346,0.20689405500888824,3.4500515460968018,0.2393493503332138,13.199380874633789
713,2034,What kind of CD case is this?,1,0.3208213150501251,0.0,0.37387582659721375,6.470016956329346,0.38861799240112305,4.112078666687012,0.41869691014289856,12.85161018371582
714,940,What is this item?,1,0.18010665476322174,0.0,0.2393493503332138,6.470016956329346,0.22815649211406708,4.329113006591797,0.230919748544693,13.55197811126709
715,146,Can you see the steak on this menu?,1,0.46490156650543213,0.0,0.5195213556289673,6.470016956329346,0.5467381477355957,5.107569694519043,0.5195213556289673,14.868773460388184
716,1158,What is ,0,0.21733751893043518,0.0,0.2658804953098297,6.470016956329346,0.24508501589298248,3.615102529525757,0.19682620465755463,14.307915687561035
717,2922,blank audio,0,0.18713268637657166,0.0,0.20689405500888824,6.470016956329346,0.19436782598495483,3.459446668624878,0.24508501589298248,14.698599815368652
718,3759,"I need to know what that measures, if you would. Thank you.",1,0.18952108919620514,0.0,0.22815649211406708,6.470016956329346,0.20946969091892242,3.535452365875244,0.2568320035934448,16.28684425354004
719,3771,Is this midol?,1,0.04742587357759476,0.0,0.04603390023112297,6.470016956329346,0.04958902671933174,3.728394031524658,0.026556573808193207,12.80567741394043
720,3766,does the screen say anything now?,1,0.10087861120700836,0.0,0.11596070975065231,6.470016956329346,0.11596070975065231,4.347205638885498,0.1919327974319458,15.051076889038086
721,2054,Can you tell me the numbers on the square?,0,0.09268777817487717,0.0,0.09807932376861572,6.470016956329346,0.09670579433441162,3.4460301399230957,0.1710611879825592,15.50495433807373
722,1137,"Hi I'm trying to solve this captcha, can you tell me what it says on the screen in the captcha thank you.",1,0.24798743426799774,0.0,0.28140559792518616,6.470016956329346,0.28140559792518616,3.9375979900360107,0.3849121630191803,12.318628311157227
723,3684,Which flavor is this one?,1,0.30404165387153625,0.0,0.35220178961753845,6.470016956329346,0.3775406777858734,4.933502674102783,0.37387582659721375,12.36898422241211
724,201,What is that drink?,0,0.15002882480621338,0.0,0.19930800795555115,6.470016956329346,0.16238002479076385,3.4683876037597656,0.11436852067708969,16.122690200805664
725,910,What's on this computer screen?,0,0.2845759987831116,0.0,0.34510529041290283,6.470016956329346,0.314050555229187,3.6479580402374268,0.08819004893302917,18.997282028198242
726,1884,Please describe this tablecloth.,1,0.30404165387153625,0.0,0.3345894515514374,6.470016956329346,0.34510529041290283,4.085170745849609,0.4148988127708435,13.593368530273438
727,2797,What color is this shirt?,1,0.2120688110589981,0.0,0.2568320035934448,6.470016956329346,0.2538610100746155,3.9846460819244385,0.18952108919620514,11.4381103515625
728,3664,is this cup full?,1,0.04742587357759476,0.0,0.055005282163619995,6.470016956329346,0.05184547230601311,4.408139705657959,0.030675798654556274,11.3558931350708
729,2072,What is this?,1,0.19436782598495483,0.0,0.2782568037509918,6.470016956329346,0.29098084568977356,5.914223670959473,0.3557748794555664,16.51065444946289
730,3626,What is it?,1,0.3775406777858734,0.0,0.4843800961971283,6.470016956329346,0.4765796661376953,4.844381332397461,0.6442251205444336,15.253448486328125
731,1868,What is in this bottle?,1,0.10669060051441193,0.0,0.18476751446723938,6.470016956329346,0.14608724415302277,4.165365219116211,0.30404165387153625,15.521451950073242
732,3549,what color was the case?,1,0.19930800795555115,0.0,0.230919748544693,6.470016956329346,0.2254166156053543,3.513585090637207,0.18952108919620514,11.573335647583008
733,1120,What is this?,0,0.18476751446723938,0.0,0.25091278553009033,6.470016956329346,0.2254166156053543,4.105762481689453,0.17781086266040802,17.15196990966797
734,3750,What is this?,1,0.230919748544693,0.0,0.31742629408836365,6.470016956329346,0.34510529041290283,6.132268905639648,0.3225260078907013,16.93589210510254
735,1053,What does this say? What does this say?,0,0.1490352898836136,0.0,0.1710611879825592,6.470016956329346,0.1561049073934555,3.458592414855957,0.21866938471794128,15.85911750793457
736,865,What is this?,1,0.2598256468772888,0.0,0.36296921968460083,6.470016956329346,0.37022536993026733,5.807500839233398,0.5736784338951111,16.41986656188965
737,1032,Can you read this to me please?,0,0.2393493503332138,0.0,0.28140559792518616,6.470016956329346,0.2538610100746155,3.5169382095336914,0.2704802453517914,14.606124877929688
738,257,What is this?,1,0.22815649211406708,0.0,0.3208213150501251,6.470016956329346,0.3380771279335022,5.931225299835205,0.5544704794883728,16.66023063659668
739,3570,What kind of food is in this can?,1,0.34510529041290283,0.0,0.42250463366508484,6.470016956329346,0.4263215959072113,4.762079238891602,0.3923368453979492,14.221757888793945
740,3607,"I need to know what the, what is on the box, I need to reorder this hair dye so I need to know the pertinent information to reorder.",0,0.33111974596977234,0.0,0.3923368453979492,6.470016956329346,0.3812195658683777,3.786090850830078,0.1540575623512268,15.620704650878906
741,3620,"Hi, could you please tell me what color these shoes are, please?",1,0.36658975481987,0.0,0.43014732003211975,6.470016956329346,0.4532618820667267,5.709858417510986,0.3415825068950653,15.558648109436035
742,145,What does this say?  Thank you.,1,0.21733751893043518,0.0,0.2568320035934448,6.470016956329346,0.23370634019374847,3.4975786209106445,0.32766830921173096,12.812484741210938
743,2928,What spice is this? ,1,0.28140559792518616,0.0,0.3557748794555664,6.470016956329346,0.37022536993026733,4.602581977844238,0.4882833957672119,14.799792289733887
744,924,What is being displayed on my screen?,0,0.3380771279335022,0.0,0.4263215959072113,6.470016956329346,0.38861799240112305,3.6300952434539795,0.2393493503332138,15.912670135498047
745,2058,What time is it?,0,0.15817435085773468,0.0,0.2018132209777832,6.470016956329346,0.1710611879825592,3.63436222076416,0.1550784707069397,18.756086349487305
746,3470,what is this product,0,0.18713268637657166,0.0,0.2254166156053543,6.470016956329346,0.20689405500888824,3.451242446899414,0.1127953976392746,15.193604469299316
747,2040,What's this picture about? ,0,0.2782568037509918,0.0,0.29746994376182556,6.470016956329346,0.29746994376182556,3.552567720413208,0.22135069966316223,16.512130737304688
748,1875,Can you tell me the sodium content of this food?,1,0.1127953976392746,0.0,0.13846179842948914,6.470016956329346,0.12252321094274521,3.508286952972412,0.13296423852443695,16.154178619384766
749,3784,Can you please read the temperature on this thermostat? Thank you.,0,0.16885696351528168,0.0,0.18713268637657166,6.470016956329346,0.18242551386356354,3.629664182662964,0.23370634019374847,15.130183219909668
750,2859,What denomination is this?,1,0.3345894515514374,0.0,0.42250463366508484,6.470016956329346,0.44167301058769226,5.691102027893066,0.3775406777858734,15.198959350585938
751,1732,What is this?,1,0.20946969091892242,0.0,0.30074557662010193,6.470016956329346,0.32766830921173096,6.354557037353516,0.4339814782142639,16.939559936523438
752,1781,Is this peppermint tea?,0,0.0378924235701561,0.0,0.0384661927819252,6.470016956329346,0.03963884338736534,3.4381110668182373,0.06754669547080994,11.24889087677002
753,148,Can you tell what's on this paper?,1,0.12421300262212753,0.0,0.13296423852443695,6.470016956329346,0.13477592170238495,4.309863090515137,0.2422056347131729,16.479583740234375
754,1946,this is the claim?  Thank you,0,0.2018132209777832,0.0,0.230919748544693,6.470016956329346,0.2120688110589981,3.4786946773529053,0.18952108919620514,14.330740928649902
755,261,what is this camera doing or this screen on this computer what is it saying now we just started it up and its not talking yet,0,0.22270014882087708,0.0,0.2538610100746155,6.470016956329346,0.25091278553009033,3.739893913269043,0.2598256468772888,14.507017135620117
756,2056,What kind of wine is this?,0,0.0627892017364502,0.0,0.07585817575454712,6.470016956329346,0.06656918674707413,3.4455578327178955,0.0753123089671135,18.93210220336914
757,1765,What is this package?,1,0.4073334336280823,0.0,0.46490156650543213,6.470016956329346,0.49609383940696716,4.89399528503418,0.34510529041290283,13.471779823303223
758,2879,What is this?,1,0.27202457189559937,0.0,0.37387582659721375,6.470016956329346,0.42250463366508484,6.681175231933594,0.5,16.18907356262207
759,1789,What kind of pizza is this?,1,0.2689414322376251,0.0,0.32423537969589233,6.470016956329346,0.3593641519546509,5.253500938415527,0.29746994376182556,14.144104957580566
760,2622,Could you tell me what is in this can please?,1,0.2689414322376251,0.0,0.35220178961753845,6.470016956329346,0.37022536993026733,5.99076509475708,0.7057850360870361,19.991043090820312
761,2019,What is this?,1,0.3345894515514374,0.0,0.4263215959072113,6.470016956329346,0.49218812584877014,6.315818786621094,0.6001883149147034,18.187423706054688
762,3737,What's the name of this wine?,1,0.18713268637657166,0.0,0.2568320035934448,6.470016956329346,0.23370634019374847,4.204627513885498,0.230919748544693,15.125774383544922
763,2598,What is this box?,1,0.3208213150501251,0.0,0.4035668969154358,6.470016956329346,0.41111084818840027,4.827094078063965,0.33111974596977234,15.043477058410645
764,3479,Is this a girl or a man?,1,0.11757213622331619,0.0,0.13846179842948914,6.470016956329346,0.13117322325706482,3.720608949661255,0.14608724415302277,12.171427726745605
765,3525,What is this item?,0,0.15817435085773468,0.0,0.2393493503332138,6.470016956329346,0.20434190332889557,4.124852180480957,0.13660839200019836,16.638700485229492
766,278,Can you tell me what the computer screen is saying? Windows is not booting.,1,0.2538610100746155,0.0,0.28140559792518616,6.470016956329346,0.2782568037509918,3.81101655960083,0.2538610100746155,13.97128677368164
767,3787,What color are my pants?,1,0.230919748544693,0.0,0.3208213150501251,6.470016956329346,0.3106943964958191,4.675429821014404,0.2393493503332138,13.079484939575195
768,1909,"trying to find out what this item is please, thanks",1,0.27202457189559937,0.0,0.31742629408836365,6.470016956329346,0.3208213150501251,4.202305793762207,0.5736784338951111,16.14406394958496
769,2864,What is this?,0,0.17781086266040802,0.0,0.2568320035934448,6.470016956329346,0.2254166156053543,4.05971097946167,0.1755380630493164,16.914106369018555
770,3621,What type of coffee is this?,1,0.2254166156053543,0.0,0.30074557662010193,6.470016956329346,0.3486451506614685,5.517510414123535,0.20689405500888824,14.449110984802246
771,1108,"Okay, what does the error message say?",0,0.22000709176063538,0.0,0.2751297354698181,6.470016956329346,0.2598256468772888,3.902899742126465,0.1710611879825592,16.1103515625
772,3649,What window screen do you see on my computer monitor?,0,0.3345894515514374,0.0,0.39606815576553345,6.470016956329346,0.36658975481987,3.4820632934570312,0.29421496391296387,15.918108940124512
773,2707,What color is this?,1,0.3208213150501251,0.0,0.39606815576553345,6.470016956329346,0.3812195658683777,4.104164123535156,0.3486451506614685,10.910560607910156
774,987,What is the answer to number 10?,0,0.12940272688865662,0.0,0.16026602685451508,6.470016956329346,0.12940272688865662,3.5887701511383057,0.13477592170238495,15.612785339355469
775,3777,What is this?,1,0.1919327974319458,0.0,0.2628418505191803,6.470016956329346,0.2598256468772888,5.131698131561279,0.4073334336280823,16.428537368774414
776,1170,Where is this play?,0,0.14223188161849976,0.0,0.18713268637657166,6.470016956329346,0.16451644897460938,3.4667389392852783,0.11757213622331619,14.847282409667969
777,2839,What is this?,1,0.29098084568977356,0.0,0.3849121630191803,6.470016956329346,0.4263215959072113,6.415920734405518,0.5156199336051941,16.3087100982666
778,2852,What does this one say?,1,0.2845759987831116,0.0,0.3486451506614685,6.470016956329346,0.3486451506614685,4.5681657791137695,0.43782350420951843,15.252678871154785
779,1743,What is this drink?,1,0.23370634019374847,0.0,0.3415825068950653,6.470016956329346,0.314050555229187,4.52982759475708,0.41869691014289856,14.42088794708252
780,123,What is this item?,1,0.2568320035934448,0.0,0.3486451506614685,6.470016956329346,0.34510529041290283,4.847955703735352,0.34510529041290283,13.039155960083008
781,2745,What is my blood pressure reading?,0,0.1037486270070076,0.0,0.12940272688865662,6.470016956329346,0.10970577597618103,3.6670260429382324,0.12678517401218414,18.434391021728516
782,2053,What is this? ,1,0.3380771279335022,0.0,0.42250463366508484,6.470016956329346,0.4765796661376953,6.383265018463135,0.6513549089431763,18.038494110107422
783,926,What does this computer screen say?,1,0.19436782598495483,0.0,0.24798743426799774,6.470016956329346,0.22270014882087708,3.6078760623931885,0.36658975481987,12.904789924621582
784,1773,What is in this box?,1,0.18713268637657166,0.0,0.2422056347131729,6.470016956329346,0.2120688110589981,3.6384007930755615,0.24508501589298248,11.580957412719727
785,3778,What is in this box?,0,0.04535257816314697,0.0,0.04958902671933174,6.470016956329346,0.04672496020793915,3.471356153488159,0.052618954330682755,19.032215118408203
786,2017,What are the instructions listed on the box?,1,0.5078118443489075,0.0,0.596433162689209,6.470016956329346,0.5660185217857361,3.7893919944763184,0.6959583163261414,13.673280715942383
787,1184,What is this?,1,0.2598256468772888,0.0,0.36296921968460083,6.470016956329346,0.3923368453979492,6.095221042633057,0.6039317846298218,16.2211971282959
788,2781,What is this? ,1,0.1561049073934555,0.0,0.2018132209777832,6.470016956329346,0.20946969091892242,5.475650310516357,0.3486451506614685,16.36075782775879
789,1119,What text is on my screen? Please,1,0.30404165387153625,0.0,0.36658975481987,6.470016956329346,0.3208213150501251,3.4655723571777344,0.33111974596977234,13.931367874145508
790,3659,whats the name of the CD,1,0.3073580265045166,0.0,0.3812195658683777,6.470016956329346,0.34510529041290283,3.472362756729126,0.4455295503139496,13.577988624572754
791,1220,How do you prepare this cake?,0,0.18952108919620514,0.0,0.2628418505191803,6.470016956329346,0.20689405500888824,3.49035906791687,0.16344544291496277,18.516849517822266
792,2856,What does it say on the box for directions on how to make macaroni and cheese?,0,0.47268345952033997,0.0,0.5736784338951111,6.470016956329346,0.5117166042327881,3.5568039417266846,0.20946969091892242,16.200647354125977
793,2079,What is this?,1,0.2628418505191803,0.0,0.36296921968460083,6.470016956329346,0.36658975481987,5.495364189147949,0.4073334336280823,14.722972869873047
794,3587,What is in this box?,1,0.29421496391296387,0.0,0.4035668969154358,6.470016956329346,0.4148988127708435,5.532373905181885,0.43782350420951843,15.743871688842773
795,1908,Is it draped?,1,0.18952108919620514,0.0,0.2146914154291153,6.470016956329346,0.20689405500888824,3.569348096847534,0.1540575623512268,10.789006233215332
796,1919,"Hi, so I'm wondering what the image capture on this page is? It's hidden in the image somewhere and I'm just supposed to type it in.",0,0.2146914154291153,0.0,0.23651622235774994,6.470016956329346,0.2254166156053543,3.44728684425354,0.18242551386356354,15.49653434753418
797,869,What is this?,0,0.18242551386356354,0.0,0.2628418505191803,6.470016956329346,0.2598256468772888,5.131072998046875,0.18713268637657166,16.952550888061523
798,1921,What kind of chips are these?,1,0.32423537969589233,0.0,0.42250463366508484,6.470016956329346,0.4687906503677368,5.56402587890625,0.2422056347131729,13.663982391357422
799,1060,read this paper please,0,0.3557748794555664,0.0,0.41111084818840027,6.470016956329346,0.3775406777858734,3.4443018436431885,0.29098084568977356,16.15363121032715
800,3531,What color are the cabinets?,1,0.4035668969154358,0.0,0.47268345952033997,6.470016956329346,0.49218812584877014,4.67303991317749,0.3208213150501251,12.408799171447754
801,2897,What is this shirt?,1,0.2845759987831116,0.0,0.3775406777858734,6.470016956329346,0.3415825068950653,3.8190767765045166,0.41111084818840027,14.183091163635254
802,2743,What is this item?,1,0.2689414322376251,0.0,0.3593641519546509,6.470016956329346,0.36658975481987,5.28927755355835,0.4263215959072113,11.842945098876953
803,82,"Please tell me the title of this book, thank you for your time.",0,0.3106943964958191,0.0,0.36296921968460083,6.470016956329346,0.36296921968460083,4.0976386070251465,0.29746994376182556,9.691173553466797
804,354,What is the code on this iTunes gift card?,0,0.24798743426799774,0.0,0.30404165387153625,6.470016956329346,0.2782568037509918,3.502838611602783,0.24798743426799774,16.336183547973633
805,1956,What flavor and brand of k cup is this please?,1,0.314050555229187,0.0,0.36296921968460083,6.470016956329346,0.3775406777858734,4.546461582183838,0.4493926465511322,17.084016799926758
806,3495,Is this...,1,0.22000709176063538,0.0,0.27202457189559937,6.470016956329346,0.2568320035934448,3.9099602699279785,0.5851011276245117,14.839832305908203
807,1977,What color are the three wires from left to right?,1,0.36658975481987,0.0,0.43014732003211975,6.470016956329346,0.4339814782142639,4.818929195404053,0.43014732003211975,16.230743408203125
808,1065,Is my computer at the login screen or is it still installing Windows? Thank you.,1,0.2120688110589981,0.0,0.2422056347131729,6.470016956329346,0.2628418505191803,4.562854290008545,0.22000709176063538,14.041714668273926
809,1131,What's on the screen?,1,0.39981165528297424,0.0,0.49609383940696716,6.470016956329346,0.46101680397987366,4.334255218505859,0.4455295503139496,13.362854957580566
810,3647,Is this readable?,1,0.3775406777858734,0.0,0.43782350420951843,6.470016956329346,0.4148988127708435,4.517701625823975,0.43782350420951843,12.735734939575195
811,904,Can you tell me the price of this computer please?,1,0.16238002479076385,0.0,0.18952108919620514,6.470016956329346,0.19436782598495483,4.26158332824707,0.16667540371418,15.972816467285156
812,1897,What kind of coffee is this?,1,0.2254166156053543,0.0,0.27202457189559937,6.470016956329346,0.2782568037509918,3.8132057189941406,0.2658804953098297,13.584729194641113
813,3792,"Is either of these rings, Kyles?",0,0.19930800795555115,0.0,0.23370634019374847,6.470016956329346,0.23651622235774994,3.8813881874084473,0.1919327974319458,14.923961639404297
814,3749,What is this can?,1,0.24798743426799774,0.0,0.29746994376182556,6.470016956329346,0.2782568037509918,3.578535318374634,0.29746994376182556,12.903278350830078
815,2875,What does this box say?,1,0.05582313984632492,0.0,0.05834583565592766,6.470016956329346,0.05921025201678276,3.471356153488159,0.06008664518594742,13.769180297851562
816,122,Product key for this versions off,0,0.27202457189559937,0.0,0.29746994376182556,6.470016956329346,0.28140559792518616,3.471356153488159,0.3208213150501251,14.443763732910156
817,2788,Part is this.,0,0.2845759987831116,0.0,0.31742629408836365,6.470016956329346,0.3106943964958191,3.4834587574005127,0.2538610100746155,13.757567405700684
818,1914,What is this frozen dinner and what is the instructions for conventional oven temperature and number of minutes? Thank you very much.,0,0.49218812584877014,0.0,0.5736784338951111,6.470016956329346,0.5660185217857361,3.829590082168579,0.2628418505191803,13.278118133544922
819,95,Can you please tell me what the computer screen says within in the VMware workstation window?  Particular to see if there's any progress on the Windows installation.,0,0.20946969091892242,0.0,0.25091278553009033,6.470016956329346,0.2254166156053543,3.7827208042144775,0.20561504364013672,14.679384231567383
820,2721,What is this and what is recent there?,0,0.39606815576553345,0.0,0.5156199336051941,6.470016956329346,0.4843800961971283,4.047608375549316,0.17895591259002686,15.495074272155762
821,3540,what is that?,1,0.20434190332889557,0.0,0.2751297354698181,6.470016956329346,0.3073580265045166,5.684509754180908,0.3106943964958191,15.081034660339355
822,3463,is this a black or a red pen?,1,0.13296423852443695,0.0,0.15002882480621338,6.470016956329346,0.14033624529838562,4.177886009216309,0.1208532303571701,11.063179016113281
823,2904,What kind of medication is in this bottle?,0,0.1259227693080902,0.0,0.16026602685451508,6.470016956329346,0.14033624529838562,3.4647650718688965,0.10087861120700836,18.703353881835938
824,1986,What's on the screen?,1,0.17781086266040802,0.0,0.24798743426799774,6.470016956329346,0.20689405500888824,3.5012550354003906,0.29421496391296387,14.016233444213867
825,1113,Which computer is that one?,1,0.32423537969589233,0.0,0.41111084818840027,6.470016956329346,0.3923368453979492,4.081638336181641,0.4073334336280823,10.036880493164062
826,3804,What color is the shirt?,1,0.39981165528297424,0.0,0.4843800961971283,6.470016956329346,0.4687906503677368,4.673105239868164,0.42250463366508484,11.724357604980469
827,1040,What is this?,1,0.2598256468772888,0.0,0.35220178961753845,6.470016956329346,0.3775406777858734,6.039751052856445,0.5544704794883728,16.26557159423828
828,1124,What is written on the screen?,1,0.2689414322376251,0.0,0.36296921968460083,6.470016956329346,0.314050555229187,3.785614490509033,0.4263215959072113,12.77276611328125
829,3625,It's it cola?,1,0.03138043358922005,0.0,0.02931223064661026,6.470016956329346,0.03138043358922005,3.4449055194854736,0.019419347867369652,11.397604942321777
830,1215,What are these two packages please?,1,0.2393493503332138,0.0,0.28140559792518616,6.470016956329346,0.28140559792518616,3.560944080352783,0.24508501589298248,14.229705810546875
831,1072,Is there an ID on this cot?,0,0.24508501589298248,0.0,0.29746994376182556,6.470016956329346,0.30074557662010193,4.3773064613342285,0.17895591259002686,13.933147430419922
832,2752,What brand and variety are these chips?,0,0.3812195658683777,0.0,0.46490156650543213,6.470016956329346,0.45713675022125244,3.7726588249206543,0.14511536061763763,18.444007873535156
833,3535,can you please describe this card to me and its orientation? thank you.,1,0.38861799240112305,0.0,0.44167301058769226,6.470016956329346,0.46101680397987366,4.4100022315979,0.859663724899292,16.466571807861328
834,2078,"I'm testing this app for the first time. Its a picture of my guide dog, could you please describe him for me.",0,0.5234203934669495,0.0,0.5544704794883728,6.470016956329346,0.5851011276245117,4.554983139038086,0.2782568037509918,14.994815826416016
835,2841,What is this?,1,0.25091278553009033,0.0,0.35220178961753845,6.470016956329346,0.3486451506614685,5.402548313140869,0.5660185217857361,16.535419464111328
836,2604,What are the ingredients listed on this box?,1,0.3415825068950653,0.0,0.4035668969154358,6.470016956329346,0.3812195658683777,3.7745625972747803,0.5583269596099854,16.49357795715332
837,3527,What is this?,1,0.22000709176063538,0.0,0.314050555229187,6.470016956329346,0.3208213150501251,5.381767272949219,0.46490156650543213,16.968914031982422
838,1186,Can you please read to me what is shown on this display? ,1,0.4687906503677368,0.0,0.5660185217857361,6.470016956329346,0.5428633093833923,4.763728141784668,0.7490872144699097,18.218435287475586
839,2617,How about the weather?,1,0.10521053522825241,0.0,0.1276526302099228,6.470016956329346,0.11920291930437088,3.7840280532836914,0.19682620465755463,15.364666938781738
840,177,What's going on on the computer screen?,1,0.19682620465755463,0.0,0.24798743426799774,6.470016956329346,0.230919748544693,3.898153305053711,0.19682620465755463,13.772970199584961
841,307,Please tell what the title of this book is. Thank you for your time.,1,0.314050555229187,0.0,0.3593641519546509,6.470016956329346,0.36658975481987,4.2073893547058105,0.46101680397987366,11.193580627441406
842,1958,What is this product?,0,0.14804719388484955,0.0,0.20434190332889557,6.470016956329346,0.16238002479076385,3.4456629753112793,0.15713685750961304,16.90241050720215
843,2837,What is in this can?,0,0.10087861120700836,0.0,0.1276526302099228,6.470016956329346,0.10970577597618103,3.471356153488159,0.07369627058506012,19.59714698791504
844,2697,Is this wallet for male or female?,1,0.1755380630493164,0.0,0.18476751446723938,6.470016956329346,0.18952108919620514,3.5296943187713623,0.16667540371418,12.011513710021973
845,2959,What is this?,1,0.21733751893043518,0.0,0.29421496391296387,6.470016956329346,0.3073580265045166,5.433711051940918,0.4843800961971283,16.156497955322266
846,1051,What letters do I type in to win?,0,0.18476751446723938,0.0,0.22270014882087708,6.470016956329346,0.2018132209777832,3.605088472366333,0.16132023930549622,15.400161743164062
847,1159,What's written here?,1,0.30074557662010193,0.0,0.36296921968460083,6.470016956329346,0.33111974596977234,4.207823753356934,0.4843800961971283,12.121465682983398
848,3809,Can you tell what video game that is?,1,0.2120688110589981,0.0,0.2628418505191803,6.470016956329346,0.2568320035934448,3.963183879852295,0.44167301058769226,16.24189567565918
849,2942,"OK, I have the flap open. Let's see if this actually works.",1,0.30074557662010193,0.0,0.32423537969589233,6.470016956329346,0.31742629408836365,3.8053317070007324,0.34510529041290283,15.20573616027832
850,308,What hours are they open?,0,0.11436852067708969,0.0,0.13117322325706482,6.470016956329346,0.11436852067708969,3.551222562789917,0.15817435085773468,21.713106155395508
851,3687,Can you please tell me what the contents of this bottle are?,1,0.3106943964958191,0.0,0.39606815576553345,6.470016956329346,0.43014732003211975,5.85050106048584,0.4765796661376953,15.586620330810547
852,1855,What's the name of the perfume?,0,0.09739039838314056,0.0,0.1037486270070076,6.470016956329346,0.1030244305729866,3.471356153488159,0.07807815819978714,16.605274200439453
853,1772,What type of Keurig is this?,0,0.1561049073934555,0.0,0.18476751446723938,6.470016956329346,0.17328819632530212,3.52703595161438,0.13568954169750214,17.685134887695312
854,2754,What's in this jar?,0,0.10818894952535629,0.0,0.14223188161849976,6.470016956329346,0.11757213622331619,3.4572222232818604,0.10521053522825241,20.367521286010742
855,1153,What does this dialogue box say and what's highlighted?,0,0.4073334336280823,0.0,0.49218812584877014,6.470016956329346,0.43206340074539185,3.530381202697754,0.22953520715236664,15.29104232788086
856,1088,What is the computer screen showing?,1,0.34510529041290283,0.0,0.45713675022125244,6.470016956329346,0.4455295503139496,4.729508876800537,0.46101680397987366,13.657515525817871
857,1739,Still looking for which one of these is shampoo please.  Thank you.,0,0.10087861120700836,0.0,0.11124120652675629,6.470016956329346,0.1037486270070076,3.5482542514801025,0.14608724415302277,15.572795867919922
858,2633,What's in this box?,1,0.19436782598495483,0.0,0.25091278553009033,6.470016956329346,0.2658804953098297,4.744278907775879,0.28140559792518616,12.07856559753418
859,360,can you tell what restaurant this is?,1,0.11920291930437088,0.0,0.13660839200019836,6.470016956329346,0.13660839200019836,3.9237101078033447,0.2782568037509918,15.868728637695312
860,231,"Can you tell what brand and model this television is, please? Thank you.",0,0.1037486270070076,0.0,0.11596070975065231,6.470016956329346,0.10818894952535629,3.4642202854156494,0.2628418505191803,14.337254524230957
861,281,"Must be one less error, appreciate it, thanks.",0,0.33111974596977234,0.0,0.3593641519546509,6.470016956329346,0.35220178961753845,3.5832066535949707,0.314050555229187,13.782061576843262
862,3761,Is this better?,0,0.29421496391296387,0.0,0.3380771279335022,6.470016956329346,0.3073580265045166,3.4855475425720215,0.2689414322376251,14.130511283874512
863,3672,What is this?,1,0.24798743426799774,0.0,0.3345894515514374,6.470016956329346,0.37387582659721375,5.972324371337891,0.2351084053516388,16.873645782470703
864,959,"Is there any numbers on this paper? And if so, please tell me what they are.",0,0.17328819632530212,0.0,0.20689405500888824,6.470016956329346,0.18952108919620514,3.482055425643921,0.29746994376182556,16.815502166748047
865,1832,Which DVD is this?,1,0.3208213150501251,0.0,0.4035668969154358,6.470016956329346,0.3593641519546509,3.9510505199432373,0.4843800961971283,8.71633243560791
866,1162,Whats in this photo?,1,0.3073580265045166,0.0,0.3557748794555664,6.470016956329346,0.3380771279335022,4.323272228240967,0.5506073832511902,14.191455841064453
867,2077,"What is this, please?",0,0.1710611879825592,0.0,0.2120688110589981,6.470016956329346,0.19436782598495483,3.570781707763672,0.14223188161849976,16.441673278808594
868,2880,What is this?,1,0.18713268637657166,0.0,0.25091278553009033,6.470016956329346,0.2538610100746155,5.105891704559326,0.46101680397987366,16.348678588867188
869,2835,What is this?,1,0.1919327974319458,0.0,0.27202457189559937,6.470016956329346,0.2689414322376251,5.408175945281982,0.47268345952033997,16.241050720214844
870,3724,What kind of laundry soup is this?,0,0.15002882480621338,0.0,0.16885696351528168,6.470016956329346,0.16451644897460938,3.4603095054626465,0.167763352394104,16.485591888427734
871,2063,Can you see the serial number ____?,1,0.36296921968460083,0.0,0.43782350420951843,6.470016956329346,0.4148988127708435,4.483211040496826,0.6926419734954834,13.932823181152344
872,2792,What is in this box?,1,0.09009299427270889,0.0,0.12940272688865662,6.470016956329346,0.10087861120700836,3.4637768268585205,0.12421300262212753,15.779684066772461
873,325,of my driver's license.  Not that I can drive or anything.,0,0.34510529041290283,0.0,0.39606815576553345,6.470016956329346,0.3593641519546509,3.671494483947754,0.3557748794555664,16.760116577148438
874,2855,What dinner is this?,1,0.25091278553009033,0.0,0.3106943964958191,6.470016956329346,0.3208213150501251,4.3271589279174805,0.27202457189559937,14.122411727905273
875,107,"Hi, can you give me the percentage of the scan disk? Thanks. ",0,0.1919327974319458,0.0,0.20946969091892242,6.470016956329346,0.19682620465755463,3.4757726192474365,0.2598256468772888,14.117446899414062
876,2021,Now can you read what's in this?,0,0.2538610100746155,0.0,0.29421496391296387,6.470016956329346,0.27202457189559937,3.5011985301971436,0.39981165528297424,15.250428199768066
877,1132,Can you tell me where I am?,1,0.29098084568977356,0.0,0.38861799240112305,6.470016956329346,0.3849121630191803,4.392751693725586,0.6992543935775757,17.080230712890625
878,69,What does the screen say?,1,0.1755380630493164,0.0,0.21733751893043518,6.470016956329346,0.19930800795555115,3.7429161071777344,0.36296921968460083,17.282508850097656
879,339,Can you read everything on my TV screen?,1,0.2393493503332138,0.0,0.29421496391296387,6.470016956329346,0.2658804953098297,3.7417149543762207,0.3073580265045166,14.558195114135742
880,997,What is the key on this paper say?,0,0.28776782751083374,0.0,0.35220178961753845,6.470016956329346,0.31742629408836365,3.5002694129943848,0.1980641782283783,17.615257263183594
881,3508,can you tell if the soup?,1,0.06954174488782883,0.0,0.07159119844436646,6.470016956329346,0.07369627058506012,3.496284246444702,0.04672496020793915,11.500327110290527
882,1950,what is this,1,0.2658804953098297,0.0,0.31742629408836365,6.470016956329346,0.3345894515514374,5.254424571990967,0.5039061903953552,18.41927719116211
883,279,tell me if there's text what it says on computer screen please.,1,0.3073580265045166,0.0,0.35220178961753845,6.470016956329346,0.35220178961753845,4.452397346496582,0.5195213556289673,15.625021934509277
884,2104,What color is this?,1,0.2845759987831116,0.0,0.35220178961753845,6.470016956329346,0.3486451506614685,4.291463375091553,0.2782568037509918,11.463045120239258
885,2741,Is the glass half full?,1,0.16451644897460938,0.0,0.18476751446723938,6.470016956329346,0.18952108919620514,5.0078606605529785,0.11124120652675629,14.772473335266113
886,901,What does this say?,0,0.24798743426799774,0.0,0.314050555229187,6.470016956329346,0.2845759987831116,3.5770468711853027,0.19559407234191895,15.042667388916016
887,2913,Is this product?,1,0.34510529041290283,0.0,0.41111084818840027,6.470016956329346,0.3812195658683777,3.498295783996582,0.5389832258224487,10.200709342956543
888,2917,"What kind of Panasonic phone is this, what model?",0,0.18952108919620514,0.0,0.2254166156053543,6.470016956329346,0.22000709176063538,3.6528751850128174,0.1561049073934555,17.296655654907227
889,2966,How many fingers are there on the pages?,0,0.14414885640144348,0.0,0.17328819632530212,6.470016956329346,0.16238002479076385,3.5942153930664062,0.20434190332889557,18.2914981842041
890,2946,What is in this box?,1,0.38861799240112305,0.0,0.49609383940696716,6.470016956329346,0.5234203934669495,5.4982757568359375,0.46101680397987366,15.484635353088379
891,120,what is written on the screen?,0,0.33111974596977234,0.0,0.4035668969154358,6.470016956329346,0.3923368453979492,4.101290702819824,0.24508501589298248,16.38677978515625
892,271,Please tell me the name of this book?,1,0.3106943964958191,0.0,0.37387582659721375,6.470016956329346,0.36658975481987,4.247365951538086,0.4263215959072113,10.417903900146484
893,968,What is that?,1,0.18242551386356354,0.0,0.23651622235774994,6.470016956329346,0.2598256468772888,5.662179946899414,0.2689414322376251,16.174341201782227
894,1013,What headphones are these?,0,0.10230470448732376,0.0,0.11757213622331619,6.470016956329346,0.10818894952535629,3.4695775508880615,0.22815649211406708,17.869285583496094
895,2930,Can you tell me what's in this can?,0,0.08882028609514236,0.0,0.09670579433441162,6.470016956329346,0.09138210862874985,3.4676780700683594,0.1233656108379364,17.60355567932129
896,887,What did I just read on my PC?,1,0.18010665476322174,0.0,0.2018132209777832,6.470016956329346,0.20689405500888824,4.388533115386963,0.29098084568977356,13.148037910461426
897,2799,whats in this can?,1,0.24798743426799774,0.0,0.3415825068950653,6.470016956329346,0.314050555229187,4.500927448272705,0.30404165387153625,12.174178123474121
898,2923,What color is this please? Color,1,0.29098084568977356,0.0,0.32766830921173096,6.470016956329346,0.3208213150501251,3.8278353214263916,0.27202457189559937,10.842509269714355
899,2936,"Tell me what this bottle say, please. I don't know what it say. Please help me, please.",1,0.38861799240112305,0.0,0.44167301058769226,6.470016956329346,0.4339814782142639,3.75803279876709,0.5195213556289673,14.971392631530762
900,370,What does this say?,0,0.2568320035934448,0.0,0.30404165387153625,6.470016956329346,0.29746994376182556,4.378864288330078,0.1859472095966339,16.52873992919922
901,14,Who is this mail for?,0,0.11757213622331619,0.0,0.12940272688865662,6.470016956329346,0.12940272688865662,3.471356153488159,0.07696083933115005,13.88564395904541
902,2107,Can you tell me what's in this box?  ,1,0.07807815819978714,0.0,0.0838903859257698,6.470016956329346,0.07807815819978714,3.4528167247772217,0.15002882480621338,16.21483612060547
903,2890,What is this CD?,1,0.3593641519546509,0.0,0.4532618820667267,6.470016956329346,0.4339814782142639,4.019099712371826,0.6150878667831421,14.060972213745117
904,1933,Can you tell if this is vitamin C and what the Milligrams are?,1,0.3106943964958191,0.0,0.39606815576553345,6.470016956329346,0.38861799240112305,4.217031955718994,0.6926419734954834,16.731767654418945
905,3630,"Hello, could you please tell me what color is this?  Thank you.",1,0.2628418505191803,0.0,0.30074557662010193,6.470016956329346,0.30404165387153625,4.212979793548584,0.2751297354698181,14.328140258789062
906,3836,What is it?,1,0.230919748544693,0.0,0.314050555229187,6.470016956329346,0.29421496391296387,4.252263069152832,0.4843800961971283,16.9266300201416
907,2820,what kind of product is this?,1,0.17328819632530212,0.0,0.2254166156053543,6.470016956329346,0.20434190332889557,3.4467506408691406,0.11047115176916122,12.514983177185059
908,1202,What is my blood pressure reading?,0,0.07696083933115005,0.0,0.09138210862874985,6.470016956329346,0.07807815819978714,3.524585008621216,0.08882028609514236,18.02860450744629
909,2894,What's this?,0,0.1919327974319458,0.0,0.2120688110589981,6.470016956329346,0.20946969091892242,3.823148012161255,0.2240554690361023,16.40876007080078
910,2867,Are you ready to put up or shut up?,0,0.23370634019374847,0.0,0.27202457189559937,6.470016956329346,0.25091278553009033,3.469813108444214,0.1710611879825592,15.873023986816406
911,1777,What is this?,1,0.22000709176063538,0.0,0.2845759987831116,6.470016956329346,0.2628418505191803,3.878140687942505,0.6261242032051086,16.396133422851562
912,3669,What is it?,1,0.2146914154291153,0.0,0.29421496391296387,6.470016956329346,0.24798743426799774,3.667266607284546,0.5926666259765625,16.33222007751465
913,305,What action is currently selected?,0,0.23370634019374847,0.0,0.2751297354698181,6.470016956329346,0.2689414322376251,3.8831427097320557,0.2422056347131729,13.58674144744873
914,1235,What does the bottle say?,1,0.49218812584877014,0.0,0.5774953961372375,6.470016956329346,0.5389832258224487,3.680626630783081,0.6584175229072571,15.218668937683105
915,3747,What is this?,1,0.2538610100746155,0.0,0.32766830921173096,6.470016956329346,0.35220178961753845,4.960498809814453,0.3415825068950653,15.280654907226562
916,1197,What is this?,1,0.17781086266040802,0.0,0.2538610100746155,6.470016956329346,0.2689414322376251,5.8149027824401855,0.46490156650543213,16.104814529418945
917,2718,Does this outfit go together? Hopefully there's enough light. Thank you.,1,0.25091278553009033,0.0,0.2598256468772888,6.470016956329346,0.2689414322376251,3.7693727016448975,0.0960254967212677,13.88056755065918
918,2656,what was it written the paper?,0,0.13477592170238495,0.0,0.16451644897460938,6.470016956329346,0.14414885640144348,3.4537734985351562,0.08756384998559952,19.275781631469727
919,2933,What is this on this.. what is the label on this cover? What's the name?,0,0.1859472095966339,0.0,0.21733751893043518,6.470016956329346,0.19682620465755463,3.4684550762176514,0.21733751893043518,14.10757064819336
920,2098,What color is this yarn?,1,0.3073580265045166,0.0,0.4073334336280823,6.470016956329346,0.4035668969154358,4.624013900756836,0.27202457189559937,12.023273468017578
921,292,"Looking for properties to rent in my area, what is the condition of the house shown in the image?",1,0.11920291930437088,0.0,0.14223188161849976,6.470016956329346,0.15002882480621338,4.796273231506348,0.19682620465755463,16.729202270507812
922,3717,What is this thing?,1,0.23651622235774994,0.0,0.32766830921173096,6.470016956329346,0.34510529041290283,5.982704162597656,0.2538610100746155,15.084564208984375
923,2089,What's in this tin? Thanks for your help.,1,0.1755380630493164,0.0,0.1919327974319458,6.470016956329346,0.18476751446723938,3.440220355987549,0.2538610100746155,15.0330228805542
924,2647,What is this?,1,0.2568320035934448,0.0,0.3486451506614685,6.470016956329346,0.37022536993026733,5.96225643157959,0.5195213556289673,16.030683517456055
925,76,Is there anything on the screen?,1,0.2422056347131729,0.0,0.28140559792518616,6.470016956329346,0.2751297354698181,4.342682838439941,0.2393493503332138,13.797404289245605
926,2059,Is this yogurt fat free? ,1,0.19930800795555115,0.0,0.21733751893043518,6.470016956329346,0.21733751893043518,3.782088041305542,0.18010665476322174,11.573690414428711
927,362,What is the name of this book?  Thank you.,0,0.37022536993026733,0.0,0.44167301058769226,6.470016956329346,0.4339814782142639,3.9023544788360596,0.28140559792518616,12.864593505859375
928,1227,What is this?,1,0.1710611879825592,0.0,0.22815649211406708,6.470016956329346,0.2393493503332138,5.1554718017578125,0.4339814782142639,16.538951873779297
929,25,"Sometimes it does this too.  It's great when it works, but when it doesn't, it's annoying.",1,0.30404165387153625,0.0,0.33111974596977234,6.470016956329346,0.3208213150501251,3.5475244522094727,0.3380771279335022,15.700121879577637
930,3741,What is this bottle?,1,0.20689405500888824,0.0,0.2782568037509918,6.470016956329346,0.23651622235774994,3.583846092224121,0.33111974596977234,13.153721809387207
931,1981,What kind of yogurt is this?,1,0.21733751893043518,0.0,0.2689414322376251,6.470016956329346,0.29098084568977356,4.927561283111572,0.2845759987831116,13.92219352722168
932,345,I want to know what my screen says.,0,0.17328819632530212,0.0,0.2146914154291153,6.470016956329346,0.1919327974319458,3.7561521530151367,0.24798743426799774,16.303918838500977
933,3704,Color are the. What color are the boots?,1,0.32766830921173096,0.0,0.3775406777858734,6.470016956329346,0.3849121630191803,4.510862827301025,0.4263215959072113,13.201040267944336
934,927,"What question, what answer. Sorry, what options are available to me?",0,0.23651622235774994,0.0,0.2628418505191803,6.470016956329346,0.2568320035934448,3.482281446456909,0.19436782598495483,14.670171737670898
935,1123,"What does this say, what does this say",0,0.2120688110589981,0.0,0.2538610100746155,6.470016956329346,0.22815649211406708,3.4753828048706055,0.20434190332889557,13.595817565917969
936,1920,What type of pills are in this bottle?,1,0.18010665476322174,0.0,0.2393493503332138,6.470016956329346,0.21733751893043518,3.6805150508880615,0.3415825068950653,14.021636009216309
937,67,Product key for this version of Office.,0,0.3923368453979492,0.0,0.4687906503677368,6.470016956329346,0.42250463366508484,3.4543817043304443,0.36296921968460083,14.434433937072754
938,3748,What is this title.,0,0.2393493503332138,0.0,0.2658804953098297,6.470016956329346,0.2598256468772888,3.4825706481933594,0.2658804953098297,15.827949523925781
939,1236,Can you tell me what my rate is please?,0,0.08509904146194458,0.0,0.09534946084022522,6.470016956329346,0.08632348477840424,3.4933581352233887,0.13117322325706482,14.90461540222168
940,268,What is this item?,1,0.1540575623512268,0.0,0.20946969091892242,6.470016956329346,0.20946969091892242,4.7410054206848145,0.19559407234191895,13.65735912322998
941,2097,What is this?,1,0.27202457189559937,0.0,0.35220178961753845,6.470016956329346,0.3923368453979492,5.756979465484619,0.41111084818840027,16.559267044067383
942,376,In this photo here is it showing me or the back facing camera? If its showing the back of the camera you should see a computer of some sort if its showing me you should see a person.,1,0.10669060051441193,0.0,0.13660839200019836,6.470016956329346,0.11757213622331619,3.542482852935791,0.1127953976392746,12.855705261230469
943,344,What is on this page?,1,0.29421496391296387,0.0,0.38861799240112305,6.470016956329346,0.34510529041290283,4.163333892822266,0.46101680397987366,14.7200345993042
944,3,What is the title of this book? ,1,0.3812195658683777,0.0,0.43782350420951843,6.470016956329346,0.38861799240112305,3.51424241065979,0.5660185217857361,11.094389915466309
945,2691,What is this wine?,1,0.23370634019374847,0.0,0.30404165387153625,6.470016956329346,0.29421496391296387,4.435464859008789,0.35220178961753845,14.296791076660156
946,1154,whats on the screen,1,0.32766830921173096,0.0,0.41111084818840027,6.470016956329346,0.41869691014289856,4.927194118499756,0.43014732003211975,14.034029960632324
947,212,"Can you please give me as much as possible as what you see on my computer screen, whether it's a Windows log on or a blue screen of death or anything at all because I have a.",0,0.3923368453979492,0.0,0.47268345952033997,6.470016956329346,0.44167301058769226,3.618523359298706,0.28140559792518616,12.491705894470215
948,3758,"Can you tell me what's in this packet?  Some sort of microwave meal but I don't know what it is, thank you.",0,0.20946969091892242,0.0,0.25091278553009033,6.470016956329346,0.230919748544693,3.7415642738342285,0.10087861120700836,14.616890907287598
949,3826,Hello. Could you please tell me what kind of lunch meat this is? Thank you. The problem is waiting for this to stop. It doesn't,0,0.16026602685451508,0.0,0.16451644897460938,6.470016956329346,0.17328819632530212,3.4686875343322754,0.1540575623512268,13.692867279052734
950,2844,What is the temperature on this thermostat?,1,0.09534946084022522,0.0,0.1037486270070076,6.470016956329346,0.10230470448732376,3.4568684101104736,0.09009299427270889,15.63408374786377
951,1783,What is this object?,1,0.30404165387153625,0.0,0.4035668969154358,6.470016956329346,0.42250463366508484,5.6962714195251465,0.46490156650543213,17.234766006469727
952,332,What is on the screen?,0,0.15817435085773468,0.0,0.23370634019374847,6.470016956329346,0.19930800795555115,4.043287754058838,0.09467770159244537,18.063913345336914
953,213,What  can you see on this screen? ,0,0.29746994376182556,0.0,0.37387582659721375,6.470016956329346,0.3380771279335022,3.6876308917999268,0.19559407234191895,18.886125564575195
954,64,Alright see if you can see the ORCA serial number now.,0,0.2628418505191803,0.0,0.28776782751083374,6.470016956329346,0.2751297354698181,3.670092821121216,0.24508501589298248,14.473966598510742
955,165,Yeah what is this?,0,0.14033624529838562,0.0,0.16238002479076385,6.470016956329346,0.15817435085773468,3.9963338375091553,0.13477592170238495,15.488513946533203
956,870,What's written on this book?,0,0.20946969091892242,0.0,0.2538610100746155,6.470016956329346,0.2254166156053543,3.440401792526245,0.1259227693080902,17.4893798828125
957,1214,What is this?,1,0.2658804953098297,0.0,0.36296921968460083,6.470016956329346,0.42250463366508484,6.482081413269043,0.4455295503139496,16.301044464111328
958,1096,What does the text at the top of the screen say?,1,0.2751297354698181,0.0,0.314050555229187,6.470016956329346,0.30074557662010193,3.487215280532837,0.43782350420951843,15.611001014709473
959,3727,What is in this box?,1,0.2422056347131729,0.0,0.3345894515514374,6.470016956329346,0.3486451506614685,5.012737274169922,0.3415825068950653,14.689040184020996
960,1103,Do I have to hit anything? Any key combination to make it work?,0,0.22815649211406708,0.0,0.28776782751083374,6.470016956329346,0.2538610100746155,3.569777250289917,0.18952108919620514,17.21847915649414
961,2846,What kind of coffee is this?,1,0.18476751446723938,0.0,0.22815649211406708,6.470016956329346,0.2254166156053543,3.8159666061401367,0.23370634019374847,14.804883003234863
962,2891,Can you tell how much this says I weigh?,1,0.11757213622331619,0.0,0.13660839200019836,6.470016956329346,0.1276526302099228,3.762477159500122,0.17781086266040802,15.134437561035156
963,3726,When does this item expire? ,0,0.16026602685451508,0.0,0.19436782598495483,6.470016956329346,0.16667540371418,3.4677858352661133,0.14804719388484955,16.796762466430664
964,948,"In this picture, is the singer's mouth wider from top to bottom, or from side to side? Thank you.",0,0.20434190332889557,0.0,0.20946969091892242,6.470016956329346,0.22270014882087708,3.5768539905548096,0.20946969091892242,14.438386917114258
965,303,What is this T-shirt please?,1,0.39981165528297424,0.0,0.46490156650543213,6.470016956329346,0.49609383940696716,4.6558051109313965,0.4073334336280823,15.886898040771484
966,3655,Describe this place.,1,0.3380771279335022,0.0,0.3812195658683777,6.470016956329346,0.4148988127708435,5.27199125289917,0.7826625108718872,16.134319305419922
967,2643,What is the temperature of the thermastat? ,1,0.30404165387153625,0.0,0.34510529041290283,6.470016956329346,0.3775406777858734,5.039131164550781,0.3812195658683777,14.982135772705078
968,2722,What flavor is this? ,1,0.24508501589298248,0.0,0.3073580265045166,6.470016956329346,0.32423537969589233,4.967488765716553,0.314050555229187,14.15958023071289
969,3711,The expiration date.,0,0.24798743426799774,0.0,0.28140559792518616,6.470016956329346,0.2628418505191803,3.486394166946411,0.3123700022697449,15.747597694396973
970,242,Please tell me what the title of this book is? Thank you for your time.,1,0.32766830921173096,0.0,0.37387582659721375,6.470016956329346,0.3849121630191803,4.142941951751709,0.4493926465511322,10.338802337646484
971,3746,What is that a bottle of?,0,0.20946969091892242,0.0,0.28776782751083374,6.470016956329346,0.2598256468772888,3.6862642765045166,0.13028542697429657,16.65184783935547
972,2635,Is this a TV remote in front of me?,1,0.41869691014289856,0.0,0.5039061903953552,6.470016956329346,0.5234203934669495,5.21156120300293,0.3593641519546509,14.889254570007324
973,1156,Number to the highlighted text.,0,0.38861799240112305,0.0,0.43782350420951843,6.470016956329346,0.4073334336280823,3.4580557346343994,0.5117166042327881,12.444963455200195
974,3590,What color is this?,1,0.2689414322376251,0.0,0.3415825068950653,6.470016956329346,0.32423537969589233,4.28209924697876,0.3812195658683777,13.090374946594238
975,240,is this?,1,0.2598256468772888,0.0,0.30074557662010193,6.470016956329346,0.3073580265045166,4.149073600769043,0.4493926465511322,14.799169540405273
976,343,Can you please describe this picture to me? Thank you.,1,0.23651622235774994,0.0,0.2658804953098297,6.470016956329346,0.27202457189559937,3.9010560512542725,0.37387582659721375,12.122177124023438
977,207,What is this package?,0,0.08632348477840424,0.0,0.10230470448732376,6.470016956329346,0.09138210862874985,3.471356153488159,0.16451644897460938,16.713167190551758
978,3845,"What is this milk, sell by date?",0,0.1755380630493164,0.0,0.19682620465755463,6.470016956329346,0.18476751446723938,3.4885263442993164,0.15102781355381012,14.940053939819336
979,1988,What is this?,1,0.31742629408836365,0.0,0.44167301058769226,6.470016956329346,0.45713675022125244,5.881089687347412,0.5888891220092773,17.033071517944336
980,375,Can you read this these numbers please?,0,0.21733751893043518,0.0,0.25091278553009033,6.470016956329346,0.22815649211406708,3.45344877243042,0.2628418505191803,15.1096830368042
981,3464,Simplify the following expression.,1,0.2658804953098297,0.0,0.33111974596977234,6.470016956329346,0.3106943964958191,3.7995173931121826,0.38861799240112305,13.837535858154297
982,394,What gift card is this?,1,0.29746994376182556,0.0,0.3557748794555664,6.470016956329346,0.34510529041290283,4.219949722290039,0.3923368453979492,14.584524154663086
983,1852,What is this?,1,0.14414885640144348,0.0,0.2018132209777832,6.470016956329346,0.19436782598495483,4.8510518074035645,0.3593641519546509,15.763296127319336
984,3788,What color are these?,1,0.3812195658683777,0.0,0.47268345952033997,6.470016956329346,0.4687906503677368,4.963080883026123,0.35220178961753845,11.83642864227295
985,2088,what is this item?,0,0.25091278553009033,0.0,0.33111974596977234,6.470016956329346,0.33111974596977234,5.0196757316589355,0.18010665476322174,15.567691802978516
986,3541,Someone tell me what is this gift before I wrap it as a Christmas present.  Thank you.,1,0.16026602685451508,0.0,0.18242551386356354,6.470016956329346,0.18952108919620514,3.6547887325286865,0.38861799240112305,15.850205421447754
987,323,What is the capture code on this page?,0,0.2628418505191803,0.0,0.3106943964958191,6.470016956329346,0.2658804953098297,3.4555742740631104,0.17781086266040802,14.197412490844727
988,3806,Can anyone tell what this can is? It said press stop. This is a problem I ran into earlier. Like I press record and then it froze. ,1,0.2598256468772888,0.0,0.2751297354698181,6.470016956329346,0.29098084568977356,3.9494779109954834,0.4263215959072113,14.859128952026367
989,1238,What kind of fish is this?,1,0.22815649211406708,0.0,0.2751297354698181,6.470016956329346,0.30404165387153625,4.215806484222412,0.2628418505191803,15.931235313415527
990,3695,This is a table.,0,0.13660839200019836,0.0,0.15002882480621338,6.470016956329346,0.14608724415302277,3.459385395050049,0.2422056347131729,14.017393112182617
991,2615,You gonna take that.,0,0.2422056347131729,0.0,0.29098084568977356,6.470016956329346,0.2782568037509918,3.656412124633789,0.20434190332889557,15.809791564941406
992,129,Hi what's on this card?  I'm looking for some sort of ID number it could be eight digits.,0,0.20434190332889557,0.0,0.23651622235774994,6.470016956329346,0.22270014882087708,3.642900228500366,0.12852513790130615,14.532209396362305
993,2751,What type of spice is this?,1,0.2751297354698181,0.0,0.3380771279335022,6.470016956329346,0.3557748794555664,4.436469554901123,0.36296921968460083,13.385619163513184
994,1226,What's written on this phone?,0,0.11124120652675629,0.0,0.11757213622331619,6.470016956329346,0.1208532303571701,3.471356153488159,0.13477592170238495,17.67330551147461
995,2681,What color is this slip?,1,0.3208213150501251,0.0,0.4035668969154358,6.470016956329346,0.39606815576553345,4.252647399902344,0.4073334336280823,12.236618041992188
996,2704,What is this label? Thank you.,0,0.39981165528297424,0.0,0.4532618820667267,6.470016956329346,0.42250463366508484,3.4748477935791016,0.36658975481987,13.340909004211426
997,313,Has that brought those buttons into focus? I'm thinking that one of them might be a skip button. ,1,0.30074557662010193,0.0,0.3415825068950653,6.470016956329346,0.3345894515514374,4.022182941436768,0.3557748794555664,14.469300270080566
998,942,What's on this computer screen?,1,0.314050555229187,0.0,0.3849121630191803,6.470016956329346,0.36296921968460083,4.07191801071167,0.3073580265045166,13.259912490844727
999,2011,Could you please describe this shirt to me?,1,0.34510529041290283,0.0,0.41111084818840027,6.470016956329346,0.41869691014289856,4.760867595672607,0.7279754281044006,16.58538055419922
1000,2827,What flavor is this?,0,0.06008664518594742,0.0,0.07263670116662979,6.470016956329346,0.0627892017364502,3.471356153488159,0.07107366621494293,16.51028060913086
1001,1824,What's this?,1,0.35220178961753845,0.0,0.3923368453979492,6.470016956329346,0.4148988127708435,5.351607799530029,0.5350984334945679,15.031338691711426
1002,2736,What color is this?,1,0.28140559792518616,0.0,0.36296921968460083,6.470016956329346,0.34510529041290283,4.412520408630371,0.36658975481987,13.312385559082031
1003,1757,What dvd is this?,1,0.3345894515514374,0.0,0.4148988127708435,6.470016956329346,0.3923368453979492,3.9193997383117676,0.39606815576553345,14.169678688049316
1004,223,Can you please tell me the percentage or progress of the Windows 7 installation? ,0,0.09807932376861572,0.0,0.12252321094274521,6.470016956329346,0.09947021305561066,3.5134658813476562,0.20946969091892242,17.472999572753906
1005,2987,What is in this box?,0,0.12421300262212753,0.0,0.16451644897460938,6.470016956329346,0.13477592170238495,3.4666178226470947,0.11920291930437088,20.22242546081543
1006,3828,What is this image?,1,0.3486451506614685,0.0,0.42250463366508484,6.470016956329346,0.43014732003211975,5.395043849945068,0.6548947095870972,16.380998611450195
1007,2623,I would like to know what the medication label is on this bottle is and what dosage it is on the bottle. Thank you.,0,0.19682620465755463,0.0,0.230919748544693,6.470016956329346,0.2120688110589981,3.442317485809326,0.12852513790130615,15.353787422180176
1008,2708,For how long do I cook this in the microwave?,0,0.14804719388484955,0.0,0.16238002479076385,6.470016956329346,0.16026602685451508,3.457505464553833,0.15713685750961304,20.022197723388672
1009,114,What are the letters I need to enter in?,1,0.2018132209777832,0.0,0.25091278553009033,6.470016956329346,0.24798743426799774,4.092029571533203,0.28776782751083374,12.781333923339844
1010,2975,What is this bat?,0,0.16026602685451508,0.0,0.18952108919620514,6.470016956329346,0.1710611879825592,3.448653221130371,0.25091278553009033,15.766023635864258
1011,131,"Can you see a bottle in this picture? And if so, what is it?",1,0.30404165387153625,0.0,0.36296921968460083,6.470016956329346,0.3486451506614685,3.885849952697754,0.637030839920044,15.1829252243042
1012,2634,What shirt is this?,1,0.3073580265045166,0.0,0.3849121630191803,6.470016956329346,0.3593641519546509,3.8753421306610107,0.39981165528297424,11.480491638183594
1013,1262,what is this?,0,0.20689405500888824,0.0,0.2845759987831116,6.470016956329346,0.29098084568977356,5.219340801239014,0.16667540371418,17.14097023010254
1014,1078,What is this?,1,0.2845759987831116,0.0,0.37387582659721375,6.470016956329346,0.4073334336280823,5.841757774353027,0.5195213556289673,16.218948364257812
1015,3818,What is the name and manufacturer serial number of this CCTV?,0,0.2254166156053543,0.0,0.28776782751083374,6.470016956329346,0.23651622235774994,3.4540188312530518,0.13939638435840607,14.855955123901367
1016,2055,Can you describe the photo outside the text?,1,0.2422056347131729,0.0,0.29746994376182556,6.470016956329346,0.30074557662010193,4.26396369934082,0.39606815576553345,14.474196434020996
1017,1258,What is this color?,1,0.2658804953098297,0.0,0.31742629408836365,6.470016956329346,0.3073580265045166,4.322910308837891,0.30074557662010193,12.618887901306152
1018,2801,What kind of tea is this?,0,0.13296423852443695,0.0,0.16451644897460938,6.470016956329346,0.14608724415302277,3.4624216556549072,0.1127953976392746,19.332990646362305
1019,2816,What's in this container?,1,0.23651622235774994,0.0,0.33111974596977234,6.470016956329346,0.2782568037509918,3.965282440185547,0.3415825068950653,11.124861717224121
1020,3849,Is it sunny outside?,1,0.5698526501655579,0.0,0.665410578250885,6.470016956329346,0.6584175229072571,4.345986366271973,0.7718434929847717,14.487520217895508
1021,2848,What color is the wall?,1,0.31742629408836365,0.0,0.41869691014289856,6.470016956329346,0.4073334336280823,4.360091209411621,0.3106943964958191,13.104188919067383
1022,3786,What is in the little bottle that is on the table?,0,0.25091278553009033,0.0,0.3593641519546509,6.470016956329346,0.28140559792518616,3.486466884613037,0.1208532303571701,19.218690872192383
1023,2007,What is this?,1,0.20946969091892242,0.0,0.3106943964958191,6.470016956329346,0.30404165387153625,5.5051655769348145,0.36658975481987,16.04634666442871
1024,352,ok as requested i've moved my camera to the left and can you please tell me what the screen says thank you very much,1,0.3415825068950653,0.0,0.3923368453979492,6.470016956329346,0.3849121630191803,4.026021480560303,0.6001883149147034,17.504100799560547
1025,2919,What color is it?,1,0.3106943964958191,0.0,0.4035668969154358,6.470016956329346,0.37387582659721375,3.9905054569244385,0.3380771279335022,10.564184188842773
1026,2795,What is this?,1,0.19436782598495483,0.0,0.2782568037509918,6.470016956329346,0.2782568037509918,5.353323936462402,0.5234203934669495,16.252668380737305
1027,1105,What is the computer screen showing?,1,0.37387582659721375,0.0,0.49609383940696716,6.470016956329346,0.46490156650543213,4.340740203857422,0.5039061903953552,14.195396423339844
1028,916,What does my screen say?,0,0.17328819632530212,0.0,0.22270014882087708,6.470016956329346,0.19436782598495483,3.558593988418579,0.1030244305729866,17.240928649902344
1029,2995,This is the display of a treadmill.  Can you tell me the distance off the top display please.,0,0.23370634019374847,0.0,0.2751297354698181,6.470016956329346,0.2751297354698181,3.8926968574523926,0.23651622235774994,15.045805931091309
1030,2963,Is there a test piece here?,0,0.2598256468772888,0.0,0.30404165387153625,6.470016956329346,0.29746994376182556,3.9884839057922363,0.22000709176063538,14.241403579711914
1031,244,Please tell us what the screen says on the computer.,1,0.3593641519546509,0.0,0.43782350420951843,6.470016956329346,0.41111084818840027,3.768977165222168,0.6619228720664978,13.092830657958984
1032,2654,What's this?,1,0.32423537969589233,0.0,0.36296921968460083,6.470016956329346,0.38861799240112305,5.283583641052246,0.562176525592804,15.911738395690918
1033,2112,What color is this?,1,0.4073334336280823,0.0,0.4882833957672119,6.470016956329346,0.4843800961971283,4.8818278312683105,0.4339814782142639,11.761335372924805
1034,2822,What is this?,1,0.23370634019374847,0.0,0.3208213150501251,6.470016956329346,0.3415825068950653,5.7160797119140625,0.4765796661376953,17.700725555419922
1035,1138,What does this say?,0,0.2393493503332138,0.0,0.2751297354698181,6.470016956329346,0.2658804953098297,3.6865952014923096,0.167763352394104,16.209426879882812
1036,907,"Hi, can you tell me the activation code on this iTunes card? Thanks. ",0,0.16026602685451508,0.0,0.18713268637657166,6.470016956329346,0.16451644897460938,3.4668498039245605,0.12940272688865662,15.670464515686035
1037,3700,What is this?,0,0.16667540371418,0.0,0.23651622235774994,6.470016956329346,0.2254166156053543,5.144737243652344,0.1755380630493164,17.49287223815918
1038,2041,What is this?,1,0.36296921968460083,0.0,0.4843800961971283,6.470016956329346,0.531209409236908,6.15874719619751,0.531209409236908,17.782371520996094
1039,221,Looking for the time that this screen is trying to tell me. I'm trying to do a FileVault decryption. ,0,0.18476751446723938,0.0,0.19930800795555115,6.470016956329346,0.19930800795555115,3.4905388355255127,0.15921740233898163,15.897174835205078
1040,3606,What does this box say?,0,0.30074557662010193,0.0,0.37022536993026733,6.470016956329346,0.3208213150501251,3.454549789428711,0.16885696351528168,15.590437889099121
1041,1733,What does the screen say?,1,0.37022536993026733,0.0,0.4455295503139496,6.470016956329346,0.4339814782142639,4.453466415405273,0.581303060054779,15.929043769836426
1042,319,Is my computer screen lit up?,1,0.43782350420951843,0.0,0.5195213556289673,6.470016956329346,0.5234203934669495,4.770537376403809,0.2538610100746155,12.758177757263184
1043,2772,what is this product?,1,0.3345894515514374,0.0,0.44167301058769226,6.470016956329346,0.45713675022125244,5.678488731384277,0.39606815576553345,12.664050102233887
1044,1225,Can you tell me what's in this jar please?  ,1,0.30404165387153625,0.0,0.3557748794555664,6.470016956329346,0.37022536993026733,4.624043941497803,0.665410578250885,18.26654052734375
1045,1968,What does this say?,1,0.30404165387153625,0.0,0.37387582659721375,6.470016956329346,0.37387582659721375,4.679781436920166,0.6406359076499939,16.062854766845703
1046,266,What color has the light?,1,0.19930800795555115,0.0,0.2393493503332138,6.470016956329346,0.230919748544693,3.7142016887664795,0.18952108919620514,11.075729370117188
1047,1979,What is this?,0,0.19682620465755463,0.0,0.2538610100746155,6.470016956329346,0.24508501589298248,4.061048984527588,0.16238002479076385,16.56452751159668
1048,3542,What kind of drink is this?,1,0.3380771279335022,0.0,0.43014732003211975,6.470016956329346,0.4687906503677368,5.581480979919434,0.3415825068950653,13.691439628601074
1049,2629,What does it say here?,1,0.29746994376182556,0.0,0.36296921968460083,6.470016956329346,0.3380771279335022,3.6847612857818604,0.6619228720664978,15.834806442260742
1050,1111,What does this say please?,0,0.2689414322376251,0.0,0.3345894515514374,6.470016956329346,0.29421496391296387,3.5698373317718506,0.2393493503332138,12.429652214050293
1051,1208,What is this?,1,0.3106943964958191,0.0,0.3923368453979492,6.470016956329346,0.44167301058769226,6.179328918457031,0.4804786741733551,15.930105209350586
1052,3851,What is this?,1,0.1710611879825592,0.0,0.25091278553009033,6.470016956329346,0.24798743426799774,5.205106258392334,0.42250463366508484,17.364200592041016
1053,2944,Hello Jordan. Lovely,0,0.28776782751083374,0.0,0.3208213150501251,6.470016956329346,0.30074557662010193,3.465688705444336,0.2422056347131729,14.916799545288086
1054,1970,Please just describe what this is.,1,0.4148988127708435,0.0,0.4804786741733551,6.470016956329346,0.5078118443489075,5.448864936828613,0.6297746300697327,14.473868370056152
1055,1821,Who are the wrestlers in on this DVD?,1,0.41869691014289856,0.0,0.5039061903953552,6.470016956329346,0.4804786741733551,4.150519847869873,0.46490156650543213,10.965444564819336
1056,2899,What is this?,1,0.16026602685451508,0.0,0.22815649211406708,6.470016956329346,0.25091278553009033,5.906485557556152,0.35398629307746887,17.357921600341797
1057,3608,"Is the picture on this card the logo, is it Master, Visa or Ammex?",0,0.17781086266040802,0.0,0.19930800795555115,6.470016956329346,0.18952108919620514,3.4597864151000977,0.21866938471794128,17.258859634399414
1058,1738,What is that a coupon for?,1,0.3923368453979492,0.0,0.4882833957672119,6.470016956329346,0.45713675022125244,3.820807933807373,0.5389832258224487,15.404272079467773
1059,75,Product key for this version of office?,0,0.22270014882087708,0.0,0.2628418505191803,6.470016956329346,0.230919748544693,3.4595892429351807,0.1276526302099228,12.282769203186035
1060,2836,"What is this, please?",0,0.16238002479076385,0.0,0.19682620465755463,6.470016956329346,0.17781086266040802,3.5282862186431885,0.18713268637657166,16.65132713317871
1061,245,Which one of the three images is the Google logo?,0,0.30074557662010193,0.0,0.3849121630191803,6.470016956329346,0.35220178961753845,3.790648937225342,0.11676400899887085,16.83250617980957
1062,3819,What is on this captcha please?,1,0.1259227693080902,0.0,0.14414885640144348,6.470016956329346,0.14414885640144348,3.7426059246063232,0.25091278553009033,12.17449951171875
1063,2957,What is this?,1,0.3106943964958191,0.0,0.4148988127708435,6.470016956329346,0.4263215959072113,5.935003280639648,0.6442251205444336,16.272598266601562
1064,380,What does the text in this captcha image say?,0,0.14223188161849976,0.0,0.16238002479076385,6.470016956329346,0.14608724415302277,3.471356153488159,0.19930800795555115,15.683101654052734
1065,971,You can email this address in this business card.,0,0.22270014882087708,0.0,0.24508501589298248,6.470016956329346,0.230919748544693,3.4550867080688477,0.24798743426799774,14.436222076416016
1066,359,"Can you tell by looking at this, at the label, what it is, I think it's a piece, a dvd in the mail.",1,0.28776782751083374,0.0,0.3380771279335022,6.470016956329346,0.33111974596977234,3.8346798419952393,0.5660185217857361,14.896661758422852
1067,2992,What kind of Keurig cup is this?,1,0.12940272688865662,0.0,0.14033624529838562,6.470016956329346,0.14608724415302277,4.053557395935059,0.1127953976392746,12.615046501159668
1068,1797,What's this?,1,0.2689414322376251,0.0,0.29421496391296387,6.470016956329346,0.3106943964958191,5.313917636871338,0.43014732003211975,15.238415718078613
1069,26,I was wondering how ominous the sky is looking here at the northwest.,1,0.46101680397987366,0.0,0.531209409236908,6.470016956329346,0.5506073832511902,4.038985252380371,0.4687906503677368,17.22427749633789
1070,2860,What is in this bag?,1,0.39606815576553345,0.0,0.5039061903953552,6.470016956329346,0.5039061903953552,4.95895528793335,0.5350984334945679,14.16357707977295
1071,286,Is the dialogue there now?,1,0.2658804953098297,0.0,0.29746994376182556,6.470016956329346,0.29421496391296387,3.74531888961792,0.1710611879825592,14.62812328338623
1072,404,"Please, I need to know what is this screen.  What is written in this screen?  Thank you.",1,0.3486451506614685,0.0,0.41111084818840027,6.470016956329346,0.4035668969154358,3.7866435050964355,0.4339814782142639,13.41738224029541
1073,2915,What is in the picture? ,1,0.36296921968460083,0.0,0.4339814782142639,6.470016956329346,0.4532618820667267,4.978968143463135,0.6791787147521973,18.05175018310547
1074,3718,What is this?,1,0.29746994376182556,0.0,0.39606815576553345,6.470016956329346,0.41869691014289856,5.770671844482422,0.5544704794883728,16.229110717773438
1075,3688,Can you tell me what that is?,1,0.3073580265045166,0.0,0.41869691014289856,6.470016956329346,0.41111084818840027,4.872811794281006,0.41869691014289856,17.369606018066406
1076,3789,What are the directions for this entree?,0,0.2598256468772888,0.0,0.29098084568977356,6.470016956329346,0.27202457189559937,3.4601969718933105,0.17328819632530212,19.138608932495117
1077,94,"Is this picture clear, and where are we now?",1,0.3923368453979492,0.0,0.4493926465511322,6.470016956329346,0.4455295503139496,3.8813259601593018,0.4804786741733551,12.46633243560791
1078,2906,What is this?,1,0.25091278553009033,0.0,0.35220178961753845,6.470016956329346,0.36658975481987,6.038707256317139,0.5195213556289673,15.418400764465332
1079,237,Is there any change to the monitor?,1,0.14414885640144348,0.0,0.16026602685451508,6.470016956329346,0.16238002479076385,3.944490671157837,0.13296423852443695,12.143341064453125
1080,247,What does this message say?,0,0.20689405500888824,0.0,0.2568320035934448,6.470016956329346,0.2422056347131729,3.9511537551879883,0.20561504364013672,14.17838191986084
1081,2970,What is this item?,1,0.24798743426799774,0.0,0.32766830921173096,6.470016956329346,0.31742629408836365,4.461248874664307,0.3208213150501251,13.51327133178711
1082,2824,What is the crock pot setting?,1,0.23651622235774994,0.0,0.31742629408836365,6.470016956329346,0.314050555229187,4.513700008392334,0.39606815576553345,15.699240684509277
1083,167,What does this say?,0,0.2598256468772888,0.0,0.33111974596977234,6.470016956329346,0.28140559792518616,3.443972110748291,0.21601153910160065,15.178874969482422
1084,1239,Please describe this picture.,1,0.14804719388484955,0.0,0.15817435085773468,6.470016956329346,0.15817435085773468,4.31633996963501,0.36296921968460083,15.90792465209961
1085,3565,What kind of flower is this?,1,0.314050555229187,0.0,0.3775406777858734,6.470016956329346,0.41111084818840027,4.4234185218811035,0.314050555229187,15.251999855041504
1086,1247,What color is this shirt?,1,0.27202457189559937,0.0,0.3345894515514374,6.470016956329346,0.32766830921173096,5.038807392120361,0.2568320035934448,10.703816413879395
1087,157,Can you tell what I'm playing?,1,0.22270014882087708,0.0,0.2598256468772888,6.470016956329346,0.2568320035934448,4.114676475524902,0.581303060054779,15.119523048400879
1088,17,What is this?,1,0.13117322325706482,0.0,0.18242551386356354,6.470016956329346,0.15817435085773468,4.050660610198975,0.30074557662010193,15.443949699401855
1089,2091,Come in with these,0,0.29421496391296387,0.0,0.3415825068950653,6.470016956329346,0.314050555229187,3.4571549892425537,0.16026602685451508,13.7174072265625
1090,3509,What is this?,1,0.16451644897460938,0.0,0.23651622235774994,6.470016956329346,0.2146914154291153,4.663496494293213,0.45713675022125244,16.275041580200195
1091,2949,What is on the screen?,1,0.4035668969154358,0.0,0.4882833957672119,6.470016956329346,0.4687906503677368,4.102164268493652,0.5273165106773376,13.847027778625488
1092,369,What does this label say?,0,0.35220178961753845,0.0,0.4339814782142639,6.470016956329346,0.37387582659721375,3.4461400508880615,0.169956237077713,17.82442855834961
1093,2750,Can you please tell me what the oven temperature is set to?,1,0.10230470448732376,0.0,0.1208532303571701,6.470016956329346,0.1127953976392746,3.7901370525360107,0.230919748544693,17.55342674255371
1094,2664,What is in the can in my right hand in the picture?,1,0.31742629408836365,0.0,0.39981165528297424,6.470016956329346,0.38861799240112305,4.491815090179443,0.36658975481987,15.57397174835205
1095,3574,"Well, you know I,   Look, if you want things durable then you want a rubber caging, a plastic, like a ...",0,0.16667540371418,0.0,0.1919327974319458,6.470016956329346,0.18010665476322174,3.512622356414795,0.16238002479076385,16.665966033935547
1096,2031,What color is this please.,1,0.29421496391296387,0.0,0.37387582659721375,6.470016956329346,0.3849121630191803,5.600458145141602,0.39981165528297424,12.781506538391113
1097,393,"testing, testing",0,0.29421496391296387,0.0,0.35220178961753845,6.470016956329346,0.3106943964958191,3.451498508453369,0.200557678937912,15.055412292480469
1098,1741,What is in this bottle?,1,0.18010665476322174,0.0,0.2689414322376251,6.470016956329346,0.24508501589298248,4.360820770263672,0.3208213150501251,13.618195533752441
1099,300,Is the same screen still up? Or did it change? I just--tried to hit finish. ,0,0.24798743426799774,0.0,0.28776782751083374,6.470016956329346,0.2782568037509918,3.808845043182373,0.19930800795555115,14.685067176818848
1100,1257,What color is my hair?,1,0.13660839200019836,0.0,0.16667540371418,6.470016956329346,0.16026602685451508,3.8383865356445312,0.13477592170238495,14.057417869567871
1101,385,What's on the screen?,1,0.22000709176063538,0.0,0.28776782751083374,6.470016956329346,0.2568320035934448,3.865605115890503,0.30404165387153625,13.803305625915527
1102,389,What does this say?,0,0.2393493503332138,0.0,0.3106943964958191,6.470016956329346,0.28140559792518616,3.693390130996704,0.30569732189178467,14.802053451538086
1103,1790,What's it say to put this on?  how many minutes?,0,0.18952108919620514,0.0,0.19930800795555115,6.470016956329346,0.19682620465755463,3.4624528884887695,0.167763352394104,17.84653663635254
1104,2802,What is the color of this blouse?,1,0.29098084568977356,0.0,0.3593641519546509,6.470016956329346,0.35220178961753845,4.085776329040527,0.2782568037509918,12.981271743774414
1105,2764,Is there is a light on on this thing?,1,0.4339814782142639,0.0,0.531209409236908,6.470016956329346,0.49218812584877014,4.822892665863037,0.8705973029136658,17.47313117980957
1106,2984,is there any text on my computer screen?,1,0.3415825068950653,0.0,0.4493926465511322,6.470016956329346,0.41869691014289856,4.879598140716553,0.637030839920044,14.192795753479004
1107,2980,"There are two bottles, what are they?",0,0.230919748544693,0.0,0.30404165387153625,6.470016956329346,0.2845759987831116,3.7659409046173096,0.2030746340751648,16.64381980895996
1108,2087,What is this?,0,0.16238002479076385,0.0,0.21733751893043518,6.470016956329346,0.19930800795555115,4.095283031463623,0.16667540371418,17.663101196289062
1109,1271,What color is it?,1,0.37387582659721375,0.0,0.47268345952033997,6.470016956329346,0.44167301058769226,3.921592950820923,0.4035668969154358,9.272401809692383
1110,124,"Yeah, it should be fine, I'm just trying to post it online so someone can see all the inputs and connectors and things like that. If you can see those, then yeah, email it to me at mike@melo.com",1,0.5156199336051941,0.0,0.5506073832511902,6.470016956329346,0.5544704794883728,3.538104772567749,0.66888028383255,14.301468849182129
1111,974,please read the counter.,1,0.22815649211406708,0.0,0.2658804953098297,6.470016956329346,0.2538610100746155,3.646498441696167,0.2393493503332138,14.086581230163574
1112,2115,What is this?,0,0.2120688110589981,0.0,0.29421496391296387,6.470016956329346,0.28776782751083374,4.999392509460449,0.22270014882087708,17.213130950927734
1113,2141,What is this? ,1,0.36296921968460083,0.0,0.4532618820667267,6.470016956329346,0.5039061903953552,6.204242706298828,0.562176525592804,17.045873641967773
1114,3489,What is this item please?,1,0.38861799240112305,0.0,0.46101680397987366,6.470016956329346,0.4843800961971283,5.639987945556641,0.5273165106773376,13.627573013305664
1115,1231,Which K cups contain coffee?,1,0.10230470448732376,0.0,0.11920291930437088,6.470016956329346,0.1127953976392746,3.7717015743255615,0.0792103260755539,14.103646278381348
1116,2628,What is this?,1,0.2538610100746155,0.0,0.3345894515514374,6.470016956329346,0.3593641519546509,5.797942161560059,0.5039061903953552,15.997696876525879
1117,138,What is on this piece of paper?  Thank you.,1,0.49218812584877014,0.0,0.596433162689209,6.470016956329346,0.5888891220092773,4.4130730628967285,0.740174412727356,14.170073509216309
1118,2701,What flavor is this energy bar?,0,0.14033624529838562,0.0,0.16885696351528168,6.470016956329346,0.14804719388484955,3.471356153488159,0.14223188161849976,18.22556495666504
1119,1254,What is the picture?,1,0.29421496391296387,0.0,0.3849121630191803,6.470016956329346,0.36658975481987,4.37566614151001,0.45713675022125244,14.250908851623535
1120,2090,I need to know what is in this package.  ,1,0.2146914154291153,0.0,0.2598256468772888,6.470016956329346,0.2658804953098297,4.26465368270874,0.2751297354698181,17.050670623779297
1121,1825,What catalogue is this?,1,0.42250463366508484,0.0,0.5,6.470016956329346,0.5195213556289673,4.190056324005127,0.41111084818840027,13.645187377929688
1122,998,"Yes this is a captcha image and I just need to know what the two words are, on the screen. ",1,0.2751297354698181,0.0,0.31742629408836365,6.470016956329346,0.29746994376182556,3.5933759212493896,0.39981165528297424,13.158573150634766
1123,333,I'm trying again.  I moved the camera.  Can you tell me where this piece of mail is from?  Thank you.,0,0.18713268637657166,0.0,0.1919327974319458,6.470016956329346,0.21733751893043518,3.6628811359405518,0.19072401523590088,15.212089538574219
1124,164,What is that word?,1,0.12940272688865662,0.0,0.16451644897460938,6.470016956329346,0.15002882480621338,3.8564672470092773,0.20946969091892242,14.659587860107422
1125,2125,what this card is?,0,0.1276526302099228,0.0,0.15817435085773468,6.470016956329346,0.13296423852443695,3.4905734062194824,0.11201596260070801,17.89177894592285
1126,3807,What is this?,1,0.20946969091892242,0.0,0.28140559792518616,6.470016956329346,0.29421496391296387,5.512569904327393,0.5273165106773376,15.93787956237793
1127,896,I need a number that is on this card. It should be a long number with several digits and there is also a verification code that is three digits.,0,0.13296423852443695,0.0,0.16238002479076385,6.470016956329346,0.13846179842948914,3.4676167964935303,0.08756384998559952,14.599668502807617
1128,318,"I'm sorry I'm in the hospital and I'm trying to get this set up so that I can use it for accessibiliy. What does the screen show? Give a general idea, thank you.",1,0.29098084568977356,0.0,0.35220178961753845,6.470016956329346,0.3415825068950653,4.165319919586182,0.3415825068950653,13.478964805603027
1129,1828,"Hello, tell me please, what color is this t-shirt?",1,0.13117322325706482,0.0,0.13660839200019836,6.470016956329346,0.15002882480621338,3.6973233222961426,0.0838903859257698,14.802695274353027
1130,3515,What is the brand of this case?,0,0.15002882480621338,0.0,0.18952108919620514,6.470016956329346,0.16451644897460938,3.4667117595672607,0.09203286468982697,16.102275848388672
1131,342,What is written on the back of this sofa,1,0.34510529041290283,0.0,0.41111084818840027,6.470016956329346,0.4035668969154358,3.768064022064209,0.4493926465511322,12.639060020446777
1132,3002,What movie is this?,1,0.2538610100746155,0.0,0.314050555229187,6.470016956329346,0.2751297354698181,3.445019483566284,0.2798285186290741,13.38231086730957
1133,3796,What color is this bell?,1,0.34510529041290283,0.0,0.41869691014289856,6.470016956329346,0.4263215959072113,4.87987756729126,0.2751297354698181,12.34351634979248
1134,321,What is written on the screen?,1,0.29421496391296387,0.0,0.36658975481987,6.470016956329346,0.3415825068950653,4.033398628234863,0.4843800961971283,14.69565200805664
1135,3469,What is this?,1,0.22270014882087708,0.0,0.29746994376182556,6.470016956329346,0.314050555229187,5.602595329284668,0.5660185217857361,16.438945770263672
1136,2773,What is this?,0,0.16026602685451508,0.0,0.22270014882087708,6.470016956329346,0.2120688110589981,4.458882808685303,0.17781086266040802,17.000030517578125
1137,2826,What is that?,1,0.1919327974319458,0.0,0.2751297354698181,6.470016956329346,0.30074557662010193,6.406135082244873,0.34510529041290283,16.03558349609375
1138,3561,What color are these pants?,1,0.17781086266040802,0.0,0.2018132209777832,6.470016956329346,0.22270014882087708,4.1398701667785645,0.11596070975065231,11.3084716796875
1139,65,What is the person doing?,1,0.29421496391296387,0.0,0.39606815576553345,6.470016956329346,0.3812195658683777,4.903388023376465,0.38861799240112305,15.468647003173828
1140,1224,Which card is this?,0,0.19682620465755463,0.0,0.23370634019374847,6.470016956329346,0.2120688110589981,3.4452552795410156,0.18010665476322174,13.51081657409668
1141,3862,What is this?,0,0.25091278553009033,0.0,0.3345894515514374,6.470016956329346,0.30404165387153625,4.2002644538879395,0.2393493503332138,16.677534103393555
1142,1896,what color,1,0.22270014882087708,0.0,0.2782568037509918,6.470016956329346,0.2628418505191803,4.033368110656738,0.18010665476322174,11.182806968688965
1143,1066,What does the screen say?,1,0.5117166042327881,0.0,0.581303060054779,6.470016956329346,0.5660185217857361,4.342313766479492,0.6757646203041077,16.78152084350586
1144,2978,What is this?,1,0.16667540371418,0.0,0.22000709176063538,6.470016956329346,0.20434190332889557,4.227884769439697,0.3106943964958191,16.075302124023438
1145,1234,Speaker:  Can you please tell me the title of this book?  Thank you.,0,0.34510529041290283,0.0,0.43014732003211975,6.470016956329346,0.4035668969154358,4.074985980987549,0.39981165528297424,8.842244148254395
1146,1277,please explain what the label on my router says thank you.,0,0.2018132209777832,0.0,0.22815649211406708,6.470016956329346,0.22270014882087708,3.6100292205810547,0.3923368453979492,16.533432006835938
1147,422,Calculate this.,0,0.19682620465755463,0.0,0.230919748544693,6.470016956329346,0.20434190332889557,3.5001564025878906,0.17328819632530212,14.205419540405273
1148,2711,What does this say?,0,0.3486451506614685,0.0,0.4339814782142639,6.470016956329346,0.41869691014289856,4.374022483825684,0.23651622235774994,15.804062843322754
1149,3886,What is this can?,1,0.3208213150501251,0.0,0.37022536993026733,6.470016956329346,0.36296921968460083,3.7602691650390625,0.42250463366508484,12.84398365020752
1150,2985,What is this?,1,0.32766830921173096,0.0,0.39981165528297424,6.470016956329346,0.43782350420951843,6.30819845199585,0.5234203934669495,16.729076385498047
1151,1268,What is this?,0,0.19930800795555115,0.0,0.2751297354698181,6.470016956329346,0.23651622235774994,3.812407970428467,0.14033624529838562,16.54545021057129
1152,3488,Can you tell what this item is?,1,0.22270014882087708,0.0,0.2782568037509918,6.470016956329346,0.2782568037509918,4.719658374786377,0.5736784338951111,15.156560897827148
1153,1182,What is this?,1,0.28140559792518616,0.0,0.3775406777858734,6.470016956329346,0.4073334336280823,6.253602027893066,0.4035668969154358,16.059722900390625
1154,1133,I'd like to know if the start up wizard set up wizard is moving or progressing or if I need to do something with the screen. Thanks.,1,0.1710611879825592,0.0,0.19436782598495483,6.470016956329346,0.18242551386356354,3.6881115436553955,0.230919748544693,16.155916213989258
1155,3725,What is this?,1,0.3345894515514374,0.0,0.4148988127708435,6.470016956329346,0.4493926465511322,5.4656476974487305,0.3923368453979492,15.907352447509766
1156,3823,What color are these shoes?,1,0.2146914154291153,0.0,0.2689414322376251,6.470016956329346,0.27202457189559937,4.980129241943359,0.18010665476322174,12.51179027557373
1157,1751,Can you tell me what this product is?,0,0.18476751446723938,0.0,0.2422056347131729,6.470016956329346,0.2146914154291153,3.542693614959717,0.11357959359884262,16.104812622070312
1158,952,I was wondering if you could read what was on the screen? I hope I got a good picture.,0,0.25091278553009033,0.0,0.32766830921173096,6.470016956329346,0.28140559792518616,3.6769046783447266,0.37022536993026733,13.871374130249023
1159,3637,What dinner is this?,1,0.09534946084022522,0.0,0.10970577597618103,6.470016956329346,0.10521053522825241,3.474198818206787,0.0792103260755539,13.502766609191895
1160,3846,What sauce is this?,1,0.2658804953098297,0.0,0.33111974596977234,6.470016956329346,0.37022536993026733,5.362375259399414,0.36296921968460083,14.022621154785156
1161,1008,What's on the screen?,1,0.4532618820667267,0.0,0.5467381477355957,6.470016956329346,0.5078118443489075,4.351077079772949,0.5234203934669495,13.370833396911621
1162,1815,Which laptop is this?,0,0.10087861120700836,0.0,0.10521053522825241,6.470016956329346,0.10521053522825241,3.4710047245025635,0.16026602685451508,12.93997859954834
1163,408,Why is this computer not booting up?,1,0.15817435085773468,0.0,0.18476751446723938,6.470016956329346,0.18242551386356354,3.577136993408203,0.19930800795555115,12.952422142028809
1164,401,What is written on the paper?,1,0.30074557662010193,0.0,0.36296921968460083,6.470016956329346,0.3345894515514374,3.903985023498535,0.4148988127708435,13.411799430847168
1165,2698,What is this package?,1,0.18010665476322174,0.0,0.23651622235774994,6.470016956329346,0.2254166156053543,4.225683689117432,0.13660839200019836,13.675067901611328
1166,2796,"So um I'm trying to figure what kind of radio this is, so any information so I can get one of my own, that'd be great, thanks. ",0,0.2689414322376251,0.0,0.2845759987831116,6.470016956329346,0.29421496391296387,3.5129477977752686,0.2658804953098297,13.391175270080566
1167,2977,What kind of beverage is this? ,1,0.32766830921173096,0.0,0.43014732003211975,6.470016956329346,0.41869691014289856,4.386050224304199,0.44167301058769226,15.20524787902832
1168,2022,What color is this?,1,0.2845759987831116,0.0,0.3415825068950653,6.470016956329346,0.3380771279335022,4.040741443634033,0.2751297354698181,11.113879203796387
1169,89,Is there a button I need to press to make it resume? Or do I just wait?,0,0.28776782751083374,0.0,0.33111974596977234,6.470016956329346,0.3208213150501251,3.5283594131469727,0.2704802453517914,18.058948516845703
1170,3640,What is this please?,0,0.30074557662010193,0.0,0.3849121630191803,6.470016956329346,0.3923368453979492,4.882904529571533,0.16132023930549622,15.071748733520508
1171,1998,what does it say?,1,0.2146914154291153,0.0,0.2568320035934448,6.470016956329346,0.24508501589298248,4.478940963745117,0.4804786741733551,16.621849060058594
1172,3584,Is this a 5 or a 10 Canadian dollar bill?,1,0.14223188161849976,0.0,0.1561049073934555,6.470016956329346,0.16451644897460938,5.1980881690979,0.11757213622331619,14.86745548248291
1173,2872,What is this?,1,0.2538610100746155,0.0,0.3415825068950653,6.470016956329346,0.36296921968460083,5.709667682647705,0.5389832258224487,16.648921966552734
1174,1955,What kind of fish is this?,1,0.19930800795555115,0.0,0.24798743426799774,6.470016956329346,0.2782568037509918,5.2193121910095215,0.16885696351528168,14.992876052856445
1175,3016,What is that badge?,1,0.29098084568977356,0.0,0.38861799240112305,6.470016956329346,0.3380771279335022,3.7288289070129395,0.31742629408836365,13.013605117797852
1176,2709,What is the E.Q. number?,0,0.10818894952535629,0.0,0.13660839200019836,6.470016956329346,0.10669060051441193,3.4673171043395996,0.09138210862874985,15.814159393310547
1177,2694,what am I looking at?,1,0.2628418505191803,0.0,0.37022536993026733,6.470016956329346,0.3593641519546509,4.951100826263428,0.531209409236908,17.020811080932617
1178,1269,What is this?,1,0.2598256468772888,0.0,0.3593641519546509,6.470016956329346,0.38861799240112305,5.831582069396973,0.38861799240112305,16.360231399536133
1179,3582,Sorry for the glare in the last one. Can you please read me the captcha on this screen. Should be a few letters. Thanks so much. ,0,0.24798743426799774,0.0,0.2689414322376251,6.470016956329346,0.2568320035934448,3.471356153488159,0.18476751446723938,11.192614555358887
1180,3879,Is it a laptop?,1,0.005685906391590834,0.0,0.005685906391590834,6.470016956329346,0.005554925184696913,3.728304147720337,0.004681822843849659,11.032722473144531
1181,3733,What's in the bottle?,0,0.03514484688639641,0.0,0.03934250399470329,6.470016956329346,0.03760863468050957,3.471356153488159,0.05623634159564972,19.23430633544922
1182,2610,What is this? ,1,0.2568320035934448,0.0,0.3073580265045166,6.470016956329346,0.314050555229187,4.330753803253174,0.43014732003211975,15.420722007751465
1183,1803,What is the product?,1,0.4073334336280823,0.0,0.531209409236908,6.470016956329346,0.4804786741733551,3.7864248752593994,0.622459352016449,13.110410690307617
1184,1240,What is currently being displayed on my screen?,1,0.32423537969589233,0.0,0.4035668969154358,6.470016956329346,0.36658975481987,3.5515615940093994,0.46101680397987366,15.112159729003906
1185,1842,What is this? ,1,0.3849121630191803,0.0,0.4843800961971283,6.470016956329346,0.5428633093833923,6.983354091644287,0.7279754281044006,17.892009735107422
1186,2999,Which of these is the best movie?,0,0.08509904146194458,0.0,0.11124120652675629,6.470016956329346,0.08632348477840424,3.5224862098693848,0.05665242671966553,14.667975425720215
1187,1300,What color is the shirt I'm wearing?,1,0.2120688110589981,0.0,0.2538610100746155,6.470016956329346,0.24798743426799774,4.2300519943237305,0.29746994376182556,14.192699432373047
1188,329,What is written on the screen?,1,0.3345894515514374,0.0,0.4035668969154358,6.470016956329346,0.3923368453979492,3.9775424003601074,0.3923368453979492,12.169434547424316
1189,1195,what is in this box?,1,0.24798743426799774,0.0,0.3345894515514374,6.470016956329346,0.30404165387153625,3.825063943862915,0.3208213150501251,14.164386749267578
1190,1251,What is this please?,0,0.24508501589298248,0.0,0.3073580265045166,6.470016956329346,0.28776782751083374,4.039689064025879,0.1710611879825592,15.979844093322754
1191,3736,What flavor of meal is this?,0,0.0534033328294754,0.0,0.06465348601341248,6.470016956329346,0.05749327689409256,3.483928680419922,0.08151975274085999,16.448890686035156
1192,2070,"What is this, and is it like a TV dinner to put into the microwave?",1,0.29746994376182556,0.0,0.35220178961753845,6.470016956329346,0.37022536993026733,4.38798713684082,0.38861799240112305,12.23859977722168
1193,3797,What is this?,1,0.28776782751083374,0.0,0.38861799240112305,6.470016956329346,0.3849121630191803,5.42106819152832,0.5389832258224487,15.021544456481934
1194,1259,What is this?,1,0.1710611879825592,0.0,0.24508501589298248,6.470016956329346,0.2538610100746155,6.057049751281738,0.3345894515514374,16.65263557434082
1195,3712,What is this?,0,0.19436782598495483,0.0,0.2782568037509918,6.470016956329346,0.2689414322376251,5.061291217803955,0.19930800795555115,16.850343704223633
1196,1283,Ok I moved the camera to the right a little bit and we'll try again. What kind is this? Thanks ,1,0.2598256468772888,0.0,0.2658804953098297,6.470016956329346,0.2845759987831116,3.876485824584961,0.3849121630191803,15.181615829467773
1197,1763,What color is this bedspread? and thank you,1,0.4455295503139496,0.0,0.5078118443489075,6.470016956329346,0.531209409236908,4.764331817626953,0.39981165528297424,13.235210418701172
1198,909,Can you tell me what the thing in the box says?,1,0.1710611879825592,0.0,0.2018132209777832,6.470016956329346,0.18242551386356354,3.620922565460205,0.43014732003211975,16.013883590698242
1199,1178,What color is this shirt?,1,0.2146914154291153,0.0,0.2598256468772888,6.470016956329346,0.2538610100746155,4.03712272644043,0.22000709176063538,11.698994636535645
1200,2020,What does the top of this pamphlet say?,0,0.23651622235774994,0.0,0.2845759987831116,6.470016956329346,0.25091278553009033,3.449756622314453,0.12421300262212753,17.594919204711914
1201,367,What CD is this?,1,0.3073580265045166,0.0,0.3557748794555664,6.470016956329346,0.3775406777858734,4.510059833526611,0.39606815576553345,13.411907196044922
1202,287,"Hello there, can you please tell me what this says? Thank you.",0,0.22270014882087708,0.0,0.2628418505191803,6.470016956329346,0.24508501589298248,3.5604629516601562,0.17328819632530212,11.836565017700195
1203,963,Where am I?,1,0.15002882480621338,0.0,0.20434190332889557,6.470016956329346,0.20689405500888824,4.44713830947876,0.2240554690361023,12.503493309020996
1204,358,"Ok, ummm I need to do a full system recovery on my laptop and I got a guided prompt screen. It is asking me to do a number of different things and to be three different screens. I just need to tell you to tell me...",0,0.3923368453979492,0.0,0.4493926465511322,6.470016956329346,0.4148988127708435,3.4748146533966064,0.27202457189559937,15.187149047851562
1205,2158,What is this called?,1,0.1540575623512268,0.0,0.16344544291496277,6.470016956329346,0.1766716092824936,4.311434268951416,0.17441026866436005,15.4568510055542
1206,2840,Which ocean has the most hurricanes in the world?,0,0.09807932376861572,0.0,0.11596070975065231,6.470016956329346,0.10230470448732376,3.484722137451172,0.05834583565592766,15.71191120147705
1207,1217,Which book is that?,1,0.3775406777858734,0.0,0.5,6.470016956329346,0.44167301058769226,3.836724042892456,0.5698526501655579,7.31388521194458
1208,2916,What is the CD?,1,0.37022536993026733,0.0,0.47268345952033997,6.470016956329346,0.41869691014289856,3.5649428367614746,0.34510529041290283,13.4749174118042
1209,1795,What is the expiration date?,0,0.15817435085773468,0.0,0.18952108919620514,6.470016956329346,0.16238002479076385,3.4641048908233643,0.1276526302099228,18.43781089782715
1210,3512,There should be a lit up screen towards the right side of the coffee maker. Can you please tell me what it says? Thank you in advance.,0,0.20946969091892242,0.0,0.24508501589298248,6.470016956329346,0.21733751893043518,3.4826455116271973,0.314050555229187,13.759293556213379
1211,2032,What does this thermostat read? ,0,0.13296423852443695,0.0,0.14804719388484955,6.470016956329346,0.14223188161849976,3.4414806365966797,0.14033624529838562,17.53141212463379
1212,3001,Who's the artist?,1,0.4035668969154358,0.0,0.4687906503677368,6.470016956329346,0.4532618820667267,3.823676824569702,0.37387582659721375,6.85325813293457
1213,1877,What is this?,0,0.1561049073934555,0.0,0.22000709176063538,6.470016956329346,0.19436782598495483,4.125598430633545,0.18713268637657166,17.399364471435547
1214,1016,what is this?,1,0.2845759987831116,0.0,0.3593641519546509,6.470016956329346,0.3849121630191803,5.621341228485107,0.581303060054779,17.265819549560547
1215,2086,What color is this?,1,0.30074557662010193,0.0,0.37022536993026733,6.470016956329346,0.3593641519546509,4.142016410827637,0.3923368453979492,12.042952537536621
1216,2683,Is this love?,1,0.020332353189587593,0.0,0.020023440942168236,6.470016956329346,0.01971912570297718,3.490325927734375,0.03210070729255676,11.927544593811035
1217,1976,What is the wattage on this power supply,1,0.14608724415302277,0.0,0.17781086266040802,6.470016956329346,0.15817435085773468,3.478771686553955,0.17781086266040802,15.625186920166016
1218,3863,What is this?,1,0.22270014882087708,0.0,0.3208213150501251,6.470016956329346,0.33111974596977234,6.014758110046387,0.44167301058769226,16.537105560302734
1219,2109,What time is it? what time is it?,0,0.27202457189559937,0.0,0.3345894515514374,6.470016956329346,0.31742629408836365,3.8435611724853516,0.2958398759365082,16.77591896057129
1220,1755,What radio station is displayed on the screen?,1,0.27202457189559937,0.0,0.32766830921173096,6.470016956329346,0.3106943964958191,3.9355063438415527,0.4073334336280823,17.694927215576172
1221,3520,What color is this t-shirt?,1,0.18713268637657166,0.0,0.22815649211406708,6.470016956329346,0.22815649211406708,3.90244197845459,0.16451644897460938,11.33224868774414
1222,203,Hello could you please tell me what this says? Thank you.,0,0.230919748544693,0.0,0.27202457189559937,6.470016956329346,0.2568320035934448,3.577657699584961,0.18010665476322174,11.384937286376953
1223,3530,Piece of meal. ,0,0.13117322325706482,0.0,0.14414885640144348,6.470016956329346,0.14033624529838562,3.4657394886016846,0.2845759987831116,17.08914566040039
1224,2929,What is this?,1,0.230919748544693,0.0,0.3073580265045166,6.470016956329346,0.3208213150501251,5.611926555633545,0.5234203934669495,16.253211975097656
1225,958,"If you can see my computer screen, what does it look like and what does it say?",1,0.15817435085773468,0.0,0.2146914154291153,6.470016956329346,0.18952108919620514,3.8720555305480957,0.4148988127708435,17.671823501586914
1226,2911,Where is my laptop?,1,0.07807815819978714,0.0,0.09268777817487717,6.470016956329346,0.08509904146194458,3.7599258422851562,0.08509904146194458,15.981760025024414
1227,3824,What kind of cigarettes are these?,0,0.05184547230601311,0.0,0.0541987270116806,6.470016956329346,0.0541987270116806,3.471356153488159,0.10521053522825241,18.203935623168945
1228,2102,What is the title of this book?,0,0.2782568037509918,0.0,0.33111974596977234,6.470016956329346,0.2782568037509918,3.5142407417297363,0.2658804953098297,11.658000946044922
1229,936,Type of ticket is this. Is this a pick four or Carolina pick five?,1,0.2120688110589981,0.0,0.23651622235774994,6.470016956329346,0.25091278553009033,4.785946369171143,0.23651622235774994,14.538765907287598
1230,1187,What's in this can?,1,0.19436782598495483,0.0,0.24508501589298248,6.470016956329346,0.22815649211406708,4.302608489990234,0.3073580265045166,12.013412475585938
1231,1128,I didn't,0,0.20434190332889557,0.0,0.2254166156053543,6.470016956329346,0.2120688110589981,3.520411729812622,0.18010665476322174,14.133898735046387
1232,3815,What color and pattern are these shorts?,1,0.41111084818840027,0.0,0.49218812584877014,6.470016956329346,0.5078118443489075,4.649506092071533,0.4532618820667267,14.165446281433105
1233,2124,"What color is this, please?",1,0.2782568037509918,0.0,0.34510529041290283,6.470016956329346,0.3557748794555664,4.786098480224609,0.24798743426799774,11.733134269714355
1234,3599,Thank you for your help.,0,0.39606815576553345,0.0,0.4493926465511322,6.470016956329346,0.44167301058769226,3.859837055206299,0.30074557662010193,16.444345474243164
1235,2171,What kind of spice is this?,1,0.19682620465755463,0.0,0.2538610100746155,6.470016956329346,0.24798743426799774,3.8957748413085938,0.2393493503332138,13.172119140625
1236,3751,Are these regular chips or salt-and-vinegar chips? Thank you.,1,0.36296921968460083,0.0,0.4455295503139496,6.470016956329346,0.4455295503139496,5.173682689666748,0.4035668969154358,12.247954368591309
1237,1793,"Hi, um, there are three buttons on the top of the other and one should be heat, one should be cool, and one should be off. Can you tell me which one's which? Thank you.",0,0.1540575623512268,0.0,0.16026602685451508,6.470016956329346,0.16026602685451508,3.7457118034362793,0.15002882480621338,18.206907272338867
1238,2739,What type of medicine is this?,1,0.2422056347131729,0.0,0.32766830921173096,6.470016956329346,0.29421496391296387,3.6176881790161133,0.38861799240112305,12.98459243774414
1239,2737,What curtain?,0,0.11920291930437088,0.0,0.13117322325706482,6.470016956329346,0.1208532303571701,3.4411845207214355,0.18952108919620514,13.545073509216309
1240,429,What does this say?,1,0.2689414322376251,0.0,0.32423537969589233,6.470016956329346,0.30074557662010193,3.6424667835235596,0.5156199336051941,14.632559776306152
1241,298,Where is the white cup?,1,0.17781086266040802,0.0,0.23651622235774994,6.470016956329346,0.20946969091892242,3.786949396133423,0.22270014882087708,15.981635093688965
1242,2865,What is this spaghetti sauce?,1,0.3073580265045166,0.0,0.35220178961753845,6.470016956329346,0.37387582659721375,4.183259963989258,0.3106943964958191,13.474699020385742
1243,1210,What is this?,1,0.31742629408836365,0.0,0.3849121630191803,6.470016956329346,0.41869691014289856,5.55251407623291,0.43782350420951843,15.818328857421875
1244,3782,What product is this?,1,0.4687906503677368,0.0,0.5774953961372375,6.470016956329346,0.5736784338951111,5.008083343505859,0.6297746300697327,12.94604206085205
1245,1058,What is the picture?,1,0.19930800795555115,0.0,0.23370634019374847,6.470016956329346,0.22000709176063538,3.7490785121917725,0.19314737617969513,14.598562240600586
1246,423,I need a description of the layout of the program. I know there's a document list. I know there's some status bars. But I need to know --,0,0.2628418505191803,0.0,0.28140559792518616,6.470016956329346,0.28776782751083374,3.646404981613159,0.15002882480621338,13.766189575195312
1247,143,Work for me or I'm going to beat you. I will beat the out of you. ,0,0.17328819632530212,0.0,0.1919327974319458,6.470016956329346,0.1755380630493164,3.4710299968719482,0.19314737617969513,14.287510871887207
1248,2857,What is this?,0,0.22000709176063538,0.0,0.3073580265045166,6.470016956329346,0.30074557662010193,4.823933124542236,0.19559407234191895,17.06190299987793
1249,2908,What CD is this?,1,0.22270014882087708,0.0,0.2751297354698181,6.470016956329346,0.2689414322376251,3.996654510498047,0.30074557662010193,14.753132820129395
1250,3872,What type of K Cup is this?,1,0.16667540371418,0.0,0.19682620465755463,6.470016956329346,0.18242551386356354,3.4667820930480957,0.18010665476322174,14.506145477294922
1251,40,What denomination is this?,0,0.15002882480621338,0.0,0.17328819632530212,6.470016956329346,0.15817435085773468,3.4543447494506836,0.15713685750961304,16.411624908447266
1252,2037,What is the product that's on the counter?,0,0.230919748544693,0.0,0.29746994376182556,6.470016956329346,0.2628418505191803,3.4655466079711914,0.18359363079071045,15.529521942138672
1253,3013,Can you tell me what this is?,1,0.28776782751083374,0.0,0.3849121630191803,6.470016956329346,0.38861799240112305,5.225220203399658,0.6791787147521973,19.052228927612305
1254,3040,It's the thermostat temperature,0,0.05834583565592766,0.0,0.0627892017364502,6.470016956329346,0.05921025201678276,3.4825055599212646,0.1259227693080902,14.962308883666992
1255,3825,What does this say?,1,0.2120688110589981,0.0,0.2568320035934448,6.470016956329346,0.230919748544693,3.4368066787719727,0.45519861578941345,15.745637893676758
1256,1069,What does this say?,0,0.17328819632530212,0.0,0.20434190332889557,6.470016956329346,0.18242551386356354,3.470115900039673,0.19930800795555115,14.958287239074707
1257,214,"Hi, thanks for letting me know this is start-up repair, might take awhile but I really want to try  and actually get myself back into Windows I am an IT technician, so all I really need",0,0.3106943964958191,0.0,0.36658975481987,6.470016956329346,0.33111974596977234,3.4378364086151123,0.22270014882087708,13.731339454650879
1258,1284,Can you tell me what the picture is on the front of this shirt? ,1,0.28140559792518616,0.0,0.3415825068950653,6.470016956329346,0.36658975481987,5.149149417877197,0.740174412727356,19.007482528686523
1259,3018,What's in this capture?,0,0.21733751893043518,0.0,0.23370634019374847,6.470016956329346,0.23370634019374847,4.447466850280762,0.16451644897460938,16.382593154907227
1260,311,Can you please tell me the ETA or progress that Scan Disk has completed so far? Thank you very much. ,1,0.1208532303571701,0.0,0.13660839200019836,6.470016956329346,0.12421300262212753,3.487067461013794,0.13846179842948914,15.691208839416504
1261,1168,What does it say on this card?,0,0.2254166156053543,0.0,0.2628418505191803,6.470016956329346,0.2422056347131729,3.471356153488159,0.27202457189559937,17.550373077392578
1262,3755,What kind of shampoo is this?,1,0.2120688110589981,0.0,0.2598256468772888,6.470016956329346,0.2689414322376251,4.419663906097412,0.3208213150501251,12.660993576049805
1263,1211,What is this?,1,0.230919748544693,0.0,0.314050555229187,6.470016956329346,0.3073580265045166,4.69109582901001,0.43014732003211975,15.923839569091797
1264,2765,What is this?,1,0.29098084568977356,0.0,0.37387582659721375,6.470016956329346,0.39981165528297424,6.018108367919922,0.4073334336280823,16.82207679748535
1265,420,What is displayed on the computer screen?,1,0.34510529041290283,0.0,0.4493926465511322,6.470016956329346,0.4073334336280823,3.8105227947235107,0.5195213556289673,14.285626411437988
1266,1778,What color is my dog?,1,0.29421496391296387,0.0,0.37022536993026733,6.470016956329346,0.3775406777858734,5.018033981323242,0.30074557662010193,14.716753959655762
1267,2167,What is on my table? ,1,0.4148988127708435,0.0,0.5273165106773376,6.470016956329346,0.5117166042327881,4.505382537841797,0.5774953961372375,17.154094696044922
1268,269,What does the label on this electronic device say?,0,0.31742629408836365,0.0,0.37387582659721375,6.470016956329346,0.3415825068950653,3.476686477661133,0.13939638435840607,17.74209213256836
1269,1081,are you able to see the security on this for me?,1,0.230919748544693,0.0,0.2751297354698181,6.470016956329346,0.2628418505191803,3.608215570449829,0.29421496391296387,15.002828598022461
1270,2869,What is this?,1,0.230919748544693,0.0,0.30404165387153625,6.470016956329346,0.3106943964958191,5.141606330871582,0.4843800961971283,16.747066497802734
1271,295,Can you please to describe to me in detail what this picture looks like? Thank you.,0,0.2538610100746155,0.0,0.29421496391296387,6.470016956329346,0.30404165387153625,4.581676006317139,0.2393493503332138,9.433375358581543
1272,999,What credit card is this?,1,0.11124120652675629,0.0,0.1259227693080902,6.470016956329346,0.12252321094274521,3.8718202114105225,0.09670579433441162,15.032240867614746
1273,403,Is this valium?,0,0.05665242671966553,0.0,0.05921025201678276,6.470016956329346,0.05834583565592766,3.4714548587799072,0.12252321094274521,11.600730895996094
1274,3615,What are the cooking instructions on this package?,0,0.4263215959072113,0.0,0.49609383940696716,6.470016956329346,0.4687906503677368,3.6174163818359375,0.18713268637657166,17.252473831176758
1275,1022,Describe the picture,1,0.2146914154291153,0.0,0.2393493503332138,6.470016956329346,0.23651622235774994,3.968902826309204,0.5544704794883728,14.668952941894531
1276,2914,Please can you tell me the name of the CD? Thanks.,0,0.22815649211406708,0.0,0.2658804953098297,6.470016956329346,0.2422056347131729,3.472609519958496,0.18242551386356354,11.854469299316406
1277,417,Can you tell what this visual challenge is on the computer please?  Thank you.,1,0.2628418505191803,0.0,0.30404165387153625,6.470016956329346,0.29098084568977356,3.7259297370910645,0.6113819479942322,15.918740272521973
1278,392,"Give me cheat code, please.",0,0.22815649211406708,0.0,0.2628418505191803,6.470016956329346,0.23370634019374847,3.468665361404419,0.29746994376182556,14.09876823425293
1279,336,What is the computer screen showing?,1,0.3380771279335022,0.0,0.4493926465511322,6.470016956329346,0.43014732003211975,4.0140838623046875,0.5350984334945679,15.482831954956055
1280,3514,What kind of cream is contained in this Usher container?,1,0.13117322325706482,0.0,0.17328819632530212,6.470016956329346,0.14414885640144348,3.4581618309020996,0.314050555229187,14.704989433288574
1281,447,What is this paper for?,0,0.14804719388484955,0.0,0.19436782598495483,6.470016956329346,0.16026602685451508,3.4673595428466797,0.10818894952535629,17.988924026489258
1282,1253,what ointment is in this bottle thank you.,0,0.11596070975065231,0.0,0.14223188161849976,6.470016956329346,0.1276526302099228,3.465642213821411,0.13296423852443695,17.037931442260742
1283,317,can you tell me what this is a picture of?,1,0.230919748544693,0.0,0.29746994376182556,6.470016956329346,0.29421496391296387,4.694155216217041,0.7154240012168884,19.088775634765625
1284,2027,What color is it?,1,0.2689414322376251,0.0,0.32423537969589233,6.470016956329346,0.31742629408836365,3.9936866760253906,0.25091278553009033,11.230591773986816
1285,2998,What is that please?,1,0.2782568037509918,0.0,0.3415825068950653,6.470016956329346,0.3486451506614685,4.4452805519104,0.5078118443489075,16.10222053527832
1286,3034,"Can contents, please.",1,0.3073580265045166,0.0,0.3775406777858734,6.470016956329346,0.36296921968460083,4.0485076904296875,0.665410578250885,13.256300926208496
1287,1228,How can I work it?  How can I work it?  ,0,0.230919748544693,0.0,0.2658804953098297,6.470016956329346,0.23651622235774994,3.455568552017212,0.200557678937912,16.982702255249023
1288,3903,What's the exit?,0,0.09739039838314056,0.0,0.10669060051441193,6.470016956329346,0.10230470448732376,3.4678542613983154,0.08819004893302917,17.040441513061523
1289,30,What does it say?,1,0.2240554690361023,0.0,0.2658804953098297,6.470016956329346,0.25091278553009033,3.5981924533843994,0.33982762694358826,15.39240550994873
1290,879,What does it say on this coupon?,1,0.4765796661376953,0.0,0.5544704794883728,6.470016956329346,0.5506073832511902,4.3663105964660645,0.6113819479942322,14.697698593139648
1291,2723,What does this list include?,1,0.3557748794555664,0.0,0.46490156650543213,6.470016956329346,0.43782350420951843,4.431124687194824,0.5078118443489075,12.171616554260254
1292,2603,What is this bottle?,0,0.03210070729255676,0.0,0.034618839621543884,6.470016956329346,0.03308597952127457,3.471356153488159,0.14608724415302277,15.693795204162598
1293,327,just curious to see whether you could read what was on the computer screen just testing this application.,1,0.27202457189559937,0.0,0.314050555229187,6.470016956329346,0.29746994376182556,3.521496295928955,0.3812195658683777,15.77369499206543
1294,2821,What are the colors of these three cable ties?,1,0.5039061903953552,0.0,0.581303060054779,6.470016956329346,0.622459352016449,5.373152256011963,0.685949444770813,17.634817123413086
1295,2876,What type of sugar is this?,1,0.1540575623512268,0.0,0.1919327974319458,6.470016956329346,0.18242551386356354,3.6135692596435547,0.2254166156053543,13.243095397949219
1296,2924,"What is this, please? ",0,0.18952108919620514,0.0,0.23370634019374847,6.470016956329346,0.22815649211406708,4.15751838684082,0.15203224122524261,16.4698486328125
1297,63,What website is this?,0,0.2845759987831116,0.0,0.36296921968460083,6.470016956329346,0.3380771279335022,3.8651509284973145,0.16238002479076385,16.76365852355957
1298,38,"Hi, I just wanted to confirm that these are indeed pork chops. Any other information that is clear would be appreciated. Thank you.",1,0.3812195658683777,0.0,0.39981165528297424,6.470016956329346,0.4339814782142639,4.150866508483887,0.5428633093833923,15.835222244262695
1299,125,What drink is this?,1,0.3073580265045166,0.0,0.3923368453979492,6.470016956329346,0.4073334336280823,5.375064849853516,0.4035668969154358,13.563499450683594
1300,1270,What brand is this bag?,0,0.3415825068950653,0.0,0.41869691014289856,6.470016956329346,0.3775406777858734,3.467822790145874,0.13028542697429657,17.513193130493164
1301,1312,What color is this?,1,0.3849121630191803,0.0,0.47268345952033997,6.470016956329346,0.4687906503677368,4.751152515411377,0.4532618820667267,11.97626781463623
1302,2083,When does this expire?,0,0.10521053522825241,0.0,0.12940272688865662,6.470016956329346,0.1127953976392746,3.4706203937530518,0.10158944129943848,16.233104705810547
1303,1198,What is in this box?,1,0.18713268637657166,0.0,0.2598256468772888,6.470016956329346,0.2538610100746155,4.232480525970459,0.2689414322376251,12.726550102233887
1304,1106,Is this a passport?,1,0.5195213556289673,0.0,0.622459352016449,6.470016956329346,0.6187804341316223,4.6894354820251465,0.5195213556289673,11.699763298034668
1305,289,What letters am i supposed to enter in to claim the prize?,0,0.1127953976392746,0.0,0.1259227693080902,6.470016956329346,0.11920291930437088,3.439117431640625,0.09334687888622284,15.321016311645508
1306,1308,What kind of soda is this? It didn't work.,1,0.2782568037509918,0.0,0.30074557662010193,6.470016956329346,0.29098084568977356,3.711088180541992,0.27202457189559937,12.493255615234375
1307,878,What is the password shown in this captcha?,1,0.08756384998559952,0.0,0.10669060051441193,6.470016956329346,0.09009299427270889,3.436523914337158,0.11920291930437088,11.558963775634766
1308,3690,Is there any kind of model number written on this modem?,0,0.46490156650543213,0.0,0.562176525592804,6.470016956329346,0.5039061903953552,3.5037386417388916,0.32423537969589233,13.858043670654297
1309,1045,What is this?,0,0.1561049073934555,0.0,0.21733751893043518,6.470016956329346,0.21733751893043518,5.102617263793945,0.20434190332889557,17.33907699584961
1310,3678,Which one of these is cream of mushroom soup?,1,0.043365802615880966,0.0,0.052618954330682755,6.470016956329346,0.0446808747947216,3.4707021713256836,0.05582313984632492,13.417135238647461
1311,294,Please tell me what this is?,0,0.24798743426799774,0.0,0.28776782751083374,6.470016956329346,0.28776782751083374,4.3707756996154785,0.2254166156053543,17.091848373413086
1312,1322,What this? What's this marker?,1,0.22000709176063538,0.0,0.25091278553009033,6.470016956329346,0.24798743426799774,3.7154860496520996,0.21733751893043518,13.092439651489258
1313,2084,What does this say?,1,0.314050555229187,0.0,0.3923368453979492,6.470016956329346,0.37022536993026733,4.277394771575928,0.6334102749824524,14.914036750793457
1314,3830,Where is this shirt?,1,0.24077460169792175,0.0,0.35220178961753845,6.470016956329346,0.30404165387153625,3.9734175205230713,0.3106943964958191,12.268148422241211
1315,2719,What cd is this?,1,0.4148988127708435,0.0,0.49218812584877014,6.470016956329346,0.4532618820667267,3.467912435531616,0.36296921968460083,11.339079856872559
1316,3005,What color are these shoes?,1,0.31742629408836365,0.0,0.41869691014289856,6.470016956329346,0.39606815576553345,4.9090046882629395,0.34510529041290283,13.275894165039062
1317,1232,"Hi there, this is a box of, I'm not sure what frozen thing, but I'd like to know what the cooking instructions are. Thank you.",0,0.29098084568977356,0.0,0.31742629408836365,6.470016956329346,0.3106943964958191,3.5928304195404053,0.21076630055904388,14.613493919372559
1318,51,Screen showing.,0,0.37022536993026733,0.0,0.4339814782142639,6.470016956329346,0.42250463366508484,3.8807942867279053,0.314050555229187,15.824066162109375
1319,302,Letters for numbers? Thank you.,0,0.2538610100746155,0.0,0.29746994376182556,6.470016956329346,0.28140559792518616,3.6670331954956055,0.28937169909477234,15.481290817260742
1320,185,Is it more in focus now?,1,0.32423537969589233,0.0,0.3557748794555664,6.470016956329346,0.36296921968460083,4.049693584442139,0.24798743426799774,14.845040321350098
1321,1960,what color is this shirt?,1,0.28776782751083374,0.0,0.34510529041290283,6.470016956329346,0.3345894515514374,4.138777732849121,0.2658804953098297,13.191762924194336
1322,262,What is the computer screen showing?,1,0.38861799240112305,0.0,0.5078118443489075,6.470016956329346,0.49218812584877014,4.561608791351318,0.5660185217857361,15.10993766784668
1323,3623,"Can someone tell me what the security question is on the screen, please?",1,0.1540575623512268,0.0,0.2018132209777832,6.470016956329346,0.1755380630493164,3.8880703449249268,0.3345894515514374,15.854796409606934
1324,2934,What is this bottle?,0,0.2782568037509918,0.0,0.3486451506614685,6.470016956329346,0.314050555229187,3.5424909591674805,0.267408162355423,17.408239364624023
1325,2632,What is this?,1,0.2146914154291153,0.0,0.3073580265045166,6.470016956329346,0.3208213150501251,5.855814456939697,0.4130035638809204,16.094642639160156
1326,1200,What temperature is the thermostat set to?,1,0.30074557662010193,0.0,0.3486451506614685,6.470016956329346,0.36658975481987,4.598931312561035,0.41111084818840027,15.284989356994629
1327,1047,What are any of the words on this? What does any of this say? ,1,0.25091278553009033,0.0,0.3415825068950653,6.470016956329346,0.27202457189559937,3.4854116439819336,0.5888891220092773,13.465154647827148
1328,105,Can you please tell me the progress of the Windows installation? Thank you very much.,0,0.2568320035934448,0.0,0.29098084568977356,6.470016956329346,0.2751297354698181,4.092419147491455,0.2568320035934448,16.74074935913086
1329,2134,"Can you read the writing on this tag and tell me what it says, please? Thank you. ",1,0.4687906503677368,0.0,0.5506073832511902,6.470016956329346,0.5506073832511902,4.3444671630859375,0.7431679368019104,14.770120620727539
1330,1296,No. In progress.,0,0.2751297354698181,0.0,0.30404165387153625,6.470016956329346,0.2845759987831116,3.500345230102539,0.3073580265045166,16.383752822875977
1331,387,What is the magnitude of the current through the capacitor?,0,0.2018132209777832,0.0,0.2658804953098297,6.470016956329346,0.22270014882087708,3.7271504402160645,0.18010665476322174,16.772592544555664
1332,2626,Do you know how to cook these?,0,0.15817435085773468,0.0,0.1919327974319458,6.470016956329346,0.16885696351528168,3.46798038482666,0.16238002479076385,16.467208862304688
1333,2118,Can you tell me what the security code is please?,1,0.11920291930437088,0.0,0.13660839200019836,6.470016956329346,0.1276526302099228,3.5463151931762695,0.16885696351528168,16.97313117980957
1334,2100,What is this?,1,0.2689414322376251,0.0,0.3593641519546509,6.470016956329346,0.36658975481987,4.9532599449157715,0.4339814782142639,15.952128410339355
1335,3536,"Are there baking instructions visible on this box? If so, what are they?",0,0.3415825068950653,0.0,0.39606815576553345,6.470016956329346,0.3812195658683777,3.6302313804626465,0.3191213607788086,15.2666597366333
1336,338,What does it say on the computer screen?,0,0.14223188161849976,0.0,0.17328819632530212,6.470016956329346,0.1540575623512268,3.4718453884124756,0.13660839200019836,18.835350036621094
1337,3735,What's this?,1,0.2658804953098297,0.0,0.28140559792518616,6.470016956329346,0.30074557662010193,4.763495922088623,0.37022536993026733,15.013608932495117
1338,395,What is this?,1,0.2146914154291153,0.0,0.28776782751083374,6.470016956329346,0.314050555229187,6.227432727813721,0.5544704794883728,16.302261352539062
1339,466,Could you tell me what these options say? Do this list from top to bottom.,0,0.39606815576553345,0.0,0.5428633093833923,6.470016956329346,0.4532618820667267,3.576932191848755,0.17328819632530212,11.236920356750488
1340,1309,What is the current temperature?,0,0.11757213622331619,0.0,0.15002882480621338,6.470016956329346,0.12252321094274521,3.503009557723999,0.13386750221252441,19.22551727294922
1341,1221,Could you please tell me what this fragrance is?  Thank you.,1,0.18952108919620514,0.0,0.22815649211406708,6.470016956329346,0.2146914154291153,3.756880521774292,0.314050555229187,16.083911895751953
1342,2971,what is this?,0,0.16238002479076385,0.0,0.2146914154291153,6.470016956329346,0.18713268637657166,3.7715065479278564,0.15304216742515564,16.83892822265625
1343,1164,What's this?,0,0.3073580265045166,0.0,0.3380771279335022,6.470016956329346,0.3593641519546509,4.825389862060547,0.4035668969154358,17.40703582763672
1344,1093,What is this?,1,0.29746994376182556,0.0,0.4073334336280823,6.470016956329346,0.42250463366508484,5.6663289070129395,0.6893056035041809,16.8654842376709
1345,3021,What is in this can?,1,0.15203224122524261,0.0,0.19682620465755463,6.470016956329346,0.17781086266040802,4.030060768127441,0.230919748544693,14.778488159179688
1346,285,"The computer is now on, is Windows coming up",1,0.3073580265045166,0.0,0.35220178961753845,6.470016956329346,0.34510529041290283,3.980316400527954,0.3073580265045166,15.492764472961426
1347,3481,What color is this shirt?,1,0.2538610100746155,0.0,0.3208213150501251,6.470016956329346,0.29746994376182556,3.920441150665283,0.2422056347131729,10.556922912597656
1348,2127,What is this?,1,0.22000709176063538,0.0,0.314050555229187,6.470016956329346,0.33111974596977234,5.896336078643799,0.39606815576553345,16.722328186035156
1349,2081,Which video game is this?,1,0.4493926465511322,0.0,0.531209409236908,6.470016956329346,0.5195213556289673,4.5909600257873535,0.5467381477355957,10.523990631103516
1350,3635,What's this? What's this?,1,0.28776782751083374,0.0,0.314050555229187,6.470016956329346,0.32766830921173096,4.410552978515625,0.37387582659721375,14.576316833496094
1351,3045,Could you tell me what kind of bill this is? Because I'm looking for a twenty and I think this is a ten but I cannot really tell.,1,0.21733751893043518,0.0,0.2393493503332138,6.470016956329346,0.23651622235774994,3.7502238750457764,0.2689414322376251,15.423640251159668
1352,1150,"If there is any text on the screen, what does it say? Thanks.",1,0.37387582659721375,0.0,0.43782350420951843,6.470016956329346,0.42250463366508484,3.6817243099212646,0.5888891220092773,14.518040657043457
1353,2951,"Hi, I'm trying again. Can you tell me what how many numbers of degrees is on this gauge? ",1,0.30074557662010193,0.0,0.3380771279335022,6.470016956329346,0.3775406777858734,5.4933295249938965,0.3849121630191803,18.648292541503906
1354,2798,What does the picture show? What is this?,1,0.4035668969154358,0.0,0.5195213556289673,6.470016956329346,0.4765796661376953,4.707197189331055,0.894789457321167,17.84913444519043
1355,3875,What color is this mat?,1,0.16885696351528168,0.0,0.2254166156053543,6.470016956329346,0.20946969091892242,4.279345512390137,0.17781086266040802,11.112869262695312
1356,1845,"I apologize for the rain, but can you please tell me what's in this bottle?",1,0.5039061903953552,0.0,0.5698526501655579,6.470016956329346,0.5774953961372375,5.217060089111328,0.7371581792831421,16.72490119934082
1357,85,IS there a picture on this tv screen?,1,0.08509904146194458,0.0,0.09534946084022522,6.470016956329346,0.09807932376861572,4.186548709869385,0.08882028609514236,13.76023006439209
1358,1952,Hi.  Please tell me what's in the can in my right hand.  Thank you.,0,0.20434190332889557,0.0,0.230919748544693,6.470016956329346,0.2254166156053543,3.4599523544311523,0.11436852067708969,18.293989181518555
1359,1304,This is a Tony Pacco's chili sauce.  I would like to know if it's the hot or the mild?,0,0.12421300262212753,0.0,0.13660839200019836,6.470016956329346,0.13660839200019836,3.5642802715301514,0.11920291930437088,22.342098236083984
1360,1279,"Can you tell the information on this card, please?",0,0.1710611879825592,0.0,0.20689405500888824,6.470016956329346,0.18476751446723938,3.456768035888672,0.2538610100746155,13.20802116394043
1361,1295,What is this?,1,0.2120688110589981,0.0,0.28776782751083374,6.470016956329346,0.30404165387153625,4.9541754722595215,0.3380771279335022,15.72148609161377
1362,2667,"Hi, are you able to describe this trainer to me, please.",1,0.5234203934669495,0.0,0.596433162689209,6.470016956329346,0.5926666259765625,4.762645244598389,0.9324532747268677,17.427215576171875
1363,254,"I'm trying again, I moved the camera. Can you tell me who this piece of mail is from? Thank you.",0,0.16451644897460938,0.0,0.16026602685451508,6.470016956329346,0.17781086266040802,3.534855365753174,0.17441026866436005,14.362039566040039
1364,2740,What's the temperature set at?,1,0.20434190332889557,0.0,0.22270014882087708,6.470016956329346,0.2393493503332138,4.406513214111328,0.2751297354698181,16.691421508789062
1365,2952,What is this? ,0,0.14804719388484955,0.0,0.18476751446723938,6.470016956329346,0.17781086266040802,4.399613380432129,0.18476751446723938,17.606088638305664
1366,3814,What are these?,1,0.18010665476322174,0.0,0.2598256468772888,6.470016956329346,0.2751297354698181,5.761497497558594,0.3090237081050873,17.22470474243164
1367,456,What is this thing?,1,0.18952108919620514,0.0,0.27202457189559937,6.470016956329346,0.2568320035934448,4.779131889343262,0.20434190332889557,13.961136817932129
1368,238,"Alright, I found the input button. Now I'm wondering if I have to select something onscreen to change and if anyone has a Vizio tv that would help me out, as well. ",0,0.32766830921173096,0.0,0.35220178961753845,6.470016956329346,0.35220178961753845,3.6415412425994873,0.37387582659721375,15.043150901794434
1369,80,What is this a medal for?,1,0.2628418505191803,0.0,0.3557748794555664,6.470016956329346,0.3073580265045166,3.834998369216919,0.41869691014289856,15.476977348327637
1370,1333,What does this bag say?,1,0.3775406777858734,0.0,0.46490156650543213,6.470016956329346,0.4263215959072113,3.5109148025512695,0.6477982401847839,12.873482704162598
1371,1306,Who's going to win the game?,1,0.13296423852443695,0.0,0.16885696351528168,6.470016956329346,0.13846179842948914,3.4594075679779053,0.167763352394104,12.794918060302734
1372,3006,Guy in this picture look like?,0,0.0627892017364502,0.0,0.07369627058506012,6.470016956329346,0.06754669547080994,3.475360631942749,0.12940272688865662,17.761056900024414
1373,3062,Can you please tell me what color my prom dress is?,1,0.055005282163619995,0.0,0.05665242671966553,6.470016956329346,0.05921025201678276,3.998102903366089,0.09947021305561066,16.31976890563965
1374,2030,What product is this?,1,0.36658975481987,0.0,0.46490156650543213,6.470016956329346,0.44167301058769226,4.616860389709473,0.5736784338951111,13.108356475830078
1375,2639,What is this item?,1,0.3486451506614685,0.0,0.43782350420951843,6.470016956329346,0.4455295503139496,5.069749355316162,0.46490156650543213,13.344813346862793
1376,2692,What flavor is this?,1,0.1919327974319458,0.0,0.25091278553009033,6.470016956329346,0.2598256468772888,4.843542098999023,0.22815649211406708,14.477463722229004
1377,2182,What spice is this?,1,0.2146914154291153,0.0,0.2689414322376251,6.470016956329346,0.2782568037509918,4.244880676269531,0.32766830921173096,13.873473167419434
1378,3924,What is this thing?,1,0.11838509887456894,0.0,0.1561049073934555,6.470016956329346,0.13660839200019836,4.351363658905029,0.13939638435840607,14.191793441772461
1379,1260,What is this bottle?,0,0.14608724415302277,0.0,0.18242551386356354,6.470016956329346,0.16238002479076385,3.473128318786621,0.23231014609336853,17.652944564819336
1380,1160,Watch this!,0,0.19682620465755463,0.0,0.22270014882087708,6.470016956329346,0.20434190332889557,3.463900327682495,0.25091278553009033,16.52660369873047
1381,2666,What are the title and author of the CD?,1,0.4073334336280823,0.0,0.4882833957672119,6.470016956329346,0.46101680397987366,3.677370309829712,0.3363310396671295,13.366589546203613
1382,1767,What is this product?,1,0.20434190332889557,0.0,0.314050555229187,6.470016956329346,0.2538610100746155,3.6943187713623047,0.3593641519546509,13.788186073303223
1383,2979,What is this?,1,0.2658804953098297,0.0,0.3557748794555664,6.470016956329346,0.36296921968460083,5.448221206665039,0.49218812584877014,16.386079788208008
1384,1910,Which flavor is this?,1,0.2393493503332138,0.0,0.28140559792518616,6.470016956329346,0.2782568037509918,4.5072407722473145,0.3380771279335022,13.561348915100098
1385,1185,What is this?,1,0.2422056347131729,0.0,0.32423537969589233,6.470016956329346,0.3593641519546509,5.927159786224365,0.3812195658683777,15.547937393188477
1386,3798,What is thick?,0,0.16885696351528168,0.0,0.2254166156053543,6.470016956329346,0.18242551386356354,3.5308587551116943,0.16026602685451508,13.094664573669434
1387,2195,What kind of flower is this?,1,0.1127953976392746,0.0,0.13660839200019836,6.470016956329346,0.14804719388484955,4.386475086212158,0.1127953976392746,15.02426528930664
1388,3740,When does this expire?,0,0.11920291930437088,0.0,0.15002882480621338,6.470016956329346,0.1259227693080902,3.4468719959259033,0.10669060051441193,17.722797393798828
1389,348,What does my computer screen show?,1,0.230919748544693,0.0,0.3208213150501251,6.470016956329346,0.30404165387153625,4.670790195465088,0.3073580265045166,16.600013732910156
1390,1204,What color is this?,1,0.2689414322376251,0.0,0.34510529041290283,6.470016956329346,0.3380771279335022,4.734123229980469,0.29746994376182556,12.16130542755127
1391,2114,Please tell me the name of the product of which I just took a picture.  Thank you.,1,0.2538610100746155,0.0,0.30074557662010193,6.470016956329346,0.314050555229187,3.99755859375,0.4455295503139496,11.515881538391113
1392,1233,What is this? ,1,0.30074557662010193,0.0,0.3849121630191803,6.470016956329346,0.4073334336280823,5.585476398468018,0.5774953961372375,16.314958572387695
1393,2716,What kind of hand soap is this?,1,0.42250463366508484,0.0,0.4843800961971283,6.470016956329346,0.5117166042327881,4.620290279388428,0.5156199336051941,11.808478355407715
1394,2128,What color is this?,1,0.31742629408836365,0.0,0.3923368453979492,6.470016956329346,0.3849121630191803,4.640664100646973,0.3557748794555664,11.302009582519531
1395,1760,What color is this please? ,1,0.19682620465755463,0.0,0.24508501589298248,6.470016956329346,0.23651622235774994,4.108649253845215,0.19930800795555115,13.348901748657227
1396,2188,What are the directions?,1,0.4339814782142639,0.0,0.5273165106773376,6.470016956329346,0.5039061903953552,3.7389822006225586,0.3849121630191803,11.51020336151123
1397,3600,What is this?,1,0.18713268637657166,0.0,0.2658804953098297,6.470016956329346,0.2658804953098297,4.863775730133057,0.3593641519546509,16.58786964416504
1398,3856,What is the value of this card?,1,0.14804719388484955,0.0,0.18713268637657166,6.470016956329346,0.16885696351528168,3.8280906677246094,0.2658804953098297,14.384224891662598
1399,33,Can you tell me what this is a picture of?,1,0.29098084568977356,0.0,0.36296921968460083,6.470016956329346,0.3593641519546509,4.758232116699219,0.740174412727356,18.156675338745117
1400,416,What is the word capture on this picture?,0,0.07369627058506012,0.0,0.06954174488782883,6.470016956329346,0.07263670116662979,3.465731143951416,0.11676400899887085,13.201842308044434
1401,3473,What color is it?,1,0.3345894515514374,0.0,0.4148988127708435,6.470016956329346,0.4035668969154358,4.216097354888916,0.32423537969589233,10.809672355651855
1402,171,What color is this skirt?,1,0.05582313984632492,0.0,0.055005282163619995,6.470016956329346,0.06187598407268524,3.4479312896728516,0.05582313984632492,10.742976188659668
1403,351,"There are four sets of five numbers on this ticket, can you read them for me?",1,0.2146914154291153,0.0,0.2538610100746155,6.470016956329346,0.25091278553009033,3.8381738662719727,0.3593641519546509,16.9470157623291
1404,2883,What does this say?,1,0.21733751893043518,0.0,0.2782568037509918,6.470016956329346,0.25091278553009033,3.770458698272705,0.42250463366508484,14.449437141418457
1405,1973,What is this?,1,0.23651622235774994,0.0,0.3106943964958191,6.470016956329346,0.37022536993026733,6.566909313201904,0.4765796661376953,17.633901596069336
1406,474,What does the computer screen say?,1,0.15002882480621338,0.0,0.17328819632530212,6.470016956329346,0.15203224122524261,3.4667882919311523,0.3191213607788086,15.792695045471191
1407,2646,Where in the world did my cord go for my radio transmitter?,0,0.08632348477840424,0.0,0.09670579433441162,6.470016956329346,0.09401018917560577,3.461082935333252,0.07477004081010818,15.272221565246582
1408,2163,What is this?,1,0.2658804953098297,0.0,0.37387582659721375,6.470016956329346,0.39606815576553345,5.735185623168945,0.3812195658683777,16.080442428588867
1409,2730,is this,0,0.24798743426799774,0.0,0.2782568037509918,6.470016956329346,0.28140559792518616,3.8492660522460938,0.17781086266040802,13.220858573913574
1410,2003,What is this marker?,1,0.1710611879825592,0.0,0.20434190332889557,6.470016956329346,0.18476751446723938,3.554419755935669,0.16667540371418,10.81822681427002
1411,1342,What card is this?,1,0.34510529041290283,0.0,0.4339814782142639,6.470016956329346,0.4455295503139496,4.8415374755859375,0.44167301058769226,14.077082633972168
1412,1222,What is on this box?,0,0.12252321094274521,0.0,0.15817435085773468,6.470016956329346,0.13660839200019836,3.4618401527404785,0.08035746961832047,18.70469093322754
1413,1127,Whats displayed on the screen?,1,0.12252321094274521,0.0,0.1561049073934555,6.470016956329346,0.14223188161849976,3.5279271602630615,0.16026602685451508,14.274633407592773
1414,1278,What is this and which color is it?,1,0.43782350420951843,0.0,0.5428633093833923,6.470016956329346,0.5234203934669495,4.114408493041992,0.6442251205444336,14.266005516052246
1415,1742,What's on the screen?,1,0.230919748544693,0.0,0.28140559792518616,6.470016956329346,0.25091278553009033,3.536919355392456,0.22000709176063538,13.10729694366455
1416,2927,Can you please describe this flower to me? Thank you.,1,0.3380771279335022,0.0,0.37387582659721375,6.470016956329346,0.4339814782142639,6.155098915100098,0.7217432260513306,17.760726928710938
1417,985,We need to know what is on the screen and which item is for driver signing.,0,0.1755380630493164,0.0,0.2146914154291153,6.470016956329346,0.18952108919620514,3.6487436294555664,0.17328819632530212,15.669623374938965
1418,5,What does the arrow say?,0,0.17328819632530212,0.0,0.1919327974319458,6.470016956329346,0.19930800795555115,3.629575252532959,0.1127953976392746,17.72881507873535
1419,54,"Hello there, are you able to see what's on this LCD screen and if it's expecting any input from the user, as in, does it have a next button, back button?",1,0.4148988127708435,0.0,0.46490156650543213,6.470016956329346,0.4493926465511322,3.532904624938965,0.30074557662010193,17.282285690307617
1420,3638,What are these instructions for?,1,0.3812195658683777,0.0,0.47268345952033997,6.470016956329346,0.4532618820667267,3.7512567043304443,0.637030839920044,13.321134567260742
1421,2687,What is this?,1,0.3208213150501251,0.0,0.43014732003211975,6.470016956329346,0.4455295503139496,5.546553611755371,0.6334102749824524,15.838872909545898
1422,3008,what type of canned food is this?,0,0.2393493503332138,0.0,0.3208213150501251,6.470016956329346,0.29746994376182556,3.897742509841919,0.16026602685451508,16.922487258911133
1423,2783,What is this song?,0,0.16238002479076385,0.0,0.2018132209777832,6.470016956329346,0.17781086266040802,3.481663227081299,0.29421496391296387,15.823406219482422
1424,3067,What is this item?,1,0.2782568037509918,0.0,0.3812195658683777,6.470016956329346,0.37387582659721375,5.338656902313232,0.3191213607788086,13.780582427978516
1425,2660,Is this fabric that I just took a picture of black or navy blue? Thank you.,1,0.23651622235774994,0.0,0.2658804953098297,6.470016956329346,0.2751297354698181,4.292306900024414,0.2120688110589981,11.909862518310547
1426,2896,Can you tell me who this is from?,0,0.08151975274085999,0.0,0.09138210862874985,6.470016956329346,0.08509904146194458,3.4617512226104736,0.0832919329404831,14.567157745361328
1427,340,"Can you see which of this option is for booting into safe mode? Is it above or below the highlighted area? How many lines up or down, looking for safe mode, boot into safe mode. Thank you. ",0,0.13296423852443695,0.0,0.1540575623512268,6.470016956329346,0.14414885640144348,3.4422996044158936,0.17217186093330383,16.641447067260742
1428,1348,What logo is on this t-shirt?,1,0.41111084818840027,0.0,0.4765796661376953,6.470016956329346,0.4532618820667267,3.7337639331817627,0.581303060054779,13.721776962280273
1429,3861,What is in this box?,0,0.14033624529838562,0.0,0.18713268637657166,6.470016956329346,0.1540575623512268,3.5001423358917236,0.13477592170238495,18.976839065551758
1430,2161,Towel please,0,0.2254166156053543,0.0,0.24798743426799774,6.470016956329346,0.23651622235774994,3.4736921787261963,0.2628418505191803,16.10518455505371
1431,3073,"Can you tell me what color this shirt is and what the design is on the front, please?",1,0.665410578250885,0.0,0.7431679368019104,6.470016956329346,0.7461389899253845,5.649931907653809,0.8128673434257507,16.371353149414062
1432,969,What is this? ,1,0.2598256468772888,0.0,0.3073580265045166,6.470016956329346,0.3208213150501251,4.906395435333252,0.4765796661376953,16.37286376953125
1433,2777,"What color is that, please?",1,0.2146914154291153,0.0,0.27202457189559937,6.470016956329346,0.2538610100746155,3.5362071990966797,0.19930800795555115,9.991898536682129
1434,2847,What is the name of the color?,0,0.2254166156053543,0.0,0.29421496391296387,6.470016956329346,0.2598256468772888,3.5358176231384277,0.1710611879825592,14.514044761657715
1435,2164,"So now I turned it the other way, and I'm gonna see if this looks right now. I'm gonna see if I can't stop it. I don't guess I can. ",0,0.2538610100746155,0.0,0.2689414322376251,6.470016956329346,0.2751297354698181,3.56925106048584,0.4455295503139496,15.861079216003418
1436,1149,What menu is being displayed on the screen?,1,0.30074557662010193,0.0,0.35220178961753845,6.470016956329346,0.3380771279335022,3.6913914680480957,0.3923368453979492,15.032438278198242
1437,135,What is this?,1,0.1755380630493164,0.0,0.2422056347131729,6.470016956329346,0.2393493503332138,5.220892906188965,0.3812195658683777,15.818485260009766
1438,1792,What is this?,0,0.1710611879825592,0.0,0.2393493503332138,6.470016956329346,0.21733751893043518,4.303579807281494,0.1540575623512268,17.088232040405273
1439,1009,whats this?,1,0.2751297354698181,0.0,0.3345894515514374,6.470016956329346,0.3557748794555664,5.598339557647705,0.5389832258224487,17.064098358154297
1440,2092,This appliance is a Black ,0,0.16667540371418,0.0,0.19436782598495483,6.470016956329346,0.1755380630493164,3.4609687328338623,0.27202457189559937,11.863822937011719
1441,3843,Participating in the clothing identification pilot study.,0,0.23370634019374847,0.0,0.24798743426799774,6.470016956329346,0.2393493503332138,3.466585397720337,0.2018132209777832,14.883742332458496
1442,1073,What does this say?,0,0.1919327974319458,0.0,0.23651622235774994,6.470016956329346,0.2120688110589981,3.5177111625671387,0.23651622235774994,14.592364311218262
1443,1019,What is this?,1,0.1755380630493164,0.0,0.23651622235774994,6.470016956329346,0.2538610100746155,5.756997108459473,0.3923368453979492,16.936248779296875
1444,1290,What are the cooking instructions for the lasagna?,0,0.14414885640144348,0.0,0.16451644897460938,6.470016956329346,0.14804719388484955,3.471356153488159,0.14804719388484955,17.702434539794922
1445,3020,What is this?,1,0.28140559792518616,0.0,0.3775406777858734,6.470016956329346,0.4073334336280823,6.33997106552124,0.5117166042327881,16.643495559692383
1446,2203,Can you please tell me what kind of food this is?,0,0.17328819632530212,0.0,0.2120688110589981,6.470016956329346,0.22270014882087708,3.9387078285217285,0.11357959359884262,16.543258666992188
1447,363,Can you please describe to me what this picture looks like? Thank you.,1,0.2598256468772888,0.0,0.30404165387153625,6.470016956329346,0.31742629408836365,4.772062301635742,0.6513549089431763,14.733172416687012
1448,2174,What is this?,1,0.1540575623512268,0.0,0.20689405500888824,6.470016956329346,0.1919327974319458,4.206793785095215,0.32423537969589233,15.503551483154297
1449,3528,What is in this package?,0,0.09947021305561066,0.0,0.13117322325706482,6.470016956329346,0.10818894952535629,3.4705910682678223,0.09401018917560577,20.8204402923584
1450,1129,What's on my screen?,0,0.32423537969589233,0.0,0.39606815576553345,6.470016956329346,0.38861799240112305,4.508640766143799,0.19682620465755463,17.46333122253418
1451,2600,What is in this can?,1,0.230919748544693,0.0,0.30404165387153625,6.470016956329346,0.2689414322376251,3.7651989459991455,0.3208213150501251,12.666436195373535
1452,1930,What kind of juice is this?,1,0.2254166156053543,0.0,0.27202457189559937,6.470016956329346,0.28776782751083374,4.538817405700684,0.2254166156053543,13.584990501403809
1453,3552,What does this say?,0,0.13296423852443695,0.0,0.15203224122524261,6.470016956329346,0.13846179842948914,3.471356153488159,0.29098084568977356,14.952521324157715
1454,2851,Can you please describe this card in this orientation? Thank You,1,0.2146914154291153,0.0,0.22815649211406708,6.470016956329346,0.23370634019374847,3.9084184169769287,0.39981165528297424,13.984051704406738
1455,2935,What is this?,0,0.18476751446723938,0.0,0.2658804953098297,6.470016956329346,0.2422056347131729,4.541955471038818,0.2018132209777832,17.6323299407959
1456,1179,What kind of perfume is this?,0,0.06754669547080994,0.0,0.06656918674707413,6.470016956329346,0.06954174488782883,3.471356153488159,0.08035746961832047,17.803144454956055
1457,3885,Can you tell what dinner this is?,1,0.30404165387153625,0.0,0.3849121630191803,6.470016956329346,0.4148988127708435,5.460867881774902,0.7826625108718872,17.390960693359375
1458,3047,what is in this bottle,0,0.12421300262212753,0.0,0.16451644897460938,6.470016956329346,0.14608724415302277,3.6540677547454834,0.07369627058506012,18.061555862426758
1459,2147,What is this?,1,0.27202457189559937,0.0,0.3849121630191803,6.470016956329346,0.3849121630191803,5.640680313110352,0.5506073832511902,16.487728118896484
1460,166,What does the top of this pamphlet say?,1,0.23651622235774994,0.0,0.28776782751083374,6.470016956329346,0.2538610100746155,3.4503560066223145,0.30074557662010193,12.730463027954102
1461,3676,How do I have to leave this in the oven for?,0,0.19930800795555115,0.0,0.2598256468772888,6.470016956329346,0.22270014882087708,3.537641763687134,0.17441026866436005,18.58148956298828
1462,868,What is this product?,1,0.16885696351528168,0.0,0.2422056347131729,6.470016956329346,0.2120688110589981,4.011758804321289,0.3106943964958191,14.513192176818848
1463,1338,What does this say? What does this say?,1,0.35398629307746887,0.0,0.39981165528297424,6.470016956329346,0.4035668969154358,3.6502652168273926,0.5698526501655579,12.950383186340332
1464,1865,Is this my physics book or it is my psychology book?  ,1,0.16667540371418,0.0,0.1710611879825592,6.470016956329346,0.18242551386356354,3.8748085498809814,0.15002882480621338,10.820440292358398
1465,2755,"What time is it, and what is your favorite football team?",0,0.2628418505191803,0.0,0.3380771279335022,6.470016956329346,0.30404165387153625,3.860487937927246,0.3849121630191803,15.824728965759277
1466,2099,What is this?,1,0.2598256468772888,0.0,0.37022536993026733,6.470016956329346,0.3923368453979492,6.224080562591553,0.34510529041290283,16.98653221130371
1467,3933,How much time is on the display?,0,0.1561049073934555,0.0,0.19436782598495483,6.470016956329346,0.16451644897460938,3.456543445587158,0.2568320035934448,18.091997146606445
1468,1167,What is this?,1,0.2568320035934448,0.0,0.35220178961753845,6.470016956329346,0.3486451506614685,5.293917655944824,0.581303060054779,16.364530563354492
1469,2028,Do you know what time it is?,0,0.06465348601341248,0.0,0.07585817575454712,6.470016956329346,0.06754669547080994,3.545440196990967,0.10447731614112854,15.784444808959961
1470,3468,What is the flavor of this bag of noodles?,1,0.2628418505191803,0.0,0.3486451506614685,6.470016956329346,0.3380771279335022,4.932687282562256,0.39606815576553345,15.001964569091797
1471,280,These curtains look clean.,0,0.17328819632530212,0.0,0.19682620465755463,6.470016956329346,0.19682620465755463,3.646991014480591,0.13753247261047363,16.52741050720215
1472,1357,What is in this can?,1,0.2018132209777832,0.0,0.2751297354698181,6.470016956329346,0.2658804953098297,5.067239761352539,0.36296921968460083,15.636295318603516
1473,1315,Where is the printer?,1,0.3557748794555664,0.0,0.4843800961971283,6.470016956329346,0.43782350420951843,4.168970584869385,0.29746994376182556,14.469300270080566
1474,2170,"What is visible on this screen, please?",1,0.27202457189559937,0.0,0.3415825068950653,6.470016956329346,0.32766830921173096,3.626760482788086,0.3775406777858734,16.89413070678711
1475,3571,What kind of dinner bowl is this?,1,0.23370634019374847,0.0,0.2628418505191803,6.470016956329346,0.2782568037509918,3.8998863697052,0.1540575623512268,12.809916496276855
1476,3919,What is this?,1,0.16026602685451508,0.0,0.2393493503332138,6.470016956329346,0.2393493503332138,5.598328113555908,0.3208213150501251,16.82712745666504
1477,452,tell me about color.,1,0.2568320035934448,0.0,0.31742629408836365,6.470016956329346,0.30404165387153625,3.78173565864563,0.3380771279335022,13.313253402709961
1478,479,What's on this card?,1,0.23651622235774994,0.0,0.29421496391296387,6.470016956329346,0.27202457189559937,3.804896116256714,0.29746994376182556,12.100934982299805
1479,2151,I want to know what brand of cologne this is.,0,0.07055959850549698,0.0,0.08269733935594559,6.470016956329346,0.07263670116662979,3.4680445194244385,0.07807815819978714,15.33080768585205
1480,2223,Tell me about color this piece.,1,0.2751297354698181,0.0,0.3208213150501251,6.470016956329346,0.314050555229187,3.7948155403137207,0.28776782751083374,14.641886711120605
1481,1085,What's in this tent?,0,0.10521053522825241,0.0,0.1276526302099228,6.470016956329346,0.11124120652675629,3.4593472480773926,0.12678517401218414,20.91381072998047
1482,1177,Can you tell me what brand of chicken breasts these are please? Thank you.,0,0.14414885640144348,0.0,0.1710611879825592,6.470016956329346,0.15817435085773468,3.4758193492889404,0.12421300262212753,15.546794891357422
1483,2064,what is this and how much it cost,1,0.12940272688865662,0.0,0.18010665476322174,6.470016956329346,0.1540575623512268,4.203462600708008,0.46101680397987366,14.881442070007324
1484,3889,What is this item?,1,0.28140559792518616,0.0,0.36296921968460083,6.470016956329346,0.38861799240112305,5.537601470947266,0.36658975481987,13.87740421295166
1485,438,What does this say?,0,0.230919748544693,0.0,0.27202457189559937,6.470016956329346,0.24508501589298248,3.4385135173797607,0.21733751893043518,15.146735191345215
1486,928,What text is on the screen please?,1,0.2782568037509918,0.0,0.33111974596977234,6.470016956329346,0.32766830921173096,3.839165687561035,0.37022536993026733,13.183072090148926
1487,3783,What kind of frozen dinner is this?,1,0.2689414322376251,0.0,0.35220178961753845,6.470016956329346,0.3380771279335022,3.8845155239105225,0.3923368453979492,12.66047191619873
1488,3895,"if the letters are in focus now, what does the search say?",0,0.2120688110589981,0.0,0.2751297354698181,6.470016956329346,0.23651622235774994,3.608610153198242,0.1859472095966339,17.61396598815918
1489,2885,What color is it?,1,0.2782568037509918,0.0,0.3775406777858734,6.470016956329346,0.3486451506614685,4.079618453979492,0.29421496391296387,10.312029838562012
1490,1924,What is the computer screen showing?,1,0.3106943964958191,0.0,0.4148988127708435,6.470016956329346,0.39606815576553345,4.371190547943115,0.5506073832511902,15.60847282409668
1491,66,Could you please tell me what's on my screen?  ,0,0.20434190332889557,0.0,0.25091278553009033,6.470016956329346,0.23651622235774994,4.03352689743042,0.20946969091892242,16.463762283325195
1492,1209,What video game is this?,1,0.3208213150501251,0.0,0.3923368453979492,6.470016956329346,0.38861799240112305,4.550559997558594,0.2658804953098297,11.931268692016602
1493,2993,What color is my shirt?,1,0.08151975274085999,0.0,0.09268777817487717,6.470016956329346,0.09009299427270889,3.4836249351501465,0.08210662752389908,14.223328590393066
1494,492,The instantaneous voltage across a 27mh inductor is E=5800 sine.,0,0.25091278553009033,0.0,0.3073580265045166,6.470016956329346,0.2658804953098297,3.4638800621032715,0.23370634019374847,17.197696685791016
1495,1329,what type of medicine is this?,0,0.09670579433441162,0.0,0.13846179842948914,6.470016956329346,0.10970577597618103,3.4607391357421875,0.09073548763990402,16.504453659057617
1496,1201,What is this bottle of detergent? ,1,0.4493926465511322,0.0,0.5234203934669495,6.470016956329346,0.5544704794883728,4.979660511016846,0.5698526501655579,13.754563331604004
1497,2225,What is this?,1,0.2845759987831116,0.0,0.3849121630191803,6.470016956329346,0.41111084818840027,6.105149269104004,0.5698526501655579,15.880956649780273
1498,2972,"This is a heat and air conditioning thermostat, I need to know if it is set on the off position or is set on a",1,0.2393493503332138,0.0,0.27202457189559937,6.470016956329346,0.2658804953098297,4.275021076202393,0.17328819632530212,18.121910095214844
1499,2673,What is this?,1,0.2018132209777832,0.0,0.30074557662010193,6.470016956329346,0.3208213150501251,6.223167896270752,0.3923368453979492,16.487306594848633
1500,330,Can you tell us what this text says? Thank you.,1,0.3345894515514374,0.0,0.39981165528297424,6.470016956329346,0.37387582659721375,3.8098208904266357,0.34510529041290283,10.692076683044434
1501,2818,What is this?,0,0.2146914154291153,0.0,0.29746994376182556,6.470016956329346,0.31742629408836365,5.658626079559326,0.23651622235774994,18.274812698364258
1502,3504,What's in this box?,0,0.15203224122524261,0.0,0.18476751446723938,6.470016956329346,0.15817435085773468,3.4593465328216553,0.1431877166032791,19.213712692260742
1503,445,"Is this a receipt? If not, generally what is this piece of paper?",1,0.30404165387153625,0.0,0.3557748794555664,6.470016956329346,0.35220178961753845,3.850811719894409,0.3345894515514374,11.703493118286133
1504,3944,What languages and subtitles are included on this DVD?,0,0.10230470448732376,0.0,0.14033624529838562,6.470016956329346,0.10970577597618103,3.460456609725952,0.167763352394104,18.31374740600586
1505,3693,What seasoning is this?,1,0.2845759987831116,0.0,0.34510529041290283,6.470016956329346,0.36658975481987,4.652389049530029,0.37387582659721375,12.416847229003906
1506,2051,What color is the cabinets?,1,0.4035668969154358,0.0,0.4765796661376953,6.470016956329346,0.4882833957672119,4.7197184562683105,0.2845759987831116,12.255276679992676
1507,2219,What kind of pop is this?,1,0.32423537969589233,0.0,0.39981165528297424,6.470016956329346,0.43014732003211975,4.71645975112915,0.3415825068950653,13.063096046447754
1508,241,Can you please tell me what's on screen? Thank you.,1,0.2422056347131729,0.0,0.28140559792518616,6.470016956329346,0.27202457189559937,3.85147762298584,0.3812195658683777,15.444963455200195
1509,3768,"Can you tell me what this card is? If it's a baseball card, a football card, or what and who and the name on it, thank you.",1,0.4035668969154358,0.0,0.4765796661376953,6.470016956329346,0.4765796661376953,4.224498271942139,0.7248703241348267,16.151294708251953
1510,2204,What is this? ,1,0.31742629408836365,0.0,0.4035668969154358,6.470016956329346,0.4532618820667267,6.176573276519775,0.5583269596099854,17.164539337158203
1511,2172,Can you tell me what this is?,1,0.3208213150501251,0.0,0.4148988127708435,6.470016956329346,0.4532618820667267,6.252506732940674,0.7154240012168884,18.93376350402832
1512,449,What does it show on the screen?,1,0.46101680397987366,0.0,0.5774953961372375,6.470016956329346,0.5544704794883728,4.6233110427856445,0.7201715111732483,17.348562240600586
1513,59,I cannot move the camera slightly closer to the monitor.,0,0.15817435085773468,0.0,0.18010665476322174,6.470016956329346,0.16026602685451508,3.567007541656494,0.17328819632530212,15.584077835083008
1514,3014,What color is this?,1,0.2598256468772888,0.0,0.33111974596977234,6.470016956329346,0.314050555229187,4.005393028259277,0.2568320035934448,11.567190170288086
1515,2214,What color is this shirt? ,1,0.47268345952033997,0.0,0.5583269596099854,6.470016956329346,0.5774953961372375,5.118397235870361,0.5195213556289673,12.472162246704102
1516,1189,What color is the castle?,0,0.05921025201678276,0.0,0.05921025201678276,6.470016956329346,0.0627892017364502,3.4994373321533203,0.04240383207798004,18.03398323059082
1517,494,What is this thing?,1,0.16451644897460938,0.0,0.230919748544693,6.470016956329346,0.2146914154291153,4.678168773651123,0.20561504364013672,14.68089771270752
1518,1969,What color is this purse?,1,0.22815649211406708,0.0,0.29746994376182556,6.470016956329346,0.2845759987831116,4.6630859375,0.2422056347131729,11.278088569641113
1519,1090,What is written on the paper?,1,0.38861799240112305,0.0,0.4765796661376953,6.470016956329346,0.44167301058769226,4.057087421417236,0.49218812584877014,13.00966739654541
1520,3878,What's this?,1,0.2658804953098297,0.0,0.29421496391296387,6.470016956329346,0.3073580265045166,4.804122447967529,0.39606815576553345,15.384284019470215
1521,175,What does the screen say?,1,0.30074557662010193,0.0,0.36296921968460083,6.470016956329346,0.3812195658683777,4.697097301483154,0.36296921968460083,15.970102310180664
1522,3572,What is in this can please?,1,0.27202457189559937,0.0,0.3593641519546509,6.470016956329346,0.32423537969589233,3.872591733932495,0.34510529041290283,13.294859886169434
1523,3820,What is that?,1,0.16667540371418,0.0,0.2422056347131729,6.470016956329346,0.2751297354698181,5.972947597503662,0.24798743426799774,16.260189056396484
1524,3739,What device is this?,1,0.2658804953098297,0.0,0.3923368453979492,6.470016956329346,0.34510529041290283,4.408917427062988,0.3923368453979492,14.062589645385742
1525,3072,What is this?,1,0.30074557662010193,0.0,0.3923368453979492,6.470016956329346,0.39606815576553345,5.208257675170898,0.5273165106773376,15.841453552246094
1526,3694,Who is this dog?,1,0.18010665476322174,0.0,0.22270014882087708,6.470016956329346,0.23370634019374847,4.211923599243164,0.30404165387153625,12.879676818847656
1527,1193,what's in this picture?,1,0.32766830921173096,0.0,0.36658975481987,6.470016956329346,0.3557748794555664,4.170411586761475,0.6926419734954834,16.60611915588379
1528,1163,Can you please state what's in the photo?,1,0.46101680397987366,0.0,0.5234203934669495,6.470016956329346,0.5350984334945679,5.014524936676025,0.7325918078422546,18.373746871948242
1529,3668,What does that photo say?,1,0.2254166156053543,0.0,0.28140559792518616,6.470016956329346,0.25091278553009033,3.539496898651123,0.43782350420951843,15.995577812194824
1530,2921,What's in the bottle? ,0,0.15002882480621338,0.0,0.18713268637657166,6.470016956329346,0.16238002479076385,3.4370086193084717,0.11436852067708969,19.961929321289062
1531,3559,Is this.,1,0.18476751446723938,0.0,0.2120688110589981,6.470016956329346,0.22000709176063538,4.078770160675049,0.3106943964958191,14.99707317352295
1532,388,What it is a?,1,0.17781086266040802,0.0,0.24798743426799774,6.470016956329346,0.2146914154291153,4.080665111541748,0.46101680397987366,14.994912147521973
1533,1840,"Morning, I have an outfit on here. Unfortunately my color probe isn't working. I want you to tell me what the color of my cords, shirt and top are to make sure they match. Thank you.",1,0.1037486270070076,0.0,0.11124120652675629,6.470016956329346,0.11596070975065231,3.7309682369232178,0.36296921968460083,19.414342880249023
1534,3858,I know this is a can of food. Could you please tell me what's in it?,1,0.22270014882087708,0.0,0.2689414322376251,6.470016956329346,0.2422056347131729,3.693027973175049,0.3415825068950653,16.08498191833496
1535,2884,WHEN DOES THIS NOSE SPRAY EXPIRE?,0,0.11757213622331619,0.0,0.13477592170238495,6.470016956329346,0.1208532303571701,3.4639461040496826,0.07696083933115005,16.522125244140625
1536,1242,Is this an application for first time students or returning graduates?,1,0.14033624529838562,0.0,0.14804719388484955,6.470016956329346,0.15203224122524261,3.5142695903778076,0.12940272688865662,13.447112083435059
1537,29,Is this a woman?>,1,0.4765796661376953,0.0,0.5698526501655579,6.470016956329346,0.5583269596099854,3.9827239513397217,0.6584175229072571,14.386585235595703
1538,3048,What flavor of coffee is this please? Third times a charm.,0,0.1710611879825592,0.0,0.1919327974319458,6.470016956329346,0.19436782598495483,3.6321136951446533,0.13296423852443695,14.82076644897461
1539,437,What is this? ,1,0.2422056347131729,0.0,0.30074557662010193,6.470016956329346,0.3208213150501251,5.634888172149658,0.5544704794883728,16.240713119506836
1540,1996,What is on this card?,1,0.29421496391296387,0.0,0.3812195658683777,6.470016956329346,0.34510529041290283,3.9503557682037354,0.5039061903953552,13.204102516174316
1541,150,What is this?,1,0.18713268637657166,0.0,0.24798743426799774,6.470016956329346,0.2422056347131729,4.6939191818237305,0.39981165528297424,16.276227951049805
1542,1780,Is this shampoo?,0,0.2689414322376251,0.0,0.34510529041290283,6.470016956329346,0.29746994376182556,3.5442001819610596,0.29746994376182556,11.920907974243164
1543,2746,What is the degree?,0,0.14804719388484955,0.0,0.1710611879825592,6.470016956329346,0.1540575623512268,3.4635775089263916,0.2146914154291153,16.066720962524414
1544,2941,So is this button speed?  Is that a down or up arrow?,1,0.3593641519546509,0.0,0.4148988127708435,6.470016956329346,0.39981165528297424,4.173282146453857,0.3775406777858734,15.45745849609375
1545,3869,How many MLs is this can?,0,0.12940272688865662,0.0,0.16238002479076385,6.470016956329346,0.14033624529838562,3.470074415206909,0.23792991042137146,17.217952728271484
1546,2969,What color shirt am I wearing?,1,0.29746994376182556,0.0,0.3775406777858734,6.470016956329346,0.37387582659721375,4.264934062957764,0.3593641519546509,14.056756973266602
1547,341,"Tell me if there's text what it says on this computer screen, please?",1,0.3849121630191803,0.0,0.44167301058769226,6.470016956329346,0.4455295503139496,4.451588153839111,0.5698526501655579,15.90373420715332
1548,3086,What flavor and brand of cake is this please? Thank you.,1,0.13477592170238495,0.0,0.15817435085773468,6.470016956329346,0.1540575623512268,3.639704704284668,0.2751297354698181,17.80073356628418
1549,2793,Whats in the bag?,1,0.2393493503332138,0.0,0.31742629408836365,6.470016956329346,0.314050555229187,5.032626152038574,0.3106943964958191,13.057046890258789
1550,3877,What is in this box?,0,0.14608724415302277,0.0,0.19436782598495483,6.470016956329346,0.16667540371418,3.503650665283203,0.10521053522825241,17.018043518066406
1551,1319,Is this a beer can? ,1,0.19930800795555115,0.0,0.2393493503332138,6.470016956329346,0.23651622235774994,4.443030834197998,0.14804719388484955,12.4527006149292
1552,3942,Does that say what kind of frozen dinner it is? i cant tell myself,1,0.1127953976392746,0.0,0.12252321094274521,6.470016956329346,0.11920291930437088,3.576486110687256,0.14414885640144348,13.91540241241455
1553,2018,What do you see?,1,0.27202457189559937,0.0,0.33111974596977234,6.470016956329346,0.33111974596977234,4.859716892242432,0.8080672025680542,16.410804748535156
1554,1867,"Hey, what is this?",1,0.23370634019374847,0.0,0.27202457189559937,6.470016956329346,0.28776782751083374,4.957594871520996,0.43014732003211975,17.633304595947266
1555,2199,What kind of candy is this?,1,0.2658804953098297,0.0,0.3380771279335022,6.470016956329346,0.36296921968460083,5.341092109680176,0.33111974596977234,13.221165657043457
1556,2926,What is in this box?,1,0.42250463366508484,0.0,0.5389832258224487,6.470016956329346,0.5544704794883728,5.482956409454346,0.5389832258224487,14.64917278289795
1557,3090,Who's this letter from?,0,0.19682620465755463,0.0,0.2146914154291153,6.470016956329346,0.2146914154291153,3.471356153488159,0.17328819632530212,11.697183609008789
1558,3803,I found this in the wild. Can I keep it as a pet?,1,0.17781086266040802,0.0,0.19436782598495483,6.470016956329346,0.19682620465755463,3.6845014095306396,0.19682620465755463,13.932615280151367
1559,2229,What does these look like?,1,0.2538610100746155,0.0,0.32766830921173096,6.470016956329346,0.31742629408836365,4.877388000488281,0.39981165528297424,15.933998107910156
1560,1330,Tell me what it is.,1,0.230919748544693,0.0,0.30404165387153625,6.470016956329346,0.28140559792518616,4.382272243499756,0.6001883149147034,16.646326065063477
1561,1143,Is this Windows installing or is it waiting for me to select something or answer a question?,0,0.19682620465755463,0.0,0.2254166156053543,6.470016956329346,0.2254166156053543,3.7107064723968506,0.29421496391296387,15.628173828125
1562,3089,Can you tell what pills are these?,1,0.13660839200019836,0.0,0.16885696351528168,6.470016956329346,0.16451644897460938,4.3058881759643555,0.2422056347131729,13.945842742919922
1563,2023,What's this?,1,0.2782568037509918,0.0,0.30074557662010193,6.470016956329346,0.33111974596977234,5.577087879180908,0.43782350420951843,16.012035369873047
1564,3873,What is this?,0,0.19682620465755463,0.0,0.27202457189559937,6.470016956329346,0.2538610100746155,4.606942653656006,0.2018132209777832,17.736175537109375
1565,3589,What flavor is this?,1,0.1710611879825592,0.0,0.2568320035934448,6.470016956329346,0.230919748544693,4.1144938468933105,0.25091278553009033,14.419337272644043
1566,1110,What does my screen say please.,1,0.13477592170238495,0.0,0.14033624529838562,6.470016956329346,0.14223188161849976,3.474048614501953,0.13660839200019836,15.433794021606445
1567,1983,Please describe this for me. Thank you.,1,0.2598256468772888,0.0,0.28140559792518616,6.470016956329346,0.2845759987831116,4.109294891357422,0.46490156650543213,15.408137321472168
1568,2137,What is this?,1,0.17328819632530212,0.0,0.24798743426799774,6.470016956329346,0.2393493503332138,4.938920021057129,0.4804786741733551,16.27493667602539
1569,2043,What is this product?,0,0.10087861120700836,0.0,0.13660839200019836,6.470016956329346,0.1208532303571701,3.4494802951812744,0.15002882480621338,16.87568473815918
1570,2095,What wine is this?,1,0.17328819632530212,0.0,0.20689405500888824,6.470016956329346,0.2018132209777832,3.9759316444396973,0.2422056347131729,16.37472152709961
1571,2221,What kind of granola bars are these?,1,0.20434190332889557,0.0,0.24798743426799774,6.470016956329346,0.24798743426799774,4.012470245361328,0.2393493503332138,12.77457332611084
1572,509,What's on the screen?,1,0.3557748794555664,0.0,0.41869691014289856,6.470016956329346,0.39981165528297424,4.363193511962891,0.47268345952033997,13.048200607299805
1573,2943,What is this?,1,0.14414885640144348,0.0,0.20689405500888824,6.470016956329346,0.20689405500888824,5.392552852630615,0.3345894515514374,16.386571884155273
1574,1285,Can you tell me what kind of candy bar this is?,1,0.15002882480621338,0.0,0.18010665476322174,6.470016956329346,0.1919327974319458,4.660253047943115,0.41869691014289856,18.021709442138672
1575,1313,Can you tell me what pill this is?,0,0.1208532303571701,0.0,0.14223188161849976,6.470016956329346,0.13660839200019836,3.5271379947662354,0.16344544291496277,15.830230712890625
1576,2157,Hi. I was wondering - hopefully this picture is clear enough - what type of candy is this in the picture? Thank you.,0,0.18010665476322174,0.0,0.19930800795555115,6.470016956329346,0.19682620465755463,3.5139570236206055,0.16451644897460938,15.301034927368164
1577,346,What is on the monitor?,0,0.1037486270070076,0.0,0.14033624529838562,6.470016956329346,0.12940272688865662,3.9255921840667725,0.07864238321781158,18.545866012573242
1578,3960,What is this a picture of?,1,0.2751297354698181,0.0,0.3593641519546509,6.470016956329346,0.38861799240112305,5.564681529998779,0.43206340074539185,14.297734260559082
1579,1161,Do you see a model number anywhere on the face of this device?,1,0.1540575623512268,0.0,0.1755380630493164,6.470016956329346,0.16451644897460938,3.467010736465454,0.1710611879825592,10.802205085754395
1580,377,What is this thing?,1,0.1919327974319458,0.0,0.27202457189559937,6.470016956329346,0.2598256468772888,4.51192045211792,0.23651622235774994,14.338988304138184
1581,335,Can you tell me what CD this is?,0,0.18476751446723938,0.0,0.2120688110589981,6.470016956329346,0.19930800795555115,3.4486541748046875,0.1859472095966339,14.555620193481445
1582,1905,Yes I'd like to know if there is a RX number visible on this bottle and what the number is? Thank you.,0,0.14033624529838562,0.0,0.1540575623512268,6.470016956329346,0.14608724415302277,3.4495058059692383,0.2538610100746155,14.129201889038086
1583,202,Can you read this seven day forecast and write it out in the app so I can use voice over to read it? It's a seven day forecast,1,0.5389832258224487,0.0,0.596433162689209,6.470016956329346,0.5774953961372375,3.60317325592041,0.6261242032051086,15.76021957397461
1584,2144,What page number is visible?  ,0,0.200557678937912,0.0,0.25534364581108093,6.470016956329346,0.20561504364013672,3.464968681335449,0.15921740233898163,13.176773071289062
1585,211,"Hi, what does this card say, I'm looking for an 8 digit ID number.",0,0.1276526302099228,0.0,0.13660839200019836,6.470016956329346,0.12940272688865662,3.468794584274292,0.09334687888622284,12.560983657836914
1586,1991,What color are the stones in this earring?,1,0.24798743426799774,0.0,0.30404165387153625,6.470016956329346,0.314050555229187,4.487335205078125,0.2254166156053543,14.99897575378418
1587,3923,This is a blank screen. What color is it? Is there any text there?,1,0.22815649211406708,0.0,0.28776782751083374,6.470016956329346,0.2689414322376251,3.8925516605377197,0.2538610100746155,9.969861030578613
1588,3957,"What flavor of, what flavor of Doritos are these?",1,0.20946969091892242,0.0,0.2598256468772888,6.470016956329346,0.24508501589298248,3.625586986541748,0.36296921968460083,14.645703315734863
1589,2953,What is this a photo of?,1,0.3486451506614685,0.0,0.44167301058769226,6.470016956329346,0.46490156650543213,5.433099746704102,0.5234203934669495,14.250004768371582
1590,272,Is this?,0,0.18242551386356354,0.0,0.23370634019374847,6.470016956329346,0.20946969091892242,3.626511573791504,0.13846179842948914,13.875109672546387
1591,3081,which flavors are these?,1,0.17781086266040802,0.0,0.230919748544693,6.470016956329346,0.2393493503332138,4.642386436462402,0.4455295503139496,16.590167999267578
1592,3074,What color is this shirt?,0,0.15817435085773468,0.0,0.18476751446723938,6.470016956329346,0.1919327974319458,3.739112615585327,0.18359363079071045,15.442899703979492
1593,324,What does it say?,0,0.1540575623512268,0.0,0.18010665476322174,6.470016956329346,0.15817435085773468,3.476163148880005,0.14511536061763763,17.07329559326172
1594,1237,What is this?,1,0.19682620465755463,0.0,0.2598256468772888,6.470016956329346,0.2658804953098297,5.110467910766602,0.4073334336280823,16.676441192626953
1595,1890,Could you please tell me what is on this shirt?,0,0.5,0.0,0.5926666259765625,6.470016956329346,0.5888891220092773,5.054336071014404,0.2146914154291153,16.615968704223633
1596,3025,How many calories are in one serving?,1,0.3812195658683777,0.0,0.4687906503677368,6.470016956329346,0.4493926465511322,3.778528928756714,0.45713675022125244,15.602177619934082
1597,439,What's written on this paper?,0,0.1259227693080902,0.0,0.13660839200019836,6.470016956329346,0.12940272688865662,3.471356153488159,0.09877259284257889,19.020740509033203
1598,155,What does this coupon say on it?,1,0.43782350420951843,0.0,0.5273165106773376,6.470016956329346,0.5117166042327881,4.387657165527344,0.6926419734954834,15.116449356079102
1599,1363,How much fat does it contain?,1,0.18010665476322174,0.0,0.23370634019374847,6.470016956329346,0.19682620465755463,3.5212042331695557,0.24798743426799774,13.517501831054688
1600,3932,what is it,1,0.3208213150501251,0.0,0.39981165528297424,6.470016956329346,0.42250463366508484,5.708528995513916,0.6001883149147034,15.643068313598633
1601,421,What does this say?,0,0.2845759987831116,0.0,0.3557748794555664,6.470016956329346,0.3208213150501251,3.6439757347106934,0.2845759987831116,13.575427055358887
1602,410,"Ok, I can't tell what screen this is on at all. And, it won't do anything.",1,0.08093671500682831,0.0,0.08151975274085999,6.470016956329346,0.07807815819978714,3.626537322998047,0.08269733935594559,14.340229034423828
1603,2812,Dinner bowl is this?,1,0.08509904146194458,0.0,0.09138210862874985,6.470016956329346,0.09401018917560577,3.5149381160736084,0.03963884338736534,14.059436798095703
1604,301,"Please can you tell me what this writing says on the picture that I've taken a photo of, thank you?",1,0.3345894515514374,0.0,0.3923368453979492,6.470016956329346,0.36296921968460083,3.5295355319976807,0.5389832258224487,12.611034393310547
1605,475,How do you activate spoken answers?,0,0.18952108919620514,0.0,0.2146914154291153,6.470016956329346,0.19930800795555115,3.456907272338867,0.22000709176063538,13.999648094177246
1606,923,What is this?,1,0.2393493503332138,0.0,0.31742629408836365,6.470016956329346,0.3415825068950653,5.8893046379089355,0.5156199336051941,16.276443481445312
1607,2958,What is it?,0,0.2751297354698181,0.0,0.37387582659721375,6.470016956329346,0.33111974596977234,3.8489015102386475,0.19436782598495483,18.23630714416504
1608,1369,Can you see the fragrance on this bottle of Freebeze?,1,0.23651622235774994,0.0,0.2782568037509918,6.470016956329346,0.2538610100746155,3.6791162490844727,0.22270014882087708,11.785168647766113
1609,1328,What kind of juice might this be? ,1,0.2393493503332138,0.0,0.28776782751083374,6.470016956329346,0.29421496391296387,3.847994089126587,0.29098084568977356,14.926305770874023
1610,2029,Can that candy bar be identified?,0,0.3557748794555664,0.0,0.43014732003211975,6.470016956329346,0.43014732003211975,4.50722074508667,0.23231014609336853,16.382654190063477
1611,3094,What is this?,1,0.2120688110589981,0.0,0.3106943964958191,6.470016956329346,0.2845759987831116,4.613295078277588,0.37937837839126587,17.016010284423828
1612,2015,What is this word?,1,0.2845759987831116,0.0,0.3593641519546509,6.470016956329346,0.3486451506614685,4.5462212562561035,0.4843800961971283,12.212221145629883
1613,522,What is my computer screen showing?,1,0.28140559792518616,0.0,0.38861799240112305,6.470016956329346,0.37022536993026733,4.331597328186035,0.3775406777858734,14.754155158996582
1614,1244,What is this?,1,0.314050555229187,0.0,0.4263215959072113,6.470016956329346,0.49218812584877014,6.9540114402771,0.596433162689209,17.432628631591797
1615,2113,What is in this box?,1,0.10818894952535629,0.0,0.14804719388484955,6.470016956329346,0.13477592170238495,4.444348335266113,0.13846179842948914,15.83110237121582
1616,2831,Can you tell me what this knob is on?,0,0.38861799240112305,0.0,0.4882833957672119,6.470016956329346,0.4687906503677368,3.9545822143554688,0.14804719388484955,15.396977424621582
1617,1249,What do these two Kellogg boxes say?,0,0.13117322325706482,0.0,0.13660839200019836,6.470016956329346,0.13846179842948914,3.468559503555298,0.10970577597618103,16.71819496154785
1618,2968,What kind of coffee. What flavor is this coffee please? Thank you. ,0,0.1276526302099228,0.0,0.15002882480621338,6.470016956329346,0.14804719388484955,3.6559135913848877,0.11124120652675629,14.837894439697266
1619,3114,What's in front?,0,0.230919748544693,0.0,0.28776782751083374,6.470016956329346,0.2598256468772888,3.5342354774475098,0.21866938471794128,14.97629165649414
1620,1331,What is this?,1,0.2628418505191803,0.0,0.3557748794555664,6.470016956329346,0.3812195658683777,6.210882186889648,0.5888891220092773,16.113004684448242
1621,3093,What is this?,1,0.37387582659721375,0.0,0.46490156650543213,6.470016956329346,0.5117166042327881,6.490484714508057,0.5,16.508176803588867
1622,1169,What is this?,1,0.18242551386356354,0.0,0.2598256468772888,6.470016956329346,0.2782568037509918,5.911957263946533,0.3380771279335022,16.589147567749023
1623,227,Can you tell me what this pop up is saying?,0,0.15203224122524261,0.0,0.18010665476322174,6.470016956329346,0.15203224122524261,3.534440279006958,0.2598256468772888,15.869510650634766
1624,1833,"I know this is a medication, but what type? ",0,0.14033624529838562,0.0,0.17328819632530212,6.470016956329346,0.1540575623512268,3.4544010162353516,0.1030244305729866,15.116113662719727
1625,507,What is this item?,1,0.20946969091892242,0.0,0.28140559792518616,6.470016956329346,0.2689414322376251,4.523544788360596,0.32423537969589233,13.153398513793945
1626,390,What was that?,1,0.1276526302099228,0.0,0.1710611879825592,6.470016956329346,0.16026602685451508,4.177994251251221,0.2393493503332138,15.33950138092041
1627,3842,What is this?,0,0.19682620465755463,0.0,0.2538610100746155,6.470016956329346,0.24508501589298248,4.061048984527588,0.16238002479076385,16.56452751159668
1628,2133,What's the logo on this t-shirt?,0,0.1208532303571701,0.0,0.12940272688865662,6.470016956329346,0.13117322325706482,3.4322612285614014,0.1561049073934555,16.999130249023438
1629,1117,What's the library card number?,0,0.05033063143491745,0.0,0.0534033328294754,6.470016956329346,0.05033063143491745,3.471356153488159,0.11357959359884262,16.55354881286621
1630,506,ARE YOU ABLE TO SEE THE SELECTED OPTIONS I HAVE? DO YOU SEE WHERE IT SAYS HIGHLIGHTED?,1,0.16451644897460938,0.0,0.19930800795555115,6.470016956329346,0.18242551386356354,3.53949236869812,0.2422056347131729,15.427525520324707
1631,2853,Is this on fan now?,1,0.13846179842948914,0.0,0.15002882480621338,6.470016956329346,0.14804719388484955,3.622199535369873,0.16885696351528168,14.926902770996094
1632,2039,What is the expiry date on this product? What is the barcode ..... ,0,0.5698526501655579,0.0,0.6584175229072571,6.470016956329346,0.596433162689209,3.535212278366089,0.37022536993026733,14.598603248596191
1633,1386,"Do you see the river from there, from this perspective?",1,0.2393493503332138,0.0,0.2628418505191803,6.470016956329346,0.2782568037509918,3.910743474960327,0.14414885640144348,15.13717269897461
1634,2871,What is this label?,0,0.27202457189559937,0.0,0.32423537969589233,6.470016956329346,0.29098084568977356,3.4582958221435547,0.3106943964958191,16.10570526123047
1635,493,What is this computer doing?,1,0.18952108919620514,0.0,0.25091278553009033,6.470016956329346,0.20946969091892242,3.8648877143859863,0.23370634019374847,13.8867769241333
1636,3752,What is in this box?,1,0.17328819632530212,0.0,0.23370634019374847,6.470016956329346,0.21733751893043518,4.481541156768799,0.23370634019374847,13.663355827331543
1637,2218,"What's the name of this phone, and model please?",0,0.49218812584877014,0.0,0.5389832258224487,6.470016956329346,0.5467381477355957,3.848346471786499,0.4035668969154358,13.20740032196045
1638,3111,what is this please?,1,0.3593641519546509,0.0,0.43782350420951843,6.470016956329346,0.4687906503677368,6.015439510345459,0.709019124507904,18.321361541748047
1639,3496,I was curious to know what color her shirt is; and whether or not it's camouflage? ,1,0.37387582659721375,0.0,0.4493926465511322,6.470016956329346,0.47268345952033997,5.080738544464111,0.5698526501655579,17.98819351196289
1640,3882,What does this do?,1,0.17781086266040802,0.0,0.24798743426799774,6.470016956329346,0.18952108919620514,3.506776809692383,0.3830641806125641,15.60070514678955
1641,1012,What does this say?,1,0.39981165528297424,0.0,0.44167301058769226,6.470016956329346,0.4687906503677368,4.012660026550293,0.5888891220092773,14.153619766235352
1642,3744,What is this?,1,0.22000709176063538,0.0,0.29098084568977356,6.470016956329346,0.3073580265045166,5.861261367797852,0.5506073832511902,17.149423599243164
1643,3958,What color is this?  What color is this?,1,0.2658804953098297,0.0,0.314050555229187,6.470016956329346,0.29746994376182556,3.860032558441162,0.2751297354698181,11.521044731140137
1644,1241,Is this soap?,1,0.018546564504504204,0.0,0.020023440942168236,6.470016956329346,0.018404891714453697,3.879544734954834,0.01243165135383606,10.536540031433105
1645,3764,"The brand name is Encore, but I would like to know what kind of spice it is.",1,0.09670579433441162,0.0,0.10669060051441193,6.470016956329346,0.10669060051441193,3.681821584701538,0.22000709176063538,15.9111967086792
1646,1046,What make is this laptop?,0,0.2120688110589981,0.0,0.28776782751083374,6.470016956329346,0.25091278553009033,3.454768180847168,0.09877259284257889,15.75484848022461
1647,2725,this is the display of a treadmill could you tell me the distance please.,1,0.18476751446723938,0.0,0.20946969091892242,6.470016956329346,0.20689405500888824,3.6953651905059814,0.46101680397987366,17.452726364135742
1648,2997,It's not recording. What is this perfume? You don't double tap or anything? No.,1,0.2254166156053543,0.0,0.25091278553009033,6.470016956329346,0.24508501589298248,3.5782828330993652,0.27202457189559937,14.72107219696045
1649,3522,Does this match?,1,0.18242551386356354,0.0,0.19930800795555115,6.470016956329346,0.19436782598495483,3.671884298324585,0.17328819632530212,14.532135963439941
1650,3767,What kind of coffee is this?,1,0.3106943964958191,0.0,0.3812195658683777,6.470016956329346,0.43014732003211975,5.437057018280029,0.35220178961753845,13.576425552368164
1651,3909,What kind of cat food is this?,1,0.4148988127708435,0.0,0.4882833957672119,6.470016956329346,0.5039061903953552,4.021109104156494,0.5156199336051941,13.20754337310791
1652,71,"About this one, thank you.",0,0.29746994376182556,0.0,0.32766830921173096,6.470016956329346,0.3380771279335022,3.789522886276245,0.33111974596977234,14.54935073852539
1653,2000,Can you tell which medallion this is from? Regiment.,1,0.24798743426799774,0.0,0.2845759987831116,6.470016956329346,0.28140559792518616,3.7307755947113037,0.43014732003211975,14.125344276428223
1654,2241,What is this?,0,0.18010665476322174,0.0,0.25091278553009033,6.470016956329346,0.22270014882087708,4.065158843994141,0.18476751446723938,17.548694610595703
1655,1394,What does the screen say?,0,0.2422056347131729,0.0,0.31742629408836365,6.470016956329346,0.2658804953098297,3.7164466381073,0.16559311747550964,18.06433868408203
1656,3953,What's this?,1,0.2751297354698181,0.0,0.3106943964958191,6.470016956329346,0.33111974596977234,5.131174087524414,0.4532618820667267,16.094097137451172
1657,1938,What is this?,0,0.16667540371418,0.0,0.23370634019374847,6.470016956329346,0.21733751893043518,4.351399898529053,0.17781086266040802,17.17654037475586
1658,2189,What is on this shirt?,1,0.4532618820667267,0.0,0.5544704794883728,6.470016956329346,0.5428633093833923,4.694050312042236,0.622459352016449,12.908814430236816
1659,2152,Describe the ,0,0.19682620465755463,0.0,0.2393493503332138,6.470016956329346,0.2146914154291153,3.9351725578308105,0.1540575623512268,15.87421703338623
1660,1011,What are the letter's I type in to win the prize?,1,0.2018132209777832,0.0,0.2393493503332138,6.470016956329346,0.23651622235774994,4.176021099090576,0.3557748794555664,13.74136734008789
1661,903,"Yes, I would just like a description of the visual image which is a Google Street View of a given location.",1,0.46101680397987366,0.0,0.5,6.470016956329346,0.5,3.735429048538208,0.5389832258224487,13.222114562988281
1662,3064,What is this bottle?,1,0.3073580265045166,0.0,0.4035668969154358,6.470016956329346,0.37387582659721375,4.254058837890625,0.4765796661376953,13.295289039611816
1663,973,Can you tell what type of Dell computer this is from this sticker? Is it a Dell 1012?,0,0.09947021305561066,0.0,0.1037486270070076,6.470016956329346,0.11124120652675629,3.763862133026123,0.1540575623512268,13.791901588439941
1664,3864,we called what is the flavor ,0,0.18713268637657166,0.0,0.21733751893043518,6.470016956329346,0.19930800795555115,3.459390640258789,0.16885696351528168,16.19546127319336
1665,3026,Hard to say it. I'm specifically looking for some eight digit ID number of some kind. Thank you.,0,0.06804042309522629,0.0,0.07263670116662979,6.470016956329346,0.06853749603033066,3.455920934677124,0.06705628335475922,14.16858959197998
1666,3854,What is in my hand? And what color is it? ,1,0.3812195658683777,0.0,0.45713675022125244,6.470016956329346,0.4687906503677368,4.752889156341553,0.7772998809814453,16.758642196655273
1667,2983,What is this?,1,0.30404165387153625,0.0,0.3923368453979492,6.470016956329346,0.43782350420951843,6.124333381652832,0.3923368453979492,16.526865005493164
1668,3839,What is this?,1,0.17781086266040802,0.0,0.27202457189559937,6.470016956329346,0.29421496391296387,6.096230506896973,0.4765796661376953,16.805612564086914
1669,2601,Can you see what pill bottle this is and what the name is? It's Advil Care something but I don't know if it's catalyst or thermo plus. ,1,0.230919748544693,0.0,0.27202457189559937,6.470016956329346,0.2782568037509918,4.554718017578125,0.6076632142066956,17.05550193786621
1670,2614,Is it asking? What? Should be. I am.,1,0.2598256468772888,0.0,0.28140559792518616,6.470016956329346,0.27202457189559937,3.547724485397339,0.5,11.108796119689941
1671,2663,"What is in this can, please?",1,0.19930800795555115,0.0,0.24508501589298248,6.470016956329346,0.22270014882087708,3.500967025756836,0.23370634019374847,12.95050048828125
1672,2085,What is this?,1,0.1755380630493164,0.0,0.2393493503332138,6.470016956329346,0.2538610100746155,5.6968207359313965,0.5195213556289673,16.80121421813965
1673,28,What type of pills are these?,0,0.0838903859257698,0.0,0.1127953976392746,6.470016956329346,0.09401018917560577,3.471356153488159,0.14414885640144348,18.787574768066406
1674,3670,What is this?,1,0.3345894515514374,0.0,0.4263215959072113,6.470016956329346,0.46490156650543213,6.054587364196777,0.4882833957672119,15.394144058227539
1675,1273,What DVD is this?,0,0.3106943964958191,0.0,0.38861799240112305,6.470016956329346,0.34510529041290283,3.5299243927001953,0.18713268637657166,14.41516399383545
1676,3537,How should I cook this pasta dish?,1,0.39606815576553345,0.0,0.4532618820667267,6.470016956329346,0.4339814782142639,3.4687623977661133,0.3849121630191803,15.72684097290039
1677,2787,What is this?,1,0.18476751446723938,0.0,0.2538610100746155,6.470016956329346,0.29098084568977356,6.125851631164551,0.37387582659721375,16.21853256225586
1678,1398,What is this object?,1,0.3208213150501251,0.0,0.4263215959072113,6.470016956329346,0.4339814782142639,5.457089424133301,0.5350984334945679,15.9979248046875
1679,451,What does this say?,0,0.22815649211406708,0.0,0.3073580265045166,6.470016956329346,0.2568320035934448,3.5393638610839844,0.2030746340751648,13.753379821777344
1680,3594,"What is that, please?",0,0.16667540371418,0.0,0.20946969091892242,6.470016956329346,0.18952108919620514,3.6109392642974854,0.11596070975065231,16.966936111450195
1681,2236,What is this?,1,0.1540575623512268,0.0,0.22000709176063538,6.470016956329346,0.18476751446723938,3.595792531967163,0.531209409236908,16.241445541381836
1682,2228,What is this item?,1,0.2628418505191803,0.0,0.34510529041290283,6.470016956329346,0.3557748794555664,4.654768466949463,0.34510529041290283,13.969677925109863
1683,1340,What's in this tin?  Thank you.,1,0.2689414322376251,0.0,0.31742629408836365,6.470016956329346,0.32766830921173096,4.794520378112793,0.39606815576553345,15.877025604248047
1684,3897,What's in this bottle?,1,0.14223188161849976,0.0,0.2120688110589981,6.470016956329346,0.18952108919620514,4.398853778839111,0.25091278553009033,12.304201126098633
1685,1010,describe the monitor,1,0.1919327974319458,0.0,0.20689405500888824,6.470016956329346,0.20946969091892242,3.9954333305358887,0.2120688110589981,14.34888744354248
1686,3887,"What is on these cells, and how many things are there on these cells?",1,0.3345894515514374,0.0,0.4493926465511322,6.470016956329346,0.4148988127708435,4.272395133972168,0.7956580519676208,15.35439395904541
1687,1286,so how long do I cook this in the microwave?,0,0.11757213622331619,0.0,0.13296423852443695,6.470016956329346,0.12252321094274521,3.4640235900878906,0.15713685750961304,18.41556167602539
1688,1122,Is there blood in my stool?,1,0.06008664518594742,0.0,0.08151975274085999,6.470016956329346,0.06954174488782883,3.810497283935547,0.13846179842948914,14.237227439880371
1689,1809,What is this?,0,0.23370634019374847,0.0,0.3208213150501251,6.470016956329346,0.31742629408836365,5.008493900299072,0.21866938471794128,17.009552001953125
1690,3038,What device does this adapter go to?,1,0.19436782598495483,0.0,0.2689414322376251,6.470016956329346,0.23651622235774994,3.607668161392212,0.230919748544693,13.459160804748535
1691,3035,What is this product?,1,0.14223188161849976,0.0,0.1919327974319458,6.470016956329346,0.16667540371418,3.7816293239593506,0.24944724142551422,14.34823226928711
1692,2105,What kind of soup is this?,0,0.07159119844436646,0.0,0.0792103260755539,6.470016956329346,0.07369627058506012,3.436353921890259,0.11201596260070801,17.767017364501953
1693,2769,What make and flavor of coffee is this please?,1,0.20946969091892242,0.0,0.2538610100746155,6.470016956329346,0.2689414322376251,4.247663497924805,0.34510529041290283,15.30583381652832
1694,2996,Lights in the room turned on or off?,1,0.1127953976392746,0.0,0.12252321094274521,6.470016956329346,0.1259227693080902,3.826749563217163,0.11757213622331619,13.686812400817871
1695,990,Which button is selected?,1,0.2018132209777832,0.0,0.22270014882087708,6.470016956329346,0.22000709176063538,3.7716054916381836,0.38861799240112305,11.672390937805176
1696,2207,Hi what is the name of the food that is in this package? Thank you.,0,0.3415825068950653,0.0,0.3923368453979492,6.470016956329346,0.3812195658683777,3.572185754776001,0.21733751893043518,15.58541488647461
1697,2216,"Can you tell me what's in this can, please? Thank you.",0,0.5078118443489075,0.0,0.5774953961372375,6.470016956329346,0.6039317846298218,5.62225866317749,0.32423537969589233,15.383135795593262
1698,2110,What is this?,1,0.20434190332889557,0.0,0.2751297354698181,6.470016956329346,0.29098084568977356,5.956470489501953,0.37022536993026733,16.290639877319336
1699,3485,What color is this?,1,0.314050555229187,0.0,0.39981165528297424,6.470016956329346,0.38861799240112305,4.289065837860107,0.37022536993026733,11.693278312683105
1700,3019,What does it say on this shirt?,1,0.33111974596977234,0.0,0.42250463366508484,6.470016956329346,0.43782350420951843,4.92954683303833,0.7549149990081787,18.060924530029297
1701,2961,What's this?,0,0.2845759987831116,0.0,0.3106943964958191,6.470016956329346,0.32766830921173096,5.02561092376709,0.32766830921173096,17.678943634033203
1702,3967,What is in this can?,1,0.24798743426799774,0.0,0.3486451506614685,6.470016956329346,0.29746994376182556,3.9180164337158203,0.36296921968460083,11.982770919799805
1703,2227,"What is this, please?",1,0.3073580265045166,0.0,0.3849121630191803,6.470016956329346,0.41111084818840027,5.244204044342041,0.46490156650543213,16.786771774291992
1704,2205,Could you please tell me what color that is? Thank you.,1,0.28140559792518616,0.0,0.34510529041290283,6.470016956329346,0.3380771279335022,4.170071601867676,0.2422056347131729,15.284255981445312
1705,2965,what color is this shirt?,1,0.2782568037509918,0.0,0.3380771279335022,6.470016956329346,0.3345894515514374,4.557590484619141,0.314050555229187,13.313172340393066
1706,2176,What CD is this?,0,0.0541987270116806,0.0,0.0541987270116806,6.470016956329346,0.05749327689409256,3.471356153488159,0.1208532303571701,15.713299751281738
1707,3104,Hi.  I won't know somebody's speaking Spanish.,0,0.17328819632530212,0.0,0.1755380630493164,6.470016956329346,0.18242551386356354,3.4586408138275146,0.25091278553009033,15.053321838378906
1708,3097,What is it? ,1,0.3415825068950653,0.0,0.4493926465511322,6.470016956329346,0.4765796661376953,5.722830295562744,0.6584175229072571,15.916266441345215
1709,1823,How could you tell?,0,0.2658804953098297,0.0,0.35220178961753845,6.470016956329346,0.314050555229187,3.889679431915283,0.18952108919620514,17.187150955200195
1710,296,Don't know what the screen says. ,1,0.2018132209777832,0.0,0.22815649211406708,6.470016956329346,0.20946969091892242,3.4953057765960693,0.22815649211406708,16.202369689941406
1711,2071,What is this?,0,0.2689414322376251,0.0,0.35220178961753845,6.470016956329346,0.3557748794555664,5.043073654174805,0.25832599401474,17.16939926147461
1712,2016,What color is this?,1,0.32766830921173096,0.0,0.39606815576553345,6.470016956329346,0.3849121630191803,4.350417613983154,0.38861799240112305,13.174175262451172
1713,1327,Who is answering my question?,1,0.2751297354698181,0.0,0.2628418505191803,6.470016956329346,0.28776782751083374,3.454652786254883,0.5117166042327881,13.438538551330566
1714,1380,What flavor of Spark is this?,1,0.16885696351528168,0.0,0.20434190332889557,6.470016956329346,0.19682620465755463,3.6916346549987793,0.30404165387153625,16.531503677368164
1715,1175,Is my light on?  That is my question.,1,0.36658975481987,0.0,0.42250463366508484,6.470016956329346,0.43782350420951843,4.035845756530762,0.7248703241348267,16.726531982421875
1716,1886,What is in this box,0,0.14033624529838562,0.0,0.18713268637657166,6.470016956329346,0.16451644897460938,3.6176767349243164,0.12678517401218414,20.147972106933594
1717,467,What does it say on the screen?,1,0.32423537969589233,0.0,0.39981165528297424,6.470016956329346,0.39981165528297424,4.28718900680542,0.45132651925086975,13.56365966796875
1718,1368,Please tell me what about this one? What about this one?,0,0.29421496391296387,0.0,0.32423537969589233,6.470016956329346,0.32766830921173096,3.560633420944214,0.3486451506614685,14.479784965515137
1719,312,Ok guys. Me again. Just need to have this security card on the screen read to me. It's a captcha. So that would be appreciated. Normal service isn't working for me for some reason.,0,0.3106943964958191,0.0,0.31742629408836365,6.470016956329346,0.32423537969589233,3.4502155780792236,0.3106943964958191,14.992100715637207
1720,2255,"Can you tell me what this is, please?",1,0.3486451506614685,0.0,0.44167301058769226,6.470016956329346,0.46490156650543213,6.1676435470581055,0.7431679368019104,18.95142936706543
1721,1310,Will you please tell me the expiration date on this carton of milk if you can see it?,0,0.25091278553009033,0.0,0.30074557662010193,6.470016956329346,0.27202457189559937,3.5391218662261963,0.1540575623512268,15.579751014709473
1722,2200,What does this grill say?,1,0.3345894515514374,0.0,0.38861799240112305,6.470016956329346,0.37387582659721375,3.574153184890747,0.5273165106773376,13.720717430114746
1723,356,What numbers are marked on this ticket?,1,0.20434190332889557,0.0,0.25091278553009033,6.470016956329346,0.22270014882087708,3.561418294906616,0.3106943964958191,16.94444465637207
1724,1118,Read the name this box.,0,0.19682620465755463,0.0,0.230919748544693,6.470016956329346,0.20946969091892242,3.4708669185638428,0.13846179842948914,12.934775352478027
1725,3007,Which product is this?,0,0.24798743426799774,0.0,0.3345894515514374,6.470016956329346,0.2751297354698181,3.4264755249023438,0.1755380630493164,11.388786315917969
1726,3802,What is this item?,0,0.21733751893043518,0.0,0.29746994376182556,6.470016956329346,0.2628418505191803,3.7281179428100586,0.14033624529838562,16.565814971923828
1727,1324,What is this?,0,0.2120688110589981,0.0,0.29098084568977356,6.470016956329346,0.30074557662010193,5.484601974487305,0.18476751446723938,17.330154418945312
1728,1229,can you tell where the blackberry bushes in relation to the front door?,1,0.22270014882087708,0.0,0.2689414322376251,6.470016956329346,0.2658804953098297,4.0986714363098145,0.15817435085773468,15.611746788024902
1729,3553,What is it?,1,0.22270014882087708,0.0,0.3073580265045166,6.470016956329346,0.31742629408836365,5.602473735809326,0.49218812584877014,16.83840560913086
1730,1299,What is this?,1,0.29098084568977356,0.0,0.3849121630191803,6.470016956329346,0.43014732003211975,6.428791046142578,0.3775406777858734,16.32367515563965
1731,484,Yes I'm wondering if this one's too blurry or not. i'm trying to get a good picture of my medicine bottle. I wanna know what's inside of it before I take it because if I take the wrong it could mean serious trouble. Could someone help me. Thank you.,0,0.15002882480621338,0.0,0.14608724415302277,6.470016956329346,0.16451644897460938,3.4808177947998047,0.11516223102807999,13.221673965454102
1732,3925,Is this? ,0,0.14608724415302277,0.0,0.1755380630493164,6.470016956329346,0.16238002479076385,3.5533251762390137,0.13846179842948914,15.866179466247559
1733,3841,What kind of Progresso soup is this?,0,0.16451644897460938,0.0,0.1919327974319458,6.470016956329346,0.18952108919620514,3.6302640438079834,0.14608724415302277,17.661630630493164
1734,3133,What color is this shirt?,1,0.36658975481987,0.0,0.46490156650543213,6.470016956329346,0.44167301058769226,4.3160600662231445,0.3486451506614685,10.73302173614502
1735,117,What does this arrow say?,0,0.18713268637657166,0.0,0.2146914154291153,6.470016956329346,0.21733751893043518,3.672837972640991,0.11920291930437088,15.512248039245605
1736,3033,Is this light on?,1,0.7057850360870361,0.0,0.7799928784370422,6.470016956329346,0.7662936449050903,4.980288028717041,0.8128673434257507,14.385787963867188
1737,2211,What color is this skirt?,1,0.14414885640144348,0.0,0.17328819632530212,6.470016956329346,0.18010665476322174,3.828293800354004,0.10087861120700836,11.069123268127441
1738,1393,Where is this box from?,1,0.41869691014289856,0.0,0.5467381477355957,6.470016956329346,0.5428633093833923,5.013622760772705,0.5926666259765625,14.609275817871094
1739,2703,What make and model is this router?,0,0.13296423852443695,0.0,0.16451644897460938,6.470016956329346,0.14033624529838562,3.471356153488159,0.1431877166032791,16.33635902404785
1740,453,What are the words on the piece of paper?,1,0.32423537969589233,0.0,0.4073334336280823,6.470016956329346,0.39606815576553345,4.30946159362793,0.4073334336280823,12.241477966308594
1741,4003,What is this?,1,0.3073580265045166,0.0,0.4035668969154358,6.470016956329346,0.44167301058769226,6.2145609855651855,0.43014732003211975,15.936767578125
1742,3936,This is much lighter.,0,0.2782568037509918,0.0,0.31742629408836365,6.470016956329346,0.31742629408836365,3.643996000289917,0.2845759987831116,15.845165252685547
1743,2932,What does my TV screen say?,1,0.2568320035934448,0.0,0.3415825068950653,6.470016956329346,0.31742629408836365,3.913986921310425,0.3486451506614685,12.996039390563965
1744,3682,What's in this photo?,1,0.22270014882087708,0.0,0.2568320035934448,6.470016956329346,0.25091278553009033,4.748310089111328,0.3775406777858734,15.032609939575195
1745,3753,What kind of seed is this?,0,0.08632348477840424,0.0,0.09534946084022522,6.470016956329346,0.09009299427270889,3.4761149883270264,0.10017222166061401,18.078876495361328
1746,3058,WHAT IS THIS?,1,0.24798743426799774,0.0,0.29746994376182556,6.470016956329346,0.3106943964958191,5.49798059463501,0.42250463366508484,16.6187744140625
1747,3911,What flavor of coffee is this?,0,0.037326883524656296,0.0,0.0446808747947216,6.470016956329346,0.0384661927819252,3.4709742069244385,0.03594832494854927,16.559377670288086
1748,2181,What color is the sheet?,1,0.30074557662010193,0.0,0.3849121630191803,6.470016956329346,0.36296921968460083,4.305398941040039,0.28776782751083374,12.70064640045166
1749,291,What does this paper say please?,0,0.3380771279335022,0.0,0.4148988127708435,6.470016956329346,0.37022536993026733,3.5637049674987793,0.2120688110589981,15.292030334472656
1750,315,Can you please tell me not to compare skin cells? Thank you very much.,0,0.2422056347131729,0.0,0.2628418505191803,6.470016956329346,0.2598256468772888,3.4402811527252197,0.3593641519546509,13.431074142456055
1751,3024,Can you tell me what kind of bread this is?,0,0.06465348601341248,0.0,0.06954174488782883,6.470016956329346,0.06754669547080994,3.4972031116485596,0.1490352898836136,17.724618911743164
1752,288,I think I pressed the okay button. Am I further along on this here? Thank you. ,0,0.2628418505191803,0.0,0.31742629408836365,6.470016956329346,0.29746994376182556,3.8093695640563965,0.200557678937912,15.453577041625977
1753,3109,What's on this shirt? Thanks. ,1,0.31742629408836365,0.0,0.36296921968460083,6.470016956329346,0.36658975481987,4.217233180999756,0.596433162689209,14.034308433532715
1754,1410,Hi. what type of drink is in the bottle in my right hand? Thank you.,1,0.1561049073934555,0.0,0.19930800795555115,6.470016956329346,0.19682620465755463,4.451720714569092,0.3923368453979492,18.037992477416992
1755,542,What color is this band?,1,0.37387582659721375,0.0,0.4532618820667267,6.470016956329346,0.4532618820667267,4.6282124519348145,0.23370634019374847,11.078272819519043
1756,1415,What is this?,0,0.19682620465755463,0.0,0.2751297354698181,6.470016956329346,0.23370634019374847,3.8461554050445557,0.17781086266040802,16.40165138244629
1757,3028,What is this can?,1,0.37387582659721375,0.0,0.4455295503139496,6.470016956329346,0.4687906503677368,5.430371284484863,0.5774953961372375,13.738747596740723
1758,3121,Can you tell me what this is?,1,0.39606815576553345,0.0,0.4882833957672119,6.470016956329346,0.531209409236908,6.268411636352539,0.7772998809814453,19.258337020874023
1759,1748,What is this?,0,0.20434190332889557,0.0,0.2782568037509918,6.470016956329346,0.23370634019374847,3.8462159633636475,0.1919327974319458,17.10540771484375
1760,496,"I need to know what is in the contents of this box, if you could tell me please. I didn't understand the last answer; it didn't sound like anything I owned, but I know that I may-",0,0.1561049073934555,0.0,0.17328819632530212,6.470016956329346,0.16885696351528168,3.4448933601379395,0.16885696351528168,14.225550651550293
1761,2024,What is this?,1,0.22000709176063538,0.0,0.29746994376182556,6.470016956329346,0.3415825068950653,6.593866348266602,0.4532618820667267,16.023822784423828
1762,2940,"All right they are closed now. I don't think there are any labels on there though, but if there are any labels on there. I don't know, I think it's the right one too.",1,0.3923368453979492,0.0,0.4148988127708435,6.470016956329346,0.39606815576553345,3.47273850440979,0.4804786741733551,15.256590843200684
1763,1042,What is this?,1,0.18476751446723938,0.0,0.2393493503332138,6.470016956329346,0.2598256468772888,5.657614707946777,0.3923368453979492,16.749691009521484
1764,2185,Can you please tell me which one the shampoo is?,0,0.24798743426799774,0.0,0.30404165387153625,6.470016956329346,0.2782568037509918,3.626743793487549,0.15203224122524261,14.470701217651367
1765,2208,What does that option say?,0,0.36658975481987,0.0,0.4339814782142639,6.470016956329346,0.4148988127708435,3.789799451828003,0.2658804953098297,14.230428695678711
1766,549,"What's, what's on the screen this time?",1,0.39981165528297424,0.0,0.46101680397987366,6.470016956329346,0.46101680397987366,4.645444393157959,0.44167301058769226,15.179306983947754
1767,1318,Expiration date.,0,0.32766830921173096,0.0,0.37022536993026733,6.470016956329346,0.3486451506614685,3.4337985515594482,0.28776782751083374,16.009571075439453
1768,3129,What is this?,1,0.15817435085773468,0.0,0.23370634019374847,6.470016956329346,0.230919748544693,5.333617210388184,0.42250463366508484,16.043575286865234
1769,2033,What is it?,1,0.4455295503139496,0.0,0.5660185217857361,6.470016956329346,0.596433162689209,5.875973224639893,0.6619228720664978,15.99047565460205
1770,1276,"What is in this can please? Thank you, so long.",1,0.2393493503332138,0.0,0.27202457189559937,6.470016956329346,0.2782568037509918,4.116845607757568,0.29421496391296387,16.501663208007812
1771,1417,Describe this item.,1,0.29421496391296387,0.0,0.3208213150501251,6.470016956329346,0.32766830921173096,4.785252094268799,0.6297746300697327,15.26235580444336
1772,1961,What's in the jar?,1,0.16238002479076385,0.0,0.20434190332889557,6.470016956329346,0.18476751446723938,3.733386754989624,0.16667540371418,11.669219970703125
1773,3056,Is this red or white liquid?,1,0.1127953976392746,0.0,0.13660839200019836,6.470016956329346,0.12252321094274521,3.7096333503723145,0.10970577597618103,9.716595649719238
1774,3610,What is it?,1,0.3106943964958191,0.0,0.41111084818840027,6.470016956329346,0.4455295503139496,6.050727844238281,0.66888028383255,17.137128829956055
1775,274,What is this?,1,0.2845759987831116,0.0,0.37022536993026733,6.470016956329346,0.37022536993026733,5.005446434020996,0.4035668969154358,15.405048370361328
1776,1876,What bill is this?,1,0.43014732003211975,0.0,0.5234203934669495,6.470016956329346,0.5,4.309568881988525,0.5117166042327881,13.63459300994873
1777,3975,Is the screen on?,1,0.0627892017364502,0.0,0.06954174488782883,6.470016956329346,0.07477004081010818,4.19818115234375,0.03963884338736534,14.016603469848633
1778,178,I need the serial number for this software.,0,0.230919748544693,0.0,0.2689414322376251,6.470016956329346,0.24798743426799774,3.4790685176849365,0.18476751446723938,15.510991096496582
1779,1205,What is this?,1,0.230919748544693,0.0,0.31742629408836365,6.470016956329346,0.32423537969589233,5.325325012207031,0.5736784338951111,16.120086669921875
1780,1280,What is this?,1,0.32423537969589233,0.0,0.4493926465511322,6.470016956329346,0.5039061903953552,7.260011196136475,0.581303060054779,16.199932098388672
1781,545,Is this?,1,0.1755380630493164,0.0,0.2146914154291153,6.470016956329346,0.20434190332889557,3.687675952911377,0.43782350420951843,14.28404426574707
1782,1972,What is this?,0,0.18713268637657166,0.0,0.2568320035934448,6.470016956329346,0.2254166156053543,3.9731767177581787,0.17328819632530212,17.817556381225586
1783,2005,What is this?,1,0.2254166156053543,0.0,0.31742629408836365,6.470016956329346,0.3775406777858734,7.3458662033081055,0.38861799240112305,17.086227416992188
1784,3983,Can you describe this picture?,0,0.19436782598495483,0.0,0.22270014882087708,6.470016956329346,0.20689405500888824,3.496138572692871,0.2628418505191803,15.094868659973145
1785,472,"Hi, that's great, okay, I'm in recovery options, are you able to see from the picture any of the options that I can select from? Is it a menu? Is it a numbered system? Will number one take me out of the",0,0.24508501589298248,0.0,0.28140559792518616,6.470016956329346,0.2628418505191803,3.4776229858398438,0.22815649211406708,16.357877731323242
1786,353,Hi there are 4 sets of 5 numbers on this ticket could you read them for me? Thanks.,1,0.2782568037509918,0.0,0.33111974596977234,6.470016956329346,0.32423537969589233,3.832789659500122,0.5467381477355957,18.49635887145996
1787,1114,Can you tell me if there is anything written showing across the screen please?,1,0.2568320035934448,0.0,0.314050555229187,6.470016956329346,0.30074557662010193,4.27490758895874,0.22270014882087708,14.351758003234863
1788,2046,What kind of coffee is this?,0,0.09670579433441162,0.0,0.10230470448732376,6.470016956329346,0.10230470448732376,3.4687435626983643,0.11047115176916122,17.874340057373047
1789,48,what is this we taking a picture of?,1,0.19436782598495483,0.0,0.2393493503332138,6.470016956329346,0.22815649211406708,3.847102403640747,0.23651622235774994,16.494544982910156
1790,2111,Do you have any idea what kind of the plant the one in the middle is?,1,0.09807932376861572,0.0,0.12252321094274521,6.470016956329346,0.12252321094274521,3.9311678409576416,0.2751297354698181,16.637210845947266
1791,2194,how many people on the bridge how many people on the bridge ,0,0.02843603491783142,0.0,0.030675798654556274,6.470016956329346,0.02931223064661026,3.4619054794311523,0.0753123089671135,16.54088592529297
1792,3913,What is this package?,1,0.3106943964958191,0.0,0.37387582659721375,6.470016956329346,0.3812195658683777,4.149137496948242,0.19559407234191895,14.416202545166016
1793,1404,What color is this sweater?,1,0.2422056347131729,0.0,0.29746994376182556,6.470016956329346,0.29746994376182556,4.348088264465332,0.17328819632530212,11.644817352294922
1794,3037,What color is the necklace?,1,0.2568320035934448,0.0,0.34510529041290283,6.470016956329346,0.32423537969589233,4.674137115478516,0.2658804953098297,14.618324279785156
1795,1219,What's this picture of?,1,0.19436782598495483,0.0,0.23370634019374847,6.470016956329346,0.21337716281414032,4.369958400726318,0.23651622235774994,13.3516263961792
1796,1056,Do you think I just need to press Enter or does the cursor need moved first?,1,0.24508501589298248,0.0,0.28776782751083374,6.470016956329346,0.27202457189559937,4.097637176513672,0.2782568037509918,13.805649757385254
1797,3941,What flavor is this?,1,0.13477592170238495,0.0,0.18242551386356354,6.470016956329346,0.16667540371418,4.446709632873535,0.19930800795555115,14.321722030639648
1798,552,Do you know if I move the cursor with the tab key or the arrow key and either way how many taps do I move it?,0,0.33111974596977234,0.0,0.41111084818840027,6.470016956329346,0.3849121630191803,3.958160877227783,0.36296921968460083,18.636343002319336
1799,981,What does it say on the screen?,0,0.1755380630493164,0.0,0.2393493503332138,6.470016956329346,0.19436782598495483,3.4806365966796875,0.10818894952535629,18.696531295776367
1800,3946,What does this symbol mean?,1,0.2422056347131729,0.0,0.35220178961753845,6.470016956329346,0.29746994376182556,3.9093897342681885,0.2751297354698181,16.318300247192383
1801,3118,Could you read this please?,0,0.32423537969589233,0.0,0.36296921968460083,6.470016956329346,0.3486451506614685,3.6211535930633545,0.43782350420951843,15.595276832580566
1802,1049,Is it chocolate?,1,0.0541987270116806,0.0,0.0534033328294754,6.470016956329346,0.0541987270116806,3.4492743015289307,0.04885777831077576,10.665911674499512
1803,3484,What is this product?,1,0.18010665476322174,0.0,0.24798743426799774,6.470016956329346,0.20689405500888824,3.52247953414917,0.24798743426799774,13.010298728942871
1804,2270,What is this?,1,0.20434190332889557,0.0,0.28140559792518616,6.470016956329346,0.29421496391296387,5.613101959228516,0.4882833957672119,16.396217346191406
1805,3822,What is this?,1,0.33111974596977234,0.0,0.43782350420951843,6.470016956329346,0.4843800961971283,6.456766128540039,0.596433162689209,17.167627334594727
1806,481,What's being displayed on my screen?,0,0.23651622235774994,0.0,0.30404165387153625,6.470016956329346,0.2689414322376251,3.793405532836914,0.16885696351528168,16.36039924621582
1807,3965,What did I put in this jar?,1,0.14414885640144348,0.0,0.18476751446723938,6.470016956329346,0.1540575623512268,3.5854995250701904,0.29098084568977356,16.674381256103516
1808,1848,What flavor is this?,1,0.1919327974319458,0.0,0.2751297354698181,6.470016956329346,0.25091278553009033,4.038906097412109,0.2751297354698181,14.593937873840332
1809,2212,What is on this screen?,1,0.2018132209777832,0.0,0.2568320035934448,6.470016956329346,0.230919748544693,3.922447681427002,0.230919748544693,13.521726608276367
1810,2780,Please describe the picture.,1,0.20689405500888824,0.0,0.22270014882087708,6.470016956329346,0.22270014882087708,4.016348838806152,0.49218812584877014,14.285380363464355
1811,1931,What's in this bottle?,0,0.11920291930437088,0.0,0.1561049073934555,6.470016956329346,0.13296423852443695,3.4315719604492188,0.08945459872484207,19.123126983642578
1812,1101,What's the password in this image?,0,0.12940272688865662,0.0,0.14804719388484955,6.470016956329346,0.13846179842948914,3.4742631912231445,0.12168575078248978,17.238828659057617
1813,1411,"Hi do the sheets that are directly behind the, do the top sheets directly behind each respective fitted sheet match each other?",1,0.2538610100746155,0.0,0.2782568037509918,6.470016956329346,0.28776782751083374,3.579993724822998,0.17781086266040802,16.03835105895996
1814,1902,Is this on FAN or AIR or DEHUMIDIFIER?,0,0.18242551386356354,0.0,0.20689405500888824,6.470016956329346,0.20434190332889557,3.5074691772460938,0.1710611879825592,14.244773864746094
1815,1136,What's wrote on my computer screen? ,0,0.2254166156053543,0.0,0.2598256468772888,6.470016956329346,0.2393493503332138,3.4886488914489746,0.18242551386356354,17.16002655029297
1816,519,What is that?,1,0.2018132209777832,0.0,0.2845759987831116,6.470016956329346,0.29098084568977356,5.361531734466553,0.4263215959072113,14.497320175170898
1817,533,What is the percentage of this download?,1,0.16238002479076385,0.0,0.20434190332889557,6.470016956329346,0.18010665476322174,3.5272605419158936,0.2422056347131729,15.136807441711426
1818,314,"Can you tell me what the error message is and how I need to clear it, what I need to do to clear it?",0,0.19682620465755463,0.0,0.2782568037509918,6.470016956329346,0.22000709176063538,3.4714274406433105,0.3363310396671295,15.945606231689453
1819,1822,What kind spice is this? Thank you.,1,0.29746994376182556,0.0,0.35220178961753845,6.470016956329346,0.36658975481987,4.726095199584961,0.4455295503139496,15.342260360717773
1820,2173,Please tell me as much as you can about this top.,1,0.5039061903953552,0.0,0.5888891220092773,6.470016956329346,0.5888891220092773,4.672727108001709,0.8006919622421265,13.919410705566406
1821,412,Can you tell me what this message says on my computer screen?,1,0.2782568037509918,0.0,0.3415825068950653,6.470016956329346,0.3345894515514374,4.138078689575195,0.562176525592804,14.037801742553711
1822,1301,What does this say?,1,0.08756384998559952,0.0,0.09401018917560577,6.470016956329346,0.09138210862874985,3.452343225479126,0.09138210862874985,17.023221969604492
1823,1945,What is it?,1,0.2393493503332138,0.0,0.35220178961753845,6.470016956329346,0.3593641519546509,5.807614326477051,0.43014732003211975,16.61516571044922
1824,3567,What is this product?,1,0.28140559792518616,0.0,0.4073334336280823,6.470016956329346,0.37022536993026733,5.032082557678223,0.3593641519546509,13.709493637084961
1825,554,What's on the screen?,1,0.35220178961753845,0.0,0.43782350420951843,6.470016956329346,0.4148988127708435,4.383844375610352,0.43014732003211975,13.170736312866211
1826,469,What is on my computer screen?,1,0.20434190332889557,0.0,0.314050555229187,6.470016956329346,0.2538610100746155,3.98698353767395,0.314050555229187,15.959380149841309
1827,1180,What is it?,1,0.314050555229187,0.0,0.4263215959072113,6.470016956329346,0.4148988127708435,5.012965679168701,0.637030839920044,15.831515312194824
1828,3679,What is this?,1,0.27202457189559937,0.0,0.3593641519546509,6.470016956329346,0.38861799240112305,5.905795097351074,0.4804786741733551,16.29830551147461
1829,3079,what is this,1,0.3380771279335022,0.0,0.39981165528297424,6.470016956329346,0.4493926465511322,5.788736820220947,0.6825737357139587,17.41822624206543
1830,2280,What is in this bottle?,1,0.20689405500888824,0.0,0.29098084568977356,6.470016956329346,0.25091278553009033,3.9762213230133057,0.4035668969154358,13.687237739562988
1831,1246,What is this?,1,0.20689405500888824,0.0,0.2782568037509918,6.470016956329346,0.3345894515514374,6.574889659881592,0.3328523337841034,17.031152725219727
1832,49,What store is this?,1,0.24798743426799774,0.0,0.3208213150501251,6.470016956329346,0.3345894515514374,5.241474628448486,0.3106943964958191,16.11840057373047
1833,4006,Is this black or blue? ,1,0.20946969091892242,0.0,0.2393493503332138,6.470016956329346,0.23651622235774994,3.549931526184082,0.1919327974319458,11.048224449157715
1834,3956,What does it see?,0,0.1755380630493164,0.0,0.2422056347131729,6.470016956329346,0.20689405500888824,3.8595778942108154,0.15713685750961304,16.961442947387695
1835,989,"Hi, can you read the serial number on this device, please. Thank you. Oh.",0,0.14414885640144348,0.0,0.15002882480621338,6.470016956329346,0.15203224122524261,3.555452585220337,0.230919748544693,15.2617769241333
1836,3010,Will you tell me what this item is please.,0,0.230919748544693,0.0,0.28140559792518616,6.470016956329346,0.2658804953098297,3.7476656436920166,0.14414885640144348,14.245572090148926
1837,877,what is this,1,0.36658975481987,0.0,0.4339814782142639,6.470016956329346,0.4804786741733551,6.110635280609131,0.5156199336051941,17.7454891204834
1838,104,What bottle is this please? Thank you.,0,0.20434190332889557,0.0,0.23370634019374847,6.470016956329346,0.21733751893043518,3.465667963027954,0.18713268637657166,15.495015144348145
1839,3107,What color is my book bag?,1,0.2598256468772888,0.0,0.3208213150501251,6.470016956329346,0.3208213150501251,4.564886093139648,0.27202457189559937,12.865336418151855
1840,21,What does this sign say?,0,0.22815649211406708,0.0,0.2751297354698181,6.470016956329346,0.2598256468772888,3.597442865371704,0.10669060051441193,18.599807739257812
1841,3027,Which temperature?,0,0.24508501589298248,0.0,0.29098084568977356,6.470016956329346,0.2845759987831116,3.9395222663879395,0.16667540371418,14.418527603149414
1842,2909,What does this say?,0,0.13660839200019836,0.0,0.16238002479076385,6.470016956329346,0.14223188161849976,3.4678192138671875,0.20946969091892242,16.054170608520508
1843,2618,What kind of coffee is this?,0,0.1540575623512268,0.0,0.18010665476322174,6.470016956329346,0.18713268637657166,3.804331064224243,0.12168575078248978,18.135761260986328
1844,2013,What is this?,1,0.14033624529838562,0.0,0.2018132209777832,6.470016956329346,0.20946969091892242,5.3594441413879395,0.32766830921173096,16.26164436340332
1845,2276,Ok what flavor yogurt is this?,1,0.22000709176063538,0.0,0.2568320035934448,6.470016956329346,0.2845759987831116,5.01896333694458,0.3812195658683777,15.891105651855469
1846,426,What's on the screen?,1,0.3415825068950653,0.0,0.4263215959072113,6.470016956329346,0.39606815576553345,4.673096179962158,0.4687906503677368,12.68714714050293
1847,379,Is it box?,1,0.029760094359517097,0.0,0.03210070729255676,6.470016956329346,0.029760094359517097,3.449943780899048,0.031143832951784134,12.104891777038574
1848,3046,What is this? Can i drink this?,1,0.0627892017364502,0.0,0.07055959850549698,6.470016956329346,0.06754669547080994,4.116657257080078,0.06560482829809189,12.694436073303223
1849,1430,What kind is this?,1,0.4073334336280823,0.0,0.49218812584877014,6.470016956329346,0.4882833957672119,4.292270660400391,0.39981165528297424,9.605299949645996
1850,1409,Can you please tell me my current oven temperature? Thank you.,1,0.314050555229187,0.0,0.3775406777858734,6.470016956329346,0.38861799240112305,4.635436534881592,0.6992543935775757,17.52446174621582
1851,3092,What is the product?,1,0.35220178961753845,0.0,0.47268345952033997,6.470016956329346,0.45713675022125244,4.697617530822754,0.5428633093833923,12.163228034973145
1852,2680,What color is it?,1,0.34510529041290283,0.0,0.43014732003211975,6.470016956329346,0.41111084818840027,4.190280437469482,0.39606815576553345,11.375391960144043
1853,3833,What's in this bottle?,1,0.18010665476322174,0.0,0.2598256468772888,6.470016956329346,0.2422056347131729,4.85714054107666,0.2689414322376251,11.573126792907715
1854,3141,Simplify the following expression.,1,0.25091278553009033,0.0,0.30404165387153625,6.470016956329346,0.29421496391296387,3.8226239681243896,0.33111974596977234,13.454451560974121
1855,3060,What color are these pants?,1,0.44167301058769226,0.0,0.5544704794883728,6.470016956329346,0.5428633093833923,5.102966785430908,0.3486451506614685,12.071249008178711
1856,529,Can you see actually the whole screen now and did it actually change when I hit enter?,1,0.2751297354698181,0.0,0.3106943964958191,6.470016956329346,0.32766830921173096,4.020047664642334,0.18010665476322174,15.274559020996094
1857,3970,What book is this?,0,0.18952108919620514,0.0,0.22815649211406708,6.470016956329346,0.19682620465755463,3.469289541244507,0.11676400899887085,14.940457344055176
1858,1307,What color is this?,1,0.24798743426799774,0.0,0.30074557662010193,6.470016956329346,0.29421496391296387,4.004721164703369,0.2422056347131729,11.562494277954102
1859,3127,Just needing to know what this bottle of wine is?,1,0.16238002479076385,0.0,0.18242551386356354,6.470016956329346,0.18010665476322174,3.569199323654175,0.24508501589298248,16.89186668395996
1860,3144,What dinner is this?,1,0.16885696351528168,0.0,0.20946969091892242,6.470016956329346,0.2146914154291153,4.143855571746826,0.17328819632530212,14.427461624145508
1861,1987,What kind of insect is this?,1,0.22815649211406708,0.0,0.3106943964958191,6.470016956329346,0.3073580265045166,4.462672710418701,0.29746994376182556,15.036619186401367
1862,3991,What is this?,1,0.37387582659721375,0.0,0.4804786741733551,6.470016956329346,0.5195213556289673,6.009929656982422,0.5506073832511902,16.30475425720215
1863,350,Can you read the screen? Thank you.,1,0.41111084818840027,0.0,0.4882833957672119,6.470016956329346,0.47268345952033997,3.95235538482666,0.5851011276245117,14.319320678710938
1864,1362,What is in this box?,0,0.07696083933115005,0.0,0.09807932376861572,6.470016956329346,0.08035746961832047,3.4472408294677734,0.07807815819978714,19.235702514648438
1865,3160,What kind of soda pop? ,1,0.3593641519546509,0.0,0.44167301058769226,6.470016956329346,0.46490156650543213,4.837569713592529,0.41111084818840027,13.173057556152344
1866,1388,What does this card say?,1,0.32766830921173096,0.0,0.3849121630191803,6.470016956329346,0.3923368453979492,4.558533668518066,0.32766830921173096,11.04649543762207
1867,2209,What is this?,0,0.19930800795555115,0.0,0.27202457189559937,6.470016956329346,0.2782568037509918,4.702359199523926,0.20689405500888824,17.4215145111084
1868,2233,What flavor is this?,1,0.2538610100746155,0.0,0.37387582659721375,6.470016956329346,0.3486451506614685,4.575292110443115,0.5,13.656342506408691
1869,1805,What's in the picture?,1,0.3775406777858734,0.0,0.4339814782142639,6.470016956329346,0.44167301058769226,4.868039131164551,0.5428633093833923,16.20438575744629
1870,1405,What's in this can?,0,0.19436782598495483,0.0,0.2568320035934448,6.470016956329346,0.22815649211406708,4.115965366363525,0.10087861120700836,19.25401496887207
1871,3138,Getting closer to the boyle?,1,0.2146914154291153,0.0,0.2422056347131729,6.470016956329346,0.22270014882087708,3.6797163486480713,0.19930800795555115,12.499934196472168
1872,2682,Which button is the second floor button?,1,0.36296921968460083,0.0,0.4148988127708435,6.470016956329346,0.4073334336280823,3.938938617706299,0.38861799240112305,15.517902374267578
1873,1334,What denomination is this dollar bill? ,0,0.08632348477840424,0.0,0.09138210862874985,6.470016956329346,0.08509904146194458,3.4711737632751465,0.10970577597618103,16.05809211730957
1874,3136,"Yes please, dvd.",0,0.41869691014289856,0.0,0.49218812584877014,6.470016956329346,0.46101680397987366,3.460477828979492,0.32766830921173096,14.729707717895508
1875,3871,"Is there soup in this tin, and if yes, what type is it? Thank you in advance.",0,0.11920291930437088,0.0,0.11920291930437088,6.470016956329346,0.1259227693080902,3.484264612197876,0.29098084568977356,14.26039981842041
1876,1413,What is that?,1,0.22000709176063538,0.0,0.30074557662010193,6.470016956329346,0.3208213150501251,5.688684463500977,0.41111084818840027,15.4305419921875
1877,1191,What soup is this?,1,0.16885696351528168,0.0,0.2018132209777832,6.470016956329346,0.18952108919620514,3.5126094818115234,0.27202457189559937,14.56762409210205
1878,2299,What is it?,1,0.33111974596977234,0.0,0.43782350420951843,6.470016956329346,0.43782350420951843,4.879110813140869,0.4687906503677368,15.271647453308105
1879,3680,Is this box?,0,0.14414885640144348,0.0,0.17328819632530212,6.470016956329346,0.1540575623512268,3.4929659366607666,0.12421300262212753,11.03369426727295
1880,3793,What product is this?,1,0.13660839200019836,0.0,0.18476751446723938,6.470016956329346,0.1540575623512268,3.462381601333618,0.3380771279335022,13.216198921203613
1881,541,What does this say?,0,0.16667540371418,0.0,0.19930800795555115,6.470016956329346,0.17781086266040802,3.471356153488159,0.1919327974319458,14.859190940856934
1882,2294,What color is this shirt?,1,0.3380771279335022,0.0,0.4073334336280823,6.470016956329346,0.39981165528297424,4.718400955200195,0.3380771279335022,10.738548278808594
1883,2678,What do you see?,1,0.30074557662010193,0.0,0.3486451506614685,6.470016956329346,0.3557748794555664,4.627056121826172,0.7905303239822388,16.09023094177246
1884,2060,Which hydration?,0,0.23651622235774994,0.0,0.2689414322376251,6.470016956329346,0.24798743426799774,3.452756643295288,0.14223188161849976,11.460942268371582
1885,154,Can you tell me which medicine this is please?,1,0.16885696351528168,0.0,0.20946969091892242,6.470016956329346,0.19930800795555115,3.928673267364502,0.2393493503332138,15.69422435760498
1886,478,What is this?,1,0.23370634019374847,0.0,0.29421496391296387,6.470016956329346,0.30404165387153625,4.777791500091553,0.4263215959072113,15.608805656433105
1887,2197,"Can you see the cooking instructions, please?",1,0.41111084818840027,0.0,0.46490156650543213,6.470016956329346,0.4455295503139496,3.7550923824310303,0.39981165528297424,12.052835464477539
1888,3082,What is in this can?,1,0.18242551386356354,0.0,0.24798743426799774,6.470016956329346,0.22270014882087708,4.00386381149292,0.3208213150501251,14.019157409667969
1889,3890,What's in this picture?,1,0.3208213150501251,0.0,0.36296921968460083,6.470016956329346,0.3593641519546509,4.864243030548096,0.5774953961372375,16.183719635009766
1890,441,What does the directions say?,0,0.17781086266040802,0.0,0.20946969091892242,6.470016956329346,0.18713268637657166,3.469788074493408,0.13568954169750214,17.400020599365234
1891,4033,What flavor is this energy bar?,0,0.19682620465755463,0.0,0.2422056347131729,6.470016956329346,0.23370634019374847,3.852278232574463,0.12852513790130615,17.136381149291992
1892,2076,For how long do I cook this in the microwave?,0,0.14608724415302277,0.0,0.16667540371418,6.470016956329346,0.15817435085773468,3.4589996337890625,0.18952108919620514,20.39735221862793
1893,1416,Is this a can of beans?,1,0.11920291930437088,0.0,0.13117322325706482,6.470016956329346,0.13117322325706482,3.7145204544067383,0.08756384998559952,11.651981353759766
1894,3084,"What brand of garlic bread is this, please?",0,0.2422056347131729,0.0,0.2845759987831116,6.470016956329346,0.2538610100746155,3.4590625762939453,0.11357959359884262,15.980361938476562
1895,3462,What does this plaque say?,1,0.44167301058769226,0.0,0.531209409236908,6.470016956329346,0.5078118443489075,3.8908042907714844,0.5851011276245117,12.431212425231934
1896,1255,What's the color of this shirt? ,1,0.5736784338951111,0.0,0.6406359076499939,6.470016956329346,0.6548947095870972,4.406437873840332,0.6926419734954834,14.33914852142334
1897,2989,What is this?,1,0.1561049073934555,0.0,0.230919748544693,6.470016956329346,0.24798743426799774,5.6398420333862305,0.2958398759365082,16.972064971923828
1898,3999,What is this?,1,0.230919748544693,0.0,0.3106943964958191,6.470016956329346,0.3557748794555664,6.191522598266602,0.4687906503677368,16.494754791259766
1899,3848,Could you tell what brand of wine this is?,1,0.14608724415302277,0.0,0.1710611879825592,6.470016956329346,0.1710611879825592,4.204868793487549,0.25091278553009033,16.612628936767578
1900,3834,What are the colors and designs of this skirt?,1,0.36296921968460083,0.0,0.44167301058769226,6.470016956329346,0.4493926465511322,4.129141807556152,0.5234203934669495,15.315963745117188
1901,364,What is this item?,1,0.16451644897460938,0.0,0.2254166156053543,6.470016956329346,0.2146914154291153,4.794554710388184,0.1766716092824936,13.580510139465332
1902,3080,What do you see in this photo?,1,0.2845759987831116,0.0,0.31742629408836365,6.470016956329346,0.3380771279335022,5.074004173278809,0.7520125508308411,17.621837615966797
1903,3011,What is that?,1,0.18476751446723938,0.0,0.2598256468772888,6.470016956329346,0.2538610100746155,4.731919288635254,0.34510529041290283,15.785767555236816
1904,3769,Who's logo is this?,1,0.4455295503139496,0.0,0.5389832258224487,6.470016956329346,0.5195213556289673,3.992490291595459,0.5273165106773376,9.40044116973877
1905,950,Does this outfit match?,1,0.10521053522825241,0.0,0.11436852067708969,6.470016956329346,0.11757213622331619,4.024574279785156,0.015306354500353336,14.20614242553711
1906,2742,What is this bottle?,0,0.19930800795555115,0.0,0.2658804953098297,6.470016956329346,0.22815649211406708,3.5516066551208496,0.21601153910160065,17.370431900024414
1907,4024,What is this book?,1,0.34510529041290283,0.0,0.4148988127708435,6.470016956329346,0.4148988127708435,4.52873420715332,0.42823338508605957,12.383062362670898
1908,2140,What type of fruit is this?,1,0.16885696351528168,0.0,0.23651622235774994,6.470016956329346,0.2146914154291153,4.178821086883545,0.19930800795555115,15.959702491760254
1909,3868,What item is this?,1,0.18476751446723938,0.0,0.24798743426799774,6.470016956329346,0.22000709176063538,4.276893615722656,0.29746994376182556,14.339029312133789
1910,3115,"Sorry about that, what does this say?",1,0.17781086266040802,0.0,0.20946969091892242,6.470016956329346,0.19436782598495483,3.5047900676727295,0.2393493503332138,16.531930923461914
1911,2889,What does this dog look like?,0,0.21733751893043518,0.0,0.27202457189559937,6.470016956329346,0.2689414322376251,4.598485469818115,0.13206614553928375,18.25919532775879
1912,2143,What is this?,1,0.3208213150501251,0.0,0.43014732003211975,6.470016956329346,0.43014732003211975,5.036722660064697,0.6334102749824524,15.919060707092285
1913,3928,What does this display say?,1,0.2538610100746155,0.0,0.29746994376182556,6.470016956329346,0.2845759987831116,3.86981201171875,0.32423537969589233,13.669422149658203
1914,2300,What color is this table?,1,0.29421496391296387,0.0,0.36296921968460083,6.470016956329346,0.35220178961753845,4.458242893218994,0.32766830921173096,11.270123481750488
1915,4,Which one is the blue one?,1,0.4263215959072113,0.0,0.5888891220092773,6.470016956329346,0.5195213556289673,3.8096673488616943,0.5660185217857361,12.25496768951416
1916,2238,what color is this yarn?,1,0.17781086266040802,0.0,0.22270014882087708,6.470016956329346,0.2254166156053543,4.224295616149902,0.14608724415302277,12.517244338989258
1917,133,What does this message say?,1,0.2751297354698181,0.0,0.3345894515514374,6.470016956329346,0.314050555229187,3.81571364402771,0.5389832258224487,14.855278015136719
1918,867,yes I need a description of this Google street view image. Thank you.,1,0.19682620465755463,0.0,0.20689405500888824,6.470016956329346,0.20946969091892242,3.7483763694763184,0.23370634019374847,12.868907928466797
1919,2179,Can you tell me the cooking instruction of this food please?,0,0.2782568037509918,0.0,0.3345894515514374,6.470016956329346,0.3073580265045166,3.543548822402954,0.2146914154291153,15.862415313720703
1920,3996,What are the instructions for the lasagna?,0,0.2018132209777832,0.0,0.2393493503332138,6.470016956329346,0.20946969091892242,3.448359251022339,0.10447731614112854,17.087772369384766
1921,1173,What is this?,1,0.32766830921173096,0.0,0.4148988127708435,6.470016956329346,0.4493926465511322,6.094500541687012,0.4339814782142639,16.73800277709961
1922,3774,What kind of soup is this?,1,0.07696083933115005,0.0,0.0792103260755539,6.470016956329346,0.0838903859257698,3.571718215942383,0.05749327689409256,13.413784980773926
1923,2599,What is in this box?,1,0.1037486270070076,0.0,0.13660839200019836,6.470016956329346,0.11920291930437088,3.877519130706787,0.13477592170238495,13.568597793579102
1924,1365,Could you please identify this object?,0,0.41111084818840027,0.0,0.4843800961971283,6.470016956329346,0.4804786741733551,4.128355026245117,0.24077460169792175,13.872173309326172
1925,1130,What letters do I type in to win?,1,0.1540575623512268,0.0,0.1919327974319458,6.470016956329346,0.17328819632530212,3.646458387374878,0.31742629408836365,13.379652976989746
1926,407,"Hi, please tell me what is showing in the message on my computer screen. Thank you.",0,0.3486451506614685,0.0,0.4148988127708435,6.470016956329346,0.4035668969154358,4.021744728088379,0.31742629408836365,12.654254913330078
1927,3948,What is this?,1,0.20946969091892242,0.0,0.29098084568977356,6.470016956329346,0.3345894515514374,6.60411262512207,0.5389832258224487,16.523042678833008
1928,2093,What color is this sock,1,0.18242551386356354,0.0,0.230919748544693,6.470016956329346,0.23651622235774994,4.419189929962158,0.15713685750961304,12.31340217590332
1929,263,"Can you tell me the 1-800 number off this card, and are you able to hear this question?",1,0.3380771279335022,0.0,0.4148988127708435,6.470016956329346,0.37022536993026733,3.6377105712890625,0.4882833957672119,13.051061630249023
1930,3906,OK now which Harry Potter book is this?,1,0.24798743426799774,0.0,0.3073580265045166,6.470016956329346,0.30074557662010193,3.9068493843078613,0.29746994376182556,15.94626522064209
1931,3100,Finally from left to right what are the two bottom buttons the bigger buttons on the bottom? ,1,0.4687906503677368,0.0,0.562176525592804,6.470016956329346,0.531209409236908,3.666269302368164,0.5660185217857361,11.116432189941406
1932,551,What kind of RAM is this?,0,0.230919748544693,0.0,0.29098084568977356,6.470016956329346,0.2845759987831116,3.8401403427124023,0.24364244937896729,17.09264373779297
1933,585,Can you please tell me who this business card is from?,0,0.13117322325706482,0.0,0.14608724415302277,6.470016956329346,0.13660839200019836,3.471895456314087,0.07585817575454712,13.317625045776367
1934,3055,Do you see any kind of an ID number on this photo that starts with a four?,1,0.20434190332889557,0.0,0.2393493503332138,6.470016956329346,0.2393493503332138,3.6996192932128906,0.3486451506614685,12.460663795471191
1935,4001,what kind of chocolate is this?,0,0.0792103260755539,0.0,0.08632348477840424,6.470016956329346,0.08269733935594559,3.465801477432251,0.08882028609514236,16.982959747314453
1936,1282,what does this say here what is this?,1,0.2782568037509918,0.0,0.3415825068950653,6.470016956329346,0.32766830921173096,4.102665901184082,0.49609383940696716,12.146328926086426
1937,2202,Can you tell me what bus stop this is?,0,0.08632348477840424,0.0,0.10521053522825241,6.470016956329346,0.09670579433441162,3.670543670654297,0.1208532303571701,16.368810653686523
1938,3165,What is this thing?,1,0.18713268637657166,0.0,0.2845759987831116,6.470016956329346,0.29746994376182556,5.825860500335693,0.29421496391296387,13.333149909973145
1939,2226,Can you describe this shirt? Thanks.,1,0.27202457189559937,0.0,0.3106943964958191,6.470016956329346,0.314050555229187,3.9355688095092773,0.581303060054779,16.074670791625977
1940,275,What kind of piano appears in the image I am sending?,1,0.15002882480621338,0.0,0.16026602685451508,6.470016956329346,0.16667540371418,3.728405475616455,0.14414885640144348,14.934061050415039
1941,3466,What's this?,1,0.30404165387153625,0.0,0.34510529041290283,6.470016956329346,0.3593641519546509,5.046616554260254,0.5428633093833923,15.634927749633789
1942,2184,What is this item that the camera is pointing at? If you can see the item them please tell me what it says or what you see in the picture. And don't,1,0.3073580265045166,0.0,0.37937837839126587,6.470016956329346,0.3225260078907013,3.471356153488159,0.31573596596717834,12.452596664428711
1943,471,What is in this picture?,1,0.29746994376182556,0.0,0.3593641519546509,6.470016956329346,0.3593641519546509,4.890498638153076,0.5851011276245117,14.724430084228516
1944,589,"Is this the google satellite image and I would just like a description of the image, what is seen? Thank you.",1,0.28776782751083374,0.0,0.3486451506614685,6.470016956329346,0.31742629408836365,3.903459072113037,0.20946969091892242,12.085932731628418
1945,3720,"What color are, what color is the, yeah?",1,0.3106943964958191,0.0,0.3593641519546509,6.470016956329346,0.36296921968460083,3.9032490253448486,0.29746994376182556,11.842026710510254
1946,892,What is this?,1,0.2254166156053543,0.0,0.314050555229187,6.470016956329346,0.31742629408836365,5.320782661437988,0.5851011276245117,16.132200241088867
1947,3049,What color is this comforter?,1,0.2598256468772888,0.0,0.3073580265045166,6.470016956329346,0.3106943964958191,4.079697132110596,0.28776782751083374,12.09552001953125
1948,886,Shh. Turn that off.,0,0.14608724415302277,0.0,0.16238002479076385,6.470016956329346,0.1540575623512268,3.4589388370513916,0.16451644897460938,16.007617950439453
1949,462,What is the model number?,0,0.2018132209777832,0.0,0.24508501589298248,6.470016956329346,0.20689405500888824,3.456406354904175,0.1127953976392746,16.181167602539062
1950,2222,What is the title of this book?,1,0.34510529041290283,0.0,0.37022536993026733,6.470016956329346,0.37022536993026733,4.228509902954102,0.43014732003211975,9.088545799255371
1951,2286,i suspect this is a pizza box is that correct?,1,0.11757213622331619,0.0,0.13477592170238495,6.470016956329346,0.13477592170238495,3.8218798637390137,0.1127953976392746,13.875480651855469
1952,326,Can you tell me what this warning is?,1,0.3106943964958191,0.0,0.39606815576553345,6.470016956329346,0.37387582659721375,3.932481527328491,0.39981165528297424,14.74929428100586
1953,3029,What kind of drink is that?,1,0.3593641519546509,0.0,0.46490156650543213,6.470016956329346,0.46101680397987366,4.235647201538086,0.4687906503677368,13.97916030883789
1954,2724,What's the color for this item?,1,0.30404165387153625,0.0,0.35220178961753845,6.470016956329346,0.32766830921173096,3.5413143634796143,0.3208213150501251,9.67175006866455
1955,553,Could you tell me exactly what's on this computer screen please and the options? ,1,0.3557748794555664,0.0,0.43782350420951843,6.470016956329346,0.39606815576553345,4.052787780761719,0.49218812584877014,12.918996810913086
1956,2838,What are the directions?,1,0.4804786741733551,0.0,0.5851011276245117,6.470016956329346,0.5350984334945679,3.5912344455718994,0.5195213556289673,13.683629035949707
1957,2931,What is currently on the TV screen?,1,0.028007520362734795,0.0,0.034100428223609924,6.470016956329346,0.031143832951784134,3.484562397003174,0.028007520362734795,17.915462493896484
1958,3176,What kind of drink is this?,1,0.37022536993026733,0.0,0.4843800961971283,6.470016956329346,0.49218812584877014,5.135680675506592,0.2751297354698181,13.26108455657959
1959,1750,What is in this container?,0,0.05184547230601311,0.0,0.06465348601341248,6.470016956329346,0.0534033328294754,3.471356153488159,0.05877656117081642,20.559751510620117
1960,3017,What kind of chex mix are those?,1,0.3486451506614685,0.0,0.4073334336280823,6.470016956329346,0.4263215959072113,4.622879981994629,0.35220178961753845,14.31356430053711
1961,3023,"Excuse me, tell me what you can see exactly in this picture.",1,0.33111974596977234,0.0,0.38861799240112305,6.470016956329346,0.42250463366508484,5.511162757873535,0.907967209815979,19.003904342651367
1962,3893,Is this ice cream?,1,0.22815649211406708,0.0,0.28140559792518616,6.470016956329346,0.27202457189559937,4.024724006652832,0.15817435085773468,11.386496543884277
1963,331,"Hi thanks for letting me know this is startup repair.  It might take a while here, but I really want to try and actually get myself back into windows, I'm an IT Technician, so all I really need...",0,0.36296921968460083,0.0,0.3849121630191803,6.470016956329346,0.3812195658683777,3.4428818225860596,0.28616926074028015,14.302925109863281
1964,3810,Alright looking for the input or mode button I have moved the camera in tell me if this is clear.  Thank you.,1,0.30074557662010193,0.0,0.32423537969589233,6.470016956329346,0.3345894515514374,3.903172254562378,0.43014732003211975,16.741586685180664
1965,517,What is on the screen?,1,0.5039061903953552,0.0,0.6261242032051086,6.470016956329346,0.596433162689209,4.363856792449951,0.6442251205444336,14.64749813079834
1966,3929,What kind of vitamins are these?,0,0.14608724415302277,0.0,0.1919327974319458,6.470016956329346,0.16238002479076385,3.4265151023864746,0.14128142595291138,17.720827102661133
1967,1891,Please describe this picture.,1,0.16026602685451508,0.0,0.1755380630493164,6.470016956329346,0.18242551386356354,4.796555995941162,0.4073334336280823,15.373200416564941
1968,3738,"Ok here's the first side of the box, hopefully this picture will come out and we'll be successful in the conventional oven temperature and length of time. Thank you very much. I hope this picture",0,0.3208213150501251,0.0,0.32423537969589233,6.470016956329346,0.34510529041290283,3.5277507305145264,0.2538610100746155,13.498129844665527
1969,4050,How much sodium is in this package?,0,0.07263670116662979,0.0,0.09534946084022522,6.470016956329346,0.07696083933115005,3.45922589302063,0.06052938848733902,16.84363555908203
1970,396,what does this say?,0,0.22815649211406708,0.0,0.2598256468772888,6.470016956329346,0.24508501589298248,3.48970365524292,0.28140559792518616,13.811906814575195
1971,2052,Can you please describe this label? ,1,0.4532618820667267,0.0,0.5,6.470016956329346,0.5039061903953552,4.290440559387207,0.7718434929847717,14.65642261505127
1972,3973,What page is this.  And can you tell me if it's upside down or right side up.,1,0.3812195658683777,0.0,0.4493926465511322,6.470016956329346,0.41111084818840027,3.455159902572632,0.44167301058769226,12.489557266235352
1973,3098,Hi can you tell me what flavor of crisps these are please?,1,0.1919327974319458,0.0,0.2422056347131729,6.470016956329346,0.2393493503332138,4.4630913734436035,0.30404165387153625,16.10236167907715
1974,3832,What is this?,1,0.18713268637657166,0.0,0.24798743426799774,6.470016956329346,0.22270014882087708,3.735125780105591,0.3775406777858734,15.182188034057617
1975,1305,What is this a model of?,1,0.1208532303571701,0.0,0.14608724415302277,6.470016956329346,0.13296423852443695,3.709031105041504,0.2030746340751648,15.096887588500977
1976,1984,"Which Marie Callander's Dish is this, Chicken or Meat Loaf?",1,0.2120688110589981,0.0,0.21733751893043518,6.470016956329346,0.2393493503332138,4.494646072387695,0.24798743426799774,10.68517780303955
1977,406,Whats on my screen? Come on you guys! Whats on the screen?,1,0.18952108919620514,0.0,0.2393493503332138,6.470016956329346,0.22815649211406708,4.28215217590332,0.2538610100746155,16.006444931030273
1978,3085,Qu es esto?,1,0.1233656108379364,0.0,0.18242551386356354,6.470016956329346,0.18242551386356354,4.972472190856934,0.18476751446723938,14.327289581298828
1979,514,Is the ipad on the left or the right?,1,0.230919748544693,0.0,0.32423537969589233,6.470016956329346,0.2845759987831116,4.0459885597229,0.2568320035934448,10.211610794067383
1980,2168,Which scent is this?,0,0.21733751893043518,0.0,0.2751297354698181,6.470016956329346,0.2568320035934448,3.9164347648620605,0.10447731614112854,16.363428115844727
1981,2047,What kind of cigarettes are these?,1,0.18242551386356354,0.0,0.22815649211406708,6.470016956329346,0.20946969091892242,3.6176581382751465,0.3380771279335022,14.944710731506348
1982,2192,I want to be in the clothing study as a participant.  Thank you.,0,0.19930800795555115,0.0,0.21733751893043518,6.470016956329346,0.20434190332889557,3.471356153488159,0.28140559792518616,13.82845687866211
1983,3128,What is that?,1,0.14608724415302277,0.0,0.20946969091892242,6.470016956329346,0.18010665476322174,3.9486472606658936,0.3849121630191803,15.85446834564209
1984,3187,What is in this can?,0,0.13117322325706482,0.0,0.16885696351528168,6.470016956329346,0.14033624529838562,3.4698305130004883,0.09073548763990402,20.501232147216797
1985,1873,What is in this box?  ,1,0.30404165387153625,0.0,0.4073334336280823,6.470016956329346,0.43782350420951843,6.053706169128418,0.3557748794555664,15.486367225646973
1986,2898,Last time I asked I got the answer design. I need color. What color is the design?,1,0.20946969091892242,0.0,0.22815649211406708,6.470016956329346,0.22815649211406708,3.755556106567383,0.22815649211406708,14.966059684753418
1987,1432,What food is in the package? Thank you.,1,0.43782350420951843,0.0,0.5156199336051941,6.470016956329346,0.49609383940696716,4.049872875213623,0.581303060054779,13.214178085327148
1988,1774,Is this picture any closer to the box? What does it say? Thank you.,0,0.2751297354698181,0.0,0.33111974596977234,6.470016956329346,0.314050555229187,3.743736982345581,0.23651622235774994,11.30994987487793
1989,1146,Is this monitor on or off?,1,0.230919748544693,0.0,0.2628418505191803,6.470016956329346,0.2568320035934448,4.496096611022949,0.1755380630493164,12.805586814880371
1990,2271,Is it keyboard?,1,0.5039061903953552,0.0,0.596433162689209,6.470016956329346,0.581303060054779,4.0545573234558105,0.43014732003211975,11.996671676635742
1991,297,What does this screen look like?,1,0.2782568037509918,0.0,0.3557748794555664,6.470016956329346,0.3415825068950653,4.2384562492370605,0.31742629408836365,14.518327713012695
1992,2605,What is this?,1,0.21733751893043518,0.0,0.30074557662010193,6.470016956329346,0.314050555229187,5.465949058532715,0.47268345952033997,16.26642417907715
1993,535,Is this the front side of the paper?,1,0.22270014882087708,0.0,0.2538610100746155,6.470016956329346,0.25091278553009033,4.336716651916504,0.12421300262212753,12.256921768188477
1994,528,What's highlighted in this dialog box?,0,0.23651622235774994,0.0,0.2689414322376251,6.470016956329346,0.2568320035934448,3.4970879554748535,0.19559407234191895,16.645069122314453
1995,1172,What is this?,1,0.29746994376182556,0.0,0.3923368453979492,6.470016956329346,0.4455295503139496,6.738659381866455,0.5698526501655579,16.208715438842773
1996,1811,What is this?,1,0.2628418505191803,0.0,0.37022536993026733,6.470016956329346,0.39981165528297424,6.531271457672119,0.6279512047767639,17.107471466064453
1997,967,Please read me the error message on the screen.,1,0.2628418505191803,0.0,0.3345894515514374,6.470016956329346,0.3208213150501251,3.795032024383545,0.37022536993026733,9.488387107849121
1998,440,What is on the screen?,0,0.43782350420951843,0.0,0.5544704794883728,6.470016956329346,0.5350984334945679,4.553354740142822,0.1919327974319458,16.781463623046875
1999,3117,please read the text on this box which is another box.,0,0.3073580265045166,0.0,0.3557748794555664,6.470016956329346,0.32766830921173096,3.4604365825653076,0.3345894515514374,11.566728591918945
2000,2206,NICE PICTURE,0,0.3486451506614685,0.0,0.3812195658683777,6.470016956329346,0.3849121630191803,3.837662696838379,0.32423537969589233,16.472366333007812
2001,1188,"There are two shirts in this picture hopefully, are they the same color?",1,0.16026602685451508,0.0,0.17328819632530212,6.470016956329346,0.1919327974319458,4.6125168800354,0.13296423852443695,15.829174041748047
2002,1387,What is this?,1,0.2393493503332138,0.0,0.3415825068950653,6.470016956329346,0.35220178961753845,5.93133020401001,0.5156199336051941,16.96005630493164
2003,3989,"The title of this book please, thank you.",1,0.41111084818840027,0.0,0.46490156650543213,6.470016956329346,0.4493926465511322,3.585232734680176,0.39981165528297424,9.320860862731934
2004,4049,How much does this laptop cost?,0,0.0541987270116806,0.0,0.06008664518594742,6.470016956329346,0.0541987270116806,3.4628522396087646,0.06512755155563354,18.533382415771484
2005,425,Just say.,0,0.2751297354698181,0.0,0.3073580265045166,6.470016956329346,0.28776782751083374,3.51167893409729,0.23651622235774994,12.717077255249023
2006,2289,"What is in this can, please?",0,0.09534946084022522,0.0,0.11757213622331619,6.470016956329346,0.1037486270070076,3.459348678588867,0.0627892017364502,18.334047317504883
2007,1325,What does this look like?,1,0.3208213150501251,0.0,0.41111084818840027,6.470016956329346,0.42250463366508484,5.1155171394348145,0.5736784338951111,17.137611389160156
2008,1406,How do you cook this?,0,0.17781086266040802,0.0,0.2146914154291153,6.470016956329346,0.19682620465755463,3.4705731868743896,0.1766716092824936,18.628427505493164
2009,3155,Are these two shirts the same color? If so what color? If not what colors?,1,0.18010665476322174,0.0,0.20434190332889557,6.470016956329346,0.2018132209777832,4.478277206420898,0.14608724415302277,13.437081336975098
2010,3158,what is this right here?,0,0.20946969091892242,0.0,0.2658804953098297,6.470016956329346,0.2628418505191803,4.512156963348389,0.12678517401218414,16.885974884033203
2011,520,What does it say?,0,0.2751297354698181,0.0,0.32766830921173096,6.470016956329346,0.30074557662010193,3.520251989364624,0.3208213150501251,16.031566619873047
2012,3000,What's the color of the pants and the shirt?,1,0.5156199336051941,0.0,0.5926666259765625,6.470016956329346,0.5926666259765625,4.786933898925781,0.5851011276245117,13.674452781677246
2013,2252,What kind of a case is this?,0,0.10970577597618103,0.0,0.14223188161849976,6.470016956329346,0.13660839200019836,3.8404414653778076,0.17781086266040802,16.70424461364746
2014,3179,What is this?,1,0.24798743426799774,0.0,0.3486451506614685,6.470016956329346,0.3812195658683777,6.617027759552002,0.39793840050697327,16.805767059326172
2015,2074,Which packet contains plain flour?,1,0.36296921968460083,0.0,0.4532618820667267,6.470016956329346,0.4073334336280823,3.623436689376831,0.3486451506614685,11.973506927490234
2016,3147,What is this product,1,0.314050555229187,0.0,0.41111084818840027,6.470016956329346,0.39981165528297424,5.185171604156494,0.5506073832511902,13.56457233428955
2017,2938,What color is this?,1,0.2568320035934448,0.0,0.32423537969589233,6.470016956329346,0.3106943964958191,4.141881465911865,0.30404165387153625,12.499486923217773
2018,513,"Is there any text on the screen? If so, what does it say?",1,0.3775406777858734,0.0,0.4493926465511322,6.470016956329346,0.42250463366508484,3.870502233505249,0.6113819479942322,12.841222763061523
2019,577,What kind of ram is this?,0,0.19930800795555115,0.0,0.25091278553009033,6.470016956329346,0.23370634019374847,3.495189905166626,0.17217186093330383,16.108139038085938
2020,427,What does it say on the screen?,0,0.4035668969154358,0.0,0.4882833957672119,6.470016956329346,0.46101680397987366,3.7652249336242676,0.24944724142551422,16.708988189697266
2021,3075,What is this medication?,0,0.06656918674707413,0.0,0.0792103260755539,6.470016956329346,0.06853749603033066,3.471356153488159,0.14033624529838562,15.23815631866455
2022,3078,What is this?,1,0.19682620465755463,0.0,0.2751297354698181,6.470016956329346,0.2782568037509918,5.15837287902832,0.4843800961971283,17.15073585510254
2023,3050,What kind of food is this?,0,0.1540575623512268,0.0,0.19682620465755463,6.470016956329346,0.18242551386356354,3.582625150680542,0.14414885640144348,17.75475311279297
2024,2800,What is this a picture of?,1,0.230919748544693,0.0,0.3106943964958191,6.470016956329346,0.29421496391296387,4.523885726928711,0.4455295503139496,14.256278038024902
2025,1419,What is on this Captcha please?,1,0.12421300262212753,0.0,0.13846179842948914,6.470016956329346,0.14223188161849976,3.8918869495391846,0.19682620465755463,12.522306442260742
2026,3063,EXPLAIN HOW CAN YOU DETERMINE OF A SOLUTION EXPERIMENT USING CELLS?,0,0.09947021305561066,0.0,0.11436852067708969,6.470016956329346,0.10521053522825241,3.4956815242767334,0.06853749603033066,15.665244102478027
2027,3831,What is the name of this bag? Thank you.,0,0.24798743426799774,0.0,0.30074557662010193,6.470016956329346,0.2658804953098297,3.449699878692627,0.1710611879825592,14.568735122680664
2028,2325,What is in this can?,0,0.17328819632530212,0.0,0.2422056347131729,6.470016956329346,0.20434190332889557,3.6022958755493164,0.10447731614112854,20.27922821044922
2029,3927,How clean is this? ,1,0.23370634019374847,0.0,0.29421496391296387,6.470016956329346,0.2658804953098297,3.5850048065185547,0.20434190332889557,15.706685066223145
2030,1412,What does this show?,1,0.31742629408836365,0.0,0.3923368453979492,6.470016956329346,0.36296921968460083,4.464118480682373,0.7520125508308411,16.8847713470459
2031,361,Have I started the system restore? Thanks.,0,0.30404165387153625,0.0,0.3415825068950653,6.470016956329346,0.3380771279335022,3.709571123123169,0.24508501589298248,15.408659934997559
2032,1456,What is this? What is this?,1,0.2751297354698181,0.0,0.3208213150501251,6.470016956329346,0.32766830921173096,4.750772476196289,0.5234203934669495,13.554975509643555
2033,3939,What color is that please?,1,0.20689405500888824,0.0,0.2538610100746155,6.470016956329346,0.24508501589298248,3.6061160564422607,0.19930800795555115,11.056117057800293
2034,2986,How many servings are in this candy bar?,1,0.230919748544693,0.0,0.28140559792518616,6.470016956329346,0.2658804953098297,3.8528754711151123,0.230919748544693,14.710238456726074
2035,482,What is this?,1,0.19436782598495483,0.0,0.27202457189559937,6.470016956329346,0.2751297354698181,5.508608818054199,0.47268345952033997,16.292966842651367
2036,544,"Okay this label, say either bedtime or calming.",0,0.1259227693080902,0.0,0.15203224122524261,6.470016956329346,0.13477592170238495,3.461259365081787,0.10970577597618103,14.24039363861084
2037,1434,What is the yellow dot on for a setting?,0,0.2845759987831116,0.0,0.34510529041290283,6.470016956329346,0.30074557662010193,3.5218586921691895,0.19682620465755463,16.053264617919922
2038,3779,What is this?,1,0.3345894515514374,0.0,0.43014732003211975,6.470016956329346,0.45713675022125244,6.017735004425049,0.562176525592804,15.993463516235352
2039,2082,It didn't vibrate. Must have to turn that other vibrate on too. You need what now? You need the almonds unopened?,0,0.16238002479076385,0.0,0.17328819632530212,6.470016956329346,0.16885696351528168,3.692413330078125,0.2254166156053543,13.623751640319824
2040,4062,What does this label say?,1,0.4339814782142639,0.0,0.5078118443489075,6.470016956329346,0.4765796661376953,3.498751163482666,0.6619228720664978,13.671201705932617
2041,2243,What color?,1,0.3208213150501251,0.0,0.4035668969154358,6.470016956329346,0.3812195658683777,4.2985029220581055,0.34510529041290283,12.182347297668457
2042,4026,What is this?,1,0.28140559792518616,0.0,0.36658975481987,6.470016956329346,0.38861799240112305,5.602774143218994,0.36658975481987,15.518516540527344
2043,598,What is this?,1,0.17328819632530212,0.0,0.24798743426799774,6.470016956329346,0.2422056347131729,5.114412784576416,0.37022536993026733,15.581412315368652
2044,3476,What fragrance is this?,1,0.08035746961832047,0.0,0.11124120652675629,6.470016956329346,0.09401018917560577,3.924089193344116,0.1259227693080902,15.046585083007812
2045,4023,"What is this? What color of fish, please. Thank you.",1,0.14608724415302277,0.0,0.1561049073934555,6.470016956329346,0.16238002479076385,3.4689581394195557,0.16451644897460938,12.870471000671387
2046,3192,This is a different box. Does this show bed time or calming on this label?,1,0.16238002479076385,0.0,0.18713268637657166,6.470016956329346,0.18952108919620514,3.9094300270080566,0.16885696351528168,16.420053482055664
2047,575,"Yes I just need to know as specifically as possible a description of the image that is in this in this picture which is in this google street view, google street map. Thank you. ",1,0.41111084818840027,0.0,0.4687906503677368,6.470016956329346,0.46490156650543213,3.714656114578247,0.6959583163261414,12.648326873779297
2048,2318,Can you tell me what this bottle is? Thank you.,1,0.5350984334945679,0.0,0.6187804341316223,6.470016956329346,0.6513549089431763,5.39765739440918,0.8311430811882019,17.61090087890625
2049,1250,Please identify. ,1,0.3557748794555664,0.0,0.39606815576553345,6.470016956329346,0.39981165528297424,4.119021415710449,0.5506073832511902,13.1124849319458
2050,1441,What color are the three wires from left to right?,1,0.34510529041290283,0.0,0.41111084818840027,6.470016956329346,0.4073334336280823,4.622166633605957,0.37387582659721375,16.010866165161133
2051,4061,What's the name of this? Thanks.,1,0.3775406777858734,0.0,0.43782350420951843,6.470016956329346,0.43782350420951843,4.295883655548096,0.5926666259765625,13.973613739013672
2052,2902,What is the expiration date?,0,0.10669060051441193,0.0,0.13477592170238495,6.470016956329346,0.1127953976392746,3.467665672302246,0.13568954169750214,18.45979881286621
2053,2774,Is this Obama?,0,0.013636834919452667,0.0,0.013020489364862442,6.470016956329346,0.013020489364862442,3.4857754707336426,0.04023794084787369,11.270644187927246
2054,3036,What is the name of this item?,1,0.22815649211406708,0.0,0.29098084568977356,6.470016956329346,0.2689414322376251,4.26442289352417,0.28298813104629517,12.300153732299805
2055,3199,What brand of monitor is this?,1,0.3345894515514374,0.0,0.4148988127708435,6.470016956329346,0.41111084818840027,4.049068450927734,0.2751297354698181,14.092530250549316
2056,282,What is this?,0,0.16026602685451508,0.0,0.22270014882087708,6.470016956329346,0.19682620465755463,3.9101717472076416,0.16885696351528168,16.850608825683594
2057,428,What's on the screen?,1,0.37387582659721375,0.0,0.46490156650543213,6.470016956329346,0.4263215959072113,4.238790512084961,0.4263215959072113,11.672640800476074
2058,2253,What video is this? ,1,0.4339814782142639,0.0,0.5039061903953552,6.470016956329346,0.5039061903953552,4.3955254554748535,0.4493926465511322,13.372015953063965
2059,2292,What color is this shirt?,1,0.2393493503332138,0.0,0.29098084568977356,6.470016956329346,0.29098084568977356,4.275933742523193,0.1919327974319458,12.017285346984863
2060,3883,What color is this?,1,0.2568320035934448,0.0,0.31742629408836365,6.470016956329346,0.3106943964958191,4.063745975494385,0.29421496391296387,12.145492553710938
2061,597,Does this shoe have a stiletto heel?,1,0.3849121630191803,0.0,0.46490156650543213,6.470016956329346,0.45713675022125244,4.532047748565674,0.4035668969154358,12.448573112487793
2062,3773,What color is my shirt?,1,0.3849121630191803,0.0,0.4804786741733551,6.470016956329346,0.4843800961971283,4.569584846496582,0.4532618820667267,14.401167869567871
2063,3458,What color is this?,1,0.3812195658683777,0.0,0.4493926465511322,6.470016956329346,0.45713675022125244,4.473228454589844,0.4843800961971283,12.710322380065918
2064,1942,What kind of potato chips are these?,0,0.09009299427270889,0.0,0.1037486270070076,6.470016956329346,0.09947021305561066,3.4599056243896484,0.11124120652675629,17.01716423034668
2065,2235,What is this product?,1,0.2689414322376251,0.0,0.37022536993026733,6.470016956329346,0.3593641519546509,5.238769054412842,0.4436004161834717,13.676146507263184
2066,586,What picture is this?,1,0.35220178961753845,0.0,0.3923368453979492,6.470016956329346,0.4073334336280823,4.493302345275879,0.4455295503139496,13.450634002685547
2067,179,What does this cartoon look like? Thank you.,1,0.29746994376182556,0.0,0.36296921968460083,6.470016956329346,0.36658975481987,4.4144606590271,0.5660185217857361,15.060766220092773
2068,3838,What is this?,0,0.2628418505191803,0.0,0.3557748794555664,6.470016956329346,0.3775406777858734,5.9127044677734375,0.2658804953098297,17.02029037475586
2069,409,What's on the screen?,1,0.42250463366508484,0.0,0.5117166042327881,6.470016956329346,0.4804786741733551,4.346934795379639,0.45713675022125244,11.657313346862793
2070,3022,What is the expiration date on this bus pass?,1,0.27202457189559937,0.0,0.33111974596977234,6.470016956329346,0.31742629408836365,3.9142112731933594,0.2628418505191803,17.66453742980957
2071,3511,What is this?,1,0.3486451506614685,0.0,0.43014732003211975,6.470016956329346,0.4843800961971283,6.143847465515137,0.5583269596099854,17.555744171142578
2072,3654,wHAT COLOR IS THIS CUP?,1,0.4765796661376953,0.0,0.5698526501655579,6.470016956329346,0.5888891220092773,5.534935474395752,0.5926666259765625,16.110624313354492
2073,4010,What is in this bedroom?,0,0.07263670116662979,0.0,0.09268777817487717,6.470016956329346,0.08035746961832047,3.5093135833740234,0.09467770159244537,17.54169464111328
2074,3189,What is in this can?,0,0.10669060051441193,0.0,0.13660839200019836,6.470016956329346,0.1127953976392746,3.4482178688049316,0.07263670116662979,20.388174057006836
2075,1857,What does this label say?,1,0.43782350420951843,0.0,0.5350984334945679,6.470016956329346,0.49609383940696716,3.6322848796844482,0.66888028383255,12.691022872924805
2076,337,Can you please tell me what the computer screen says?,1,0.2598256468772888,0.0,0.3345894515514374,6.470016956329346,0.3073580265045166,4.0228705406188965,0.6442251205444336,16.748065948486328
2077,2224,"What is this, please?",1,0.2393493503332138,0.0,0.314050555229187,6.470016956329346,0.3415825068950653,5.637243747711182,0.36658975481987,17.0067081451416
2078,4030,is this?,0,0.31742629408836365,0.0,0.3775406777858734,6.470016956329346,0.37022536993026733,4.1261420249938965,0.25091278553009033,12.83216667175293
2079,3990,What is this?,1,0.19436782598495483,0.0,0.2628418505191803,6.470016956329346,0.27202457189559937,5.5807085037231445,0.3812195658683777,16.418458938598633
2080,3182,What is this?,1,0.19436782598495483,0.0,0.2689414322376251,6.470016956329346,0.27202457189559937,5.0333571434021,0.39981165528297424,16.27947425842285
2081,3502,What color is this shirt?,1,0.16026602685451508,0.0,0.18242551386356354,6.470016956329346,0.18713268637657166,3.635413408279419,0.12252321094274521,10.915863037109375
2082,3888,What is this? ,0,0.19436782598495483,0.0,0.2422056347131729,6.470016956329346,0.2254166156053543,3.8164167404174805,0.18242551386356354,17.643129348754883
2083,1297,Who is it?,1,0.10894504189491272,0.0,0.1250653862953186,6.470016956329346,0.11757213622331619,3.5419235229492188,0.15921740233898163,10.747458457946777
2084,1463,What color is the car in this photograph?,1,0.3106943964958191,0.0,0.34510529041290283,6.470016956329346,0.36296921968460083,4.608038902282715,0.32766830921173096,13.874895095825195
2085,1112,Could you tell me what is on this laptop monitor? What's it showing?,0,0.6076632142066956,0.0,0.6926419734954834,6.470016956329346,0.665410578250885,4.43012809753418,0.2925953269004822,16.182647705078125
2086,2153,What is this?,0,0.1561049073934555,0.0,0.23651622235774994,6.470016956329346,0.22270014882087708,4.878751277923584,0.21337716281414032,17.057661056518555
2087,4040,What does the picture show?,1,0.42250463366508484,0.0,0.5117166042327881,6.470016956329346,0.5,5.315615177154541,0.700894832611084,16.984355926513672
2088,1074,What is the e-mail address on this page?,0,0.13660839200019836,0.0,0.15817435085773468,6.470016956329346,0.14414885640144348,3.4404079914093018,0.08694165199995041,17.594148635864258
2089,3180,What is it?,0,0.2538610100746155,0.0,0.3486451506614685,6.470016956329346,0.3208213150501251,4.367443561553955,0.230919748544693,19.214584350585938
2090,3108,What is this?,1,0.20946969091892242,0.0,0.28776782751083374,6.470016956329346,0.29421496391296387,5.048655033111572,0.41111084818840027,15.52280044555664
2091,3068,What is this?,1,0.31742629408836365,0.0,0.4148988127708435,6.470016956329346,0.44167301058769226,5.9965643882751465,0.5851011276245117,16.41788101196289
2092,3961,What is this?,0,0.20434190332889557,0.0,0.29421496391296387,6.470016956329346,0.30404165387153625,5.987699508666992,0.2146914154291153,16.640155792236328
2093,77,Business card.,0,0.10087861120700836,0.0,0.10818894952535629,6.470016956329346,0.10521053522825241,3.4670894145965576,0.22815649211406708,15.925129890441895
2094,476,What does it say in the shaded area?,0,0.10970577597618103,0.0,0.13117322325706482,6.470016956329346,0.11436852067708969,3.471356153488159,0.1755380630493164,17.901123046875
2095,328,is there text on this side of the car?,0,0.22815649211406708,0.0,0.28140559792518616,6.470016956329346,0.27202457189559937,4.549229145050049,0.14608724415302277,14.102826118469238
2096,932,What's being displayed on my screen?,1,0.43782350420951843,0.0,0.5078118443489075,6.470016956329346,0.5117166042327881,4.703639507293701,0.4687906503677368,14.596935272216797
2097,4014,"What flavor of cat food is this, please?",0,0.230919748544693,0.0,0.29746994376182556,6.470016956329346,0.2751297354698181,3.83748459815979,0.15304216742515564,17.52876853942871
2098,2256,Which way do I turn the button for high?,1,0.2018132209777832,0.0,0.2568320035934448,6.470016956329346,0.2422056347131729,3.908890724182129,0.1710611879825592,16.701377868652344
2099,1479,What is this?,1,0.18242551386356354,0.0,0.2568320035934448,6.470016956329346,0.2568320035934448,5.448520183563232,0.32423537969589233,16.87268829345703
2100,516,Can you please read this?,0,0.37022536993026733,0.0,0.4148988127708435,6.470016956329346,0.39981165528297424,3.6744983196258545,0.33111974596977234,12.333544731140137
2101,1383,Is this shampoo?,0,0.05582313984632492,0.0,0.06008664518594742,6.470016956329346,0.05834583565592766,3.5851752758026123,0.08882028609514236,11.920583724975586
2102,2160,What is it?,1,0.230919748544693,0.0,0.3345894515514374,6.470016956329346,0.32423537969589233,5.425464153289795,0.5350984334945679,16.5648250579834
2103,2159,Who was on the watch?,1,0.3849121630191803,0.0,0.4843800961971283,6.470016956329346,0.4035668969154358,3.6264564990997314,0.46101680397987366,11.138850212097168
2104,1440,Has the formatting finished?,1,0.22270014882087708,0.0,0.2422056347131729,6.470016956329346,0.2393493503332138,3.5706071853637695,0.21733751893043518,10.641836166381836
2105,483,Can you tell me what's on the screen?,0,0.3073580265045166,0.0,0.3923368453979492,6.470016956329346,0.37022536993026733,4.687000274658203,0.200557678937912,16.521106719970703
2106,2166,What's in this can?,1,0.2782568037509918,0.0,0.34510529041290283,6.470016956329346,0.3208213150501251,4.32501220703125,0.3923368453979492,11.70117473602295
2107,2149,What is this?,1,0.3106943964958191,0.0,0.41111084818840027,6.470016956329346,0.43014732003211975,5.709606170654297,0.49609383940696716,16.51312828063965
2108,1261,I forgot to ask whether I have to punch holes in the top or I have to tear the top on this frozen dinner for conventional instructions. Thanks.,1,0.2254166156053543,0.0,0.2422056347131729,6.470016956329346,0.2538610100746155,3.671613931655884,0.28776782751083374,19.482534408569336
2109,3586,What can is this?,0,0.2393493503332138,0.0,0.30404165387153625,6.470016956329346,0.28140559792518616,3.6781253814697266,0.1755380630493164,17.053022384643555
2110,3847,What does the temperature say on this thermometer? Thank you so much.,1,0.3593641519546509,0.0,0.41111084818840027,6.470016956329346,0.4455295503139496,5.085952281951904,0.5736784338951111,18.124189376831055
2111,3174,What is a picture?,1,0.49218812584877014,0.0,0.596433162689209,6.470016956329346,0.5583269596099854,3.678666591644287,0.5273165106773376,14.159647941589355
2112,2183,What is this?,1,0.2146914154291153,0.0,0.30074557662010193,6.470016956329346,0.3106943964958191,5.91704797744751,0.36296921968460083,16.31728744506836
2113,398,What's on the screen?,1,0.3812195658683777,0.0,0.4804786741733551,6.470016956329346,0.44167301058769226,4.271605014801025,0.42250463366508484,13.121184349060059
2114,3714,What brand is this?,0,0.29421496391296387,0.0,0.34510529041290283,6.470016956329346,0.3208213150501251,3.4594271183013916,0.14706452190876007,14.986413955688477
2115,4043,What kind of is this?,1,0.2120688110589981,0.0,0.2658804953098297,6.470016956329346,0.28776782751083374,4.571751117706299,0.2146914154291153,13.403434753417969
2116,2962,What color is this cartridge?,1,0.2782568037509918,0.0,0.3593641519546509,6.470016956329346,0.34510529041290283,4.516214370727539,0.29421496391296387,10.585919380187988
2117,2284,I need some help using this application. ,0,0.2845759987831116,0.0,0.314050555229187,6.470016956329346,0.29421496391296387,3.4642157554626465,0.37387582659721375,14.693204879760742
2118,3959,Can you please tell me what this says? Thank you.,1,0.3849121630191803,0.0,0.4532618820667267,6.470016956329346,0.4339814782142639,3.959757089614868,0.5583269596099854,12.715214729309082
2119,1438,What is this?,1,0.2658804953098297,0.0,0.3557748794555664,6.470016956329346,0.38861799240112305,5.5946221351623535,0.3593641519546509,16.45110321044922
2120,1361,What is this?,0,0.2628418505191803,0.0,0.3593641519546509,6.470016956329346,0.3486451506614685,4.524720191955566,0.2538610100746155,17.1068115234375
2121,3949,Can you please tell me what the computer screen says?,1,0.15817435085773468,0.0,0.2018132209777832,6.470016956329346,0.17328819632530212,3.6121256351470947,0.21601153910160065,16.50568389892578
2122,442,What's highlighted right now and is there an option to boot from a USB flash drive somewhere?,0,0.38861799240112305,0.0,0.45713675022125244,6.470016956329346,0.44167301058769226,3.7506189346313477,0.2958398759365082,14.742104530334473
2123,1345,Is the opened?,0,0.1919327974319458,0.0,0.21733751893043518,6.470016956329346,0.20434190332889557,3.9215645790100098,0.28140559792518616,13.479719161987305
2124,1487,Can you tell me what kind of phone this is?,1,0.2538610100746155,0.0,0.29746994376182556,6.470016956329346,0.3345894515514374,4.782317161560059,0.2568320035934448,17.54065704345703
2125,2265,How much is this?,1,0.1561049073934555,0.0,0.19682620465755463,6.470016956329346,0.19682620465755463,4.4389328956604,0.3775406777858734,16.897497177124023
2126,957,What does this card say?,0,0.23370634019374847,0.0,0.29421496391296387,6.470016956329346,0.2568320035934448,3.4683916568756104,0.08882028609514236,17.073219299316406
2127,194,"Can you please tell me what's on this page, and it's orientation? Thank you.",1,0.5234203934669495,0.0,0.5851011276245117,6.470016956329346,0.5736784338951111,4.2180256843566895,0.7577943801879883,15.609476089477539
2128,2274,What do you see in this photo?,0,0.2018132209777832,0.0,0.230919748544693,6.470016956329346,0.21733751893043518,3.52496600151062,0.2538610100746155,14.549966812133789
2129,1458,What is this?,1,0.2393493503332138,0.0,0.3073580265045166,6.470016956329346,0.3073580265045166,5.017334938049316,0.43782350420951843,15.451857566833496
2130,1139,"Yes, this is a Google Satellite view, and I would like a specific description of this view if possible.",0,0.43014732003211975,0.0,0.4804786741733551,6.470016956329346,0.4687906503677368,3.860836982727051,0.41869691014289856,10.242588996887207
2131,1347,What is this product?,1,0.20946969091892242,0.0,0.30074557662010193,6.470016956329346,0.2782568037509918,4.422272205352783,0.2845759987831116,13.06290054321289
2132,430,"What is, what is on the screen?",1,0.38861799240112305,0.0,0.49218812584877014,6.470016956329346,0.4687906503677368,4.281792640686035,0.596433162689209,14.404120445251465
2133,1401,What type of soda is this?,1,0.34510529041290283,0.0,0.43014732003211975,6.470016956329346,0.4339814782142639,4.581810474395752,0.4073334336280823,12.724112510681152
2134,3212,What is this please,1,0.2628418505191803,0.0,0.3106943964958191,6.470016956329346,0.3106943964958191,4.082313537597656,0.5156199336051941,16.776941299438477
2135,4076,whats in this bag,1,0.30074557662010193,0.0,0.3775406777858734,6.470016956329346,0.36658975481987,4.205238342285156,0.5039061903953552,14.522482872009277
2136,414,Is this shot better? Can you read what's on the screen and the options for me now? Thank you.,1,0.31742629408836365,0.0,0.3415825068950653,6.470016956329346,0.33111974596977234,3.5096638202667236,0.32423537969589233,14.558177947998047
2137,2945,What can I take a picture of?,0,0.4455295503139496,0.0,0.5506073832511902,6.470016956329346,0.5273165106773376,4.2165207862854,0.2704802453517914,17.45403480529785
2138,1473,what color is my shirt?,1,0.24508501589298248,0.0,0.32766830921173096,6.470016956329346,0.314050555229187,4.167593002319336,0.2120688110589981,12.228917121887207
2139,523,"Okay, hopefully that's not too far up in left.",0,0.32423537969589233,0.0,0.34510529041290283,6.470016956329346,0.33111974596977234,3.4662606716156006,0.41869691014289856,15.008023262023926
2140,602,What does this say?,1,0.3415825068950653,0.0,0.4073334336280823,6.470016956329346,0.42250463366508484,5.354592323303223,0.6513549089431763,17.195884704589844
2141,2320,"What is this and what color is it? Thank you, I really appreciate what you do.",1,0.531209409236908,0.0,0.6039317846298218,6.470016956329346,0.6297746300697327,4.940006256103516,0.8244618773460388,15.335624694824219
2142,613,Could you give me serial number and my tag off of the bottom of my laptop here please? Thank you. ,0,0.21733751893043518,0.0,0.25091278553009033,6.470016956329346,0.23370634019374847,3.4304163455963135,0.2254166156053543,13.363825798034668
2143,4080,What is on this id badge?,0,0.18476751446723938,0.0,0.22270014882087708,6.470016956329346,0.20689405500888824,3.5131096839904785,0.12168575078248978,18.48104476928711
2144,1744,What kind of lighter is this?,1,0.3073580265045166,0.0,0.36658975481987,6.470016956329346,0.3849121630191803,4.45672082901001,0.4493926465511322,13.177225112915039
2145,454,What do you see on my computer screen?,1,0.3208213150501251,0.0,0.39981165528297424,6.470016956329346,0.38861799240112305,4.5727667808532715,0.4843800961971283,15.454137802124023
2146,2328,What is this?,0,0.13296423852443695,0.0,0.1919327974319458,6.470016956329346,0.15817435085773468,3.629403829574585,0.1259227693080902,16.669111251831055
2147,3891,What's this?,1,0.23370634019374847,0.0,0.2538610100746155,6.470016956329346,0.2658804953098297,4.524630546569824,0.3208213150501251,14.970916748046875
2148,3134,What kind of dressing is this? ,1,0.22270014882087708,0.0,0.2845759987831116,6.470016956329346,0.29098084568977356,4.64969539642334,0.43782350420951843,15.461459159851074
2149,3790,i know these are cigarettes but what kind of cigarettes are they,1,0.18952108919620514,0.0,0.2146914154291153,6.470016956329346,0.21733751893043518,3.827275514602661,0.2393493503332138,13.695391654968262
2150,2237,Please explain this shirt.,1,0.2568320035934448,0.0,0.3073580265045166,6.470016956329346,0.29421496391296387,4.431598663330078,0.7154240012168884,16.623220443725586
2151,1481,What is this?,1,0.1540575623512268,0.0,0.22000709176063538,6.470016956329346,0.18952108919620514,4.097960472106934,0.4339814782142639,16.11182975769043
2152,3012,Is the package yellow or pink?,1,0.18242551386356354,0.0,0.22000709176063538,6.470016956329346,0.18952108919620514,4.016077041625977,0.2018132209777832,9.757140159606934
2153,3131,What is this?,1,0.2628418505191803,0.0,0.32423537969589233,6.470016956329346,0.3345894515514374,4.85745096206665,0.5,14.409677505493164
2154,536,Is that the Chrysler building?,1,0.18476751446723938,0.0,0.19436782598495483,6.470016956329346,0.19930800795555115,3.6255946159362793,0.13117322325706482,16.856273651123047
2155,110,What is the expiration date on this bus pass?,0,0.20434190332889557,0.0,0.230919748544693,6.470016956329346,0.2146914154291153,3.4600582122802734,0.19930800795555115,19.498167037963867
2156,1293,"I know this is Marie Callendar's and I know it's frozen, could you please tell me what kind of dinner this is?",1,0.36296921968460083,0.0,0.3923368453979492,6.470016956329346,0.44167301058769226,4.231139659881592,0.36658975481987,16.399578094482422
2157,1424,What kind of brand is this remote control? ,1,0.3380771279335022,0.0,0.4035668969154358,6.470016956329346,0.37022536993026733,3.4439210891723633,0.3849121630191803,13.684255599975586
2158,3652,Does it tell what is in this can of food?,1,0.2393493503332138,0.0,0.28776782751083374,6.470016956329346,0.2782568037509918,4.342060089111328,0.39606815576553345,13.6674165725708
2159,630,is there anything on the screen thank you,1,0.20946969091892242,0.0,0.23651622235774994,6.470016956329346,0.23651622235774994,4.3378753662109375,0.4148988127708435,17.211755752563477
2160,620,"Can you please me?  Can you please tell me?  Can you please tell me what's on the screen of this computer monitor?  It's a laptop. Also, can you tell me if the image is...",1,0.19436782598495483,0.0,0.22000709176063538,6.470016956329346,0.20434190332889557,3.651827573776245,0.2782568037509918,15.016937255859375
2161,559,"Yes, I just need to know what the captcha, or the words are in the captcha image? Thank you.",1,0.24798743426799774,0.0,0.2782568037509918,6.470016956329346,0.2689414322376251,3.5908656120300293,0.37387582659721375,16.335487365722656
2162,2732,What spice is this? ,0,0.1710611879825592,0.0,0.2120688110589981,6.470016956329346,0.19436782598495483,3.4690983295440674,0.12168575078248978,17.994237899780273
2163,625,What is in this picture?,1,0.25091278553009033,0.0,0.32423537969589233,6.470016956329346,0.3073580265045166,4.930194854736328,0.5660185217857361,16.545011520385742
2164,434,What does the text at the top of this screen say?,1,0.3106943964958191,0.0,0.37022536993026733,6.470016956329346,0.3557748794555664,3.7352068424224854,0.4532618820667267,11.870361328125
2165,4045,What is this?,1,0.29746994376182556,0.0,0.39606815576553345,6.470016956329346,0.4339814782142639,6.597689628601074,0.5234203934669495,16.341567993164062
2166,2287,"Hi, could you please tell me what's in the can in my right hand? Thank you.",0,0.1919327974319458,0.0,0.23370634019374847,6.470016956329346,0.21733751893043518,3.820063352584839,0.10230470448732376,17.21576690673828
2167,1450,This piece of paper say?,0,0.12252321094274521,0.0,0.13117322325706482,6.470016956329346,0.12421300262212753,3.471356153488159,0.38676345348358154,17.439395904541016
2168,3030,What is this can?,1,0.3775406777858734,0.0,0.4532618820667267,6.470016956329346,0.4687906503677368,5.165221691131592,0.5389832258224487,13.409106254577637
2169,3801,What does it say on this bottle?,1,0.46490156650543213,0.0,0.5660185217857361,6.470016956329346,0.531209409236908,3.5973165035247803,0.7431679368019104,13.920798301696777
2170,490,Is there some sort of error message on the screen? Thanks!,1,0.25091278553009033,0.0,0.2628418505191803,6.470016956329346,0.2751297354698181,3.8344335556030273,0.29421496391296387,13.952031135559082
2171,3855,What is that?,1,0.20434190332889557,0.0,0.28776782751083374,6.470016956329346,0.32766830921173096,6.222858428955078,0.3775406777858734,16.230701446533203
2172,3743,What is the name of this product?,1,0.30404165387153625,0.0,0.3812195658683777,6.470016956329346,0.36658975481987,4.2538628578186035,0.47268345952033997,12.585624694824219
2173,1482,what's this? what's this?,1,0.2845759987831116,0.0,0.3073580265045166,6.470016956329346,0.33111974596977234,4.754530429840088,0.5117166042327881,14.726622581481934
2174,3124,What color is the sock?,1,0.23370634019374847,0.0,0.31742629408836365,6.470016956329346,0.29746994376182556,4.428560256958008,0.22000709176063538,15.007596015930176
2175,4074,What is the title of this film?,0,0.17781086266040802,0.0,0.20689405500888824,6.470016956329346,0.18242551386356354,3.470611572265625,0.13296423852443695,15.69141674041748
2176,1477,What is it?,1,0.3923368453979492,0.0,0.5156199336051941,6.470016956329346,0.5389832258224487,5.903309345245361,0.596433162689209,14.725858688354492
2177,3829,What is the denomination of this bill?,0,0.28776782751083374,0.0,0.35220178961753845,6.470016956329346,0.3345894515514374,3.788043737411499,0.16238002479076385,17.816635131835938
2178,3227,What is it?,0,0.18242551386356354,0.0,0.2568320035934448,6.470016956329346,0.230919748544693,4.149466514587402,0.15203224122524261,19.28384017944336
2179,503,Ok how about now?,0,0.2658804953098297,0.0,0.29746994376182556,6.470016956329346,0.27202457189559937,3.5628037452697754,0.30404165387153625,14.225614547729492
2180,3852,What is it in the picture?,1,0.3593641519546509,0.0,0.4532618820667267,6.470016956329346,0.47268345952033997,6.058553695678711,0.7892336845397949,17.886262893676758
2181,2247,What is this?,1,0.17328819632530212,0.0,0.22815649211406708,6.470016956329346,0.22270014882087708,4.268794536590576,0.34510529041290283,14.691999435424805
2182,560,Can you read this paper please?,0,0.2751297354698181,0.0,0.3208213150501251,6.470016956329346,0.3073580265045166,3.693450450897217,0.2538610100746155,14.417154312133789
2183,1196,What is this can?,1,0.3557748794555664,0.0,0.42250463366508484,6.470016956329346,0.43782350420951843,4.99301290512085,0.4263215959072113,12.53791618347168
2184,106,Has the text on the screen changed?,0,0.23370634019374847,0.0,0.2689414322376251,6.470016956329346,0.27202457189559937,4.252776622772217,0.21733751893043518,15.043695449829102
2185,2249,What is this?,1,0.35220178961753845,0.0,0.44167301058769226,6.470016956329346,0.4804786741733551,6.123895645141602,0.5039061903953552,16.169198989868164
2186,587,What's displayed on the screen and what's the highlighted option?,0,0.5234203934669495,0.0,0.6039317846298218,6.470016956329346,0.581303060054779,4.040435314178467,0.2613309323787689,17.57262420654297
2187,3835,What is this a model of?,1,0.09534946084022522,0.0,0.11124120652675629,6.470016956329346,0.09947021305561066,3.6546497344970703,0.14033624529838562,16.20587921142578
2188,601,What's on my computer screen?,1,0.2751297354698181,0.0,0.3593641519546509,6.470016956329346,0.3208213150501251,3.8977856636047363,0.3415825068950653,12.805929183959961
2189,1422,What is this movie?,0,0.2254166156053543,0.0,0.2751297354698181,6.470016956329346,0.2538610100746155,3.4375948905944824,0.16667540371418,15.2385892868042
2190,556,Can you tell me what the screen says? The screen capture security code please.,1,0.4073334336280823,0.0,0.4804786741733551,6.470016956329346,0.46490156650543213,3.9999444484710693,0.5389832258224487,13.715126037597656
2191,3912,What is the date on this product?,1,0.2845759987831116,0.0,0.36658975481987,6.470016956329346,0.35220178961753845,4.495635509490967,0.37387582659721375,16.467140197753906
2192,3103,Where can I buy this?,1,0.3208213150501251,0.0,0.39981165528297424,6.470016956329346,0.3923368453979492,3.8733785152435303,0.5467381477355957,14.179800033569336
2193,463,What options are on my screen?,0,0.37387582659721375,0.0,0.45713675022125244,6.470016956329346,0.4339814782142639,3.7442514896392822,0.18952108919620514,17.289798736572266
2194,1948,What is the title of the book?,1,0.2240554690361023,0.0,0.25091278553009033,6.470016956329346,0.22953520715236664,3.4357950687408447,0.3923368453979492,11.457015991210938
2195,3645,Let's try this here again. I've done as you've requested and hopefully we can get what's in this tub and I wonder if it will help the IQ engine as well. Thank you for your help. ,1,0.4339814782142639,0.0,0.43782350420951843,6.470016956329346,0.4532618820667267,3.4536280632019043,0.5698526501655579,13.636436462402344
2196,1366,What is this box?,0,0.2422056347131729,0.0,0.3073580265045166,6.470016956329346,0.2751297354698181,3.487388849258423,0.21076630055904388,18.16303253173828
2197,3988,What does this box say on top?,1,0.5078118443489075,0.0,0.581303060054779,6.470016956329346,0.5389832258224487,3.445054292678833,0.6187804341316223,12.25020694732666
2198,2912,What does this food label say?,1,0.4263215959072113,0.0,0.49218812584877014,6.470016956329346,0.46490156650543213,3.746748208999634,0.6261242032051086,16.189138412475586
2199,2948,I mean is it good what I'm wearing today?,1,0.33111974596977234,0.0,0.36296921968460083,6.470016956329346,0.37387582659721375,3.7370851039886475,0.3415825068950653,16.73873519897461
2200,4051,What is this?,1,0.18242551386356354,0.0,0.2598256468772888,6.470016956329346,0.27202457189559937,5.887993812561035,0.46490156650543213,16.72219467163086
2201,966,What's in this box.,1,0.19436782598495483,0.0,0.2628418505191803,6.470016956329346,0.23651622235774994,4.389040946960449,0.2422056347131729,12.573226928710938
2202,3974,What color is this Polo shirt?,1,0.43782350420951843,0.0,0.531209409236908,6.470016956329346,0.5273165106773376,4.934344291687012,0.37387582659721375,12.53652286529541
2203,3922,Can you tell me what this is? Is it tomatoes? Or enchilada sauce?,1,0.19930800795555115,0.0,0.21733751893043518,6.470016956329346,0.24508501589298248,4.300446033477783,0.19682620465755463,17.650381088256836
2204,1435,Can you see the model of this tablet device?,1,0.1710611879825592,0.0,0.20434190332889557,6.470016956329346,0.1919327974319458,3.623471975326538,0.19436782598495483,12.21757984161377
2205,3896,What is this?,1,0.25091278553009033,0.0,0.3380771279335022,6.470016956329346,0.3593641519546509,6.020596504211426,0.5078118443489075,17.001333236694336
2206,2363,What type of food is this?,1,0.16026602685451508,0.0,0.21733751893043518,6.470016956329346,0.19682620465755463,3.5774567127227783,0.200557678937912,14.61949348449707
2207,2049,What's on this shirt? ,1,0.30404165387153625,0.0,0.3593641519546509,6.470016956329346,0.3486451506614685,4.06443977355957,0.4804786741733551,13.27322006225586
2208,2305,What kind of soda is this?,1,0.2538610100746155,0.0,0.31742629408836365,6.470016956329346,0.3415825068950653,5.743382930755615,0.3380771279335022,15.1132230758667
2209,591,What is this?,1,0.2254166156053543,0.0,0.314050555229187,6.470016956329346,0.32423537969589233,5.840601444244385,0.5078118443489075,16.482677459716797
2210,3900,Is this a cable?,1,0.13660839200019836,0.0,0.15817435085773468,6.470016956329346,0.15203224122524261,3.754446268081665,0.13117322325706482,12.262911796569824
2211,3188,Does this need to be refrigerated?,1,0.08035746961832047,0.0,0.09670579433441162,6.470016956329346,0.09009299427270889,3.484661102294922,0.04023794084787369,11.036406517028809
2212,3937,What flavor is this dinner? I know it's a smart one.,0,0.19930800795555115,0.0,0.21733751893043518,6.470016956329346,0.21733751893043518,3.469700574874878,0.1919327974319458,15.617557525634766
2213,2306,What flavor of take five gum is this?,0,0.08756384998559952,0.0,0.09947021305561066,6.470016956329346,0.09009299427270889,3.4679620265960693,0.08756384998559952,16.676416397094727
2214,3031,What does this screen say?,0,0.09947021305561066,0.0,0.11124120652675629,6.470016956329346,0.1037486270070076,3.4657673835754395,0.12940272688865662,16.425350189208984
2215,1796,What is this bag?,0,0.12940272688865662,0.0,0.15817435085773468,6.470016956329346,0.13660839200019836,3.465068817138672,0.18952108919620514,18.373126983642578
2216,1256,What is the remaining balance of my account?,0,0.06097518280148506,0.0,0.07159119844436646,6.470016956329346,0.0627892017364502,3.459415912628174,0.12252321094274521,17.34104347229004
2217,558,"Okay, I just wanted to know who the return address is on the, or what the return address is on this envelope on the upper left hand corner.",0,0.18010665476322174,0.0,0.2254166156053543,6.470016956329346,0.19682620465755463,3.523205280303955,0.19930800795555115,15.974766731262207
2218,200,"There did I press the ok button I think?  And am I further along, thanks.",0,0.2689414322376251,0.0,0.32423537969589233,6.470016956329346,0.3073580265045166,3.6623737812042236,0.2798285186290741,14.370170593261719
2219,413,I said what is the title of this paper? Tell me if I need to move it. Thanks.,1,0.18952108919620514,0.0,0.20946969091892242,6.470016956329346,0.2146914154291153,3.678405523300171,0.13660839200019836,12.969252586364746
2220,4034,Who is this letter from?,0,0.2018132209777832,0.0,0.21733751893043518,6.470016956329346,0.22270014882087708,3.471356153488159,0.1561049073934555,12.899500846862793
2221,3216,what is in this bottle?,1,0.2422056347131729,0.0,0.35220178961753845,6.470016956329346,0.3415825068950653,4.94160795211792,0.3812195658683777,12.778841018676758
2222,2277,What brand of chocolate is this?,1,0.36296921968460083,0.0,0.41111084818840027,6.470016956329346,0.43782350420951843,4.263064384460449,0.37022536993026733,14.381722450256348
2223,2117,What is this?,1,0.15203224122524261,0.0,0.2120688110589981,6.470016956329346,0.19930800795555115,4.973433494567871,0.30074557662010193,16.38842010498047
2224,174,clouds in the sky look like,1,0.2422056347131729,0.0,0.2689414322376251,6.470016956329346,0.2782568037509918,3.8874332904815674,0.36296921968460083,14.029335975646973
2225,4094,"Trying again, what kind of soup is this?",0,0.1037486270070076,0.0,0.1037486270070076,6.470016956329346,0.11436852067708969,3.4435086250305176,0.10158944129943848,17.44221305847168
2226,3032,What's this?,1,0.30074557662010193,0.0,0.3345894515514374,6.470016956329346,0.3486451506614685,5.118136882781982,0.43014732003211975,16.095417022705078
2227,4048,What's the title of this CD?,1,0.3073580265045166,0.0,0.3557748794555664,6.470016956329346,0.314050555229187,3.820805311203003,0.4532618820667267,9.16048526763916
2228,3237,What is this product?,1,0.2598256468772888,0.0,0.3593641519546509,6.470016956329346,0.36296921968460083,5.143316745758057,0.49218812584877014,14.049051284790039
2229,12,What color is this,1,0.1919327974319458,0.0,0.23370634019374847,6.470016956329346,0.22815649211406708,3.963261127471924,0.1919327974319458,11.933475494384766
2230,4012,What is the label on this bottle?,0,0.22000709176063538,0.0,0.2568320035934448,6.470016956329346,0.22815649211406708,3.465562582015991,0.11920291930437088,17.059120178222656
2231,2062,What is this?,0,0.16667540371418,0.0,0.2422056347131729,6.470016956329346,0.21733751893043518,4.454326629638672,0.16132023930549622,16.182397842407227
2232,2994,What is this logo?,0,0.32766830921173096,0.0,0.39981165528297424,6.470016956329346,0.3849121630191803,4.117468357086182,0.22815649211406708,14.602570533752441
2233,639,Is the color of this guys feet?,0,0.07369627058506012,0.0,0.08151975274085999,6.470016956329346,0.07585817575454712,3.4984943866729736,0.06187598407268524,13.158671379089355
2234,1431,"If the card is shown in this picture, what does it say?",0,0.10087861120700836,0.0,0.12421300262212753,6.470016956329346,0.10521053522825241,3.4977498054504395,0.16238002479076385,16.51249885559082
2235,3867,Can you please tell me what these numbers say? Thank you.,1,0.32766830921173096,0.0,0.4035668969154358,6.470016956329346,0.38861799240112305,4.404732704162598,0.740174412727356,17.011316299438477
2236,3177,can i get the name of the team please for rickey henderson thank you.,1,0.3380771279335022,0.0,0.39981165528297424,6.470016956329346,0.3812195658683777,4.3479323387146,0.39606815576553345,15.522936820983887
2237,3183,What is this cereal?,0,0.06465348601341248,0.0,0.06656918674707413,6.470016956329346,0.06954174488782883,3.468165874481201,0.10669060051441193,15.660273551940918
2238,193,What is this?,1,0.18476751446723938,0.0,0.2568320035934448,6.470016956329346,0.2658804953098297,5.733353137969971,0.3849121630191803,16.961490631103516
2239,4044,What is this?,1,0.29098084568977356,0.0,0.38861799240112305,6.470016956329346,0.43782350420951843,6.616514205932617,0.34334173798561096,16.594133377075195
2240,1858,What is in this box?,1,0.37022536993026733,0.0,0.4765796661376953,6.470016956329346,0.4804786741733551,5.188382148742676,0.42250463366508484,16.50836181640625
2241,1395,What is this?,0,0.1919327974319458,0.0,0.2538610100746155,6.470016956329346,0.2393493503332138,4.2827653884887695,0.17781086266040802,17.37694549560547
2242,8,Okay I think I got it this time. Can you read the model and serial number for me? Thanks.,0,0.29746994376182556,0.0,0.3415825068950653,6.470016956329346,0.32766830921173096,3.609785556793213,0.2538610100746155,14.072275161743164
2243,2220,What is the picture on this cup?,1,0.38861799240112305,0.0,0.4687906503677368,6.470016956329346,0.45713675022125244,4.5901055335998535,0.5350984334945679,16.53700828552246
2244,1384,Can you tell me which of these cans is salmon and which is the tuna?,1,0.27202457189559937,0.0,0.3345894515514374,6.470016956329346,0.3380771279335022,4.132874965667725,0.22270014882087708,17.1949462890625
2245,1871,What color is this marker?,1,0.2598256468772888,0.0,0.32423537969589233,6.470016956329346,0.3345894515514374,5.1601362228393555,0.230919748544693,12.054605484008789
2246,491,Did that help any?,0,0.2689414322376251,0.0,0.3345894515514374,6.470016956329346,0.29421496391296387,3.625933885574341,0.4455295503139496,14.006263732910156
2247,2937,What denomination of currency is this?,1,0.3557748794555664,0.0,0.4493926465511322,6.470016956329346,0.4687906503677368,5.9120659828186035,0.46490156650543213,14.712394714355469
2248,3644,I'm trying to find out if my rice cooker has switched to warm. Thank you.,0,0.12421300262212753,0.0,0.1276526302099228,6.470016956329346,0.12421300262212753,3.4715147018432617,0.13660839200019836,16.00515365600586
2249,2319,when does this expire?,1,0.1710611879825592,0.0,0.20946969091892242,6.470016956329346,0.18713268637657166,3.4893558025360107,0.2538610100746155,17.1385498046875
2250,600,what does the sky look like in this photo?,1,0.1755380630493164,0.0,0.230919748544693,6.470016956329346,0.22815649211406708,4.41587495803833,0.22270014882087708,17.22028350830078
2251,2069,Can you tell me what the buttons or anything says on this screen?,1,0.2689414322376251,0.0,0.36658975481987,6.470016956329346,0.314050555229187,4.135659217834473,0.8104788661003113,18.10903549194336
2252,3976,What's the crock pot setting?,1,0.314050555229187,0.0,0.37387582659721375,6.470016956329346,0.37022536993026733,3.9516663551330566,0.3923368453979492,13.309076309204102
2253,1332,"Is there anything on this tin that could help me identify the name of it, the brand or anything?",1,0.11757213622331619,0.0,0.14033624529838562,6.470016956329346,0.1276526302099228,3.571668863296509,0.2146914154291153,16.08924102783203
2254,3857,What is this book?,1,0.45713675022125244,0.0,0.5506073832511902,6.470016956329346,0.5350984334945679,5.093424320220947,0.66888028383255,12.530769348144531
2255,2893,What's this? ,0,0.24508501589298248,0.0,0.2689414322376251,6.470016956329346,0.2845759987831116,4.946653366088867,0.31573596596717834,17.93523406982422
2256,1349,what is this?,1,0.2538610100746155,0.0,0.3380771279335022,6.470016956329346,0.34510529041290283,5.778684616088867,0.5544704794883728,17.306425094604492
2257,3184,What object is this and what color is it?,1,0.5234203934669495,0.0,0.6001883149147034,6.470016956329346,0.6187804341316223,4.638164520263672,0.6619228720664978,14.190497398376465
2258,617,Please rate the counter.,1,0.2751297354698181,0.0,0.3073580265045166,6.470016956329346,0.28776782751083374,3.57381534576416,0.3557748794555664,11.712438583374023
2259,2138,What is this?,0,0.16026602685451508,0.0,0.22815649211406708,6.470016956329346,0.2146914154291153,4.908421516418457,0.16026602685451508,17.388591766357422
2260,1378,Does it look sunny outside?,1,0.35220178961753845,0.0,0.4073334336280823,6.470016956329346,0.44167301058769226,4.831845760345459,0.4339814782142639,15.576693534851074
2261,531,What does the text in that white box say?,1,0.31742629408836365,0.0,0.38861799240112305,6.470016956329346,0.35220178961753845,3.547128438949585,0.5078118443489075,12.474649429321289
2262,4000,What is this?,1,0.24508501589298248,0.0,0.3415825068950653,6.470016956329346,0.35220178961753845,6.041673183441162,0.49609383940696716,15.622328758239746
2263,250,Hi can you tell if this page has my boarding pass on it? Thanks.,0,0.07159119844436646,0.0,0.07369627058506012,6.470016956329346,0.07263670116662979,3.48039174079895,0.14414885640144348,15.139261245727539
2264,4097,Tell me what the Ipad screen says.  Thank you very much.,1,0.18713268637657166,0.0,0.2254166156053543,6.470016956329346,0.21733751893043518,3.898271322250366,0.28140559792518616,17.298812866210938
2265,1467,What are the characters in this captcha?,0,0.13477592170238495,0.0,0.15817435085773468,6.470016956329346,0.13846179842948914,3.471356153488159,0.13846179842948914,14.268198013305664
2266,1176,What's this picture?,1,0.2538610100746155,0.0,0.2782568037509918,6.470016956329346,0.2751297354698181,4.243287563323975,0.49218812584877014,16.760786056518555
2267,3200,What's in this bottle?,1,0.1540575623512268,0.0,0.20689405500888824,6.470016956329346,0.18476751446723938,4.175287246704102,0.2568320035934448,12.372916221618652
2268,457,How much is the total?,0,0.19436782598495483,0.0,0.2393493503332138,6.470016956329346,0.21733751893043518,3.5919246673583984,0.18010665476322174,17.331846237182617
2269,1468,What is the picture of?,1,0.20817893743515015,0.0,0.267408162355423,6.470016956329346,0.19682620465755463,4.497163772583008,0.6334102749824524,15.220037460327148
2270,618,What size is this?,0,0.15002882480621338,0.0,0.17328819632530212,6.470016956329346,0.15817435085773468,3.471356153488159,0.13477592170238495,17.74038314819336
2271,4086,What are the three buttons above the dial from left to right?,1,0.3593641519546509,0.0,0.4339814782142639,6.470016956329346,0.4035668969154358,3.5922956466674805,0.3775406777858734,15.01597785949707
2272,2342,What kind of meat is in this package?,1,0.09534946084022522,0.0,0.11436852067708969,6.470016956329346,0.09947021305561066,3.459425687789917,0.1037486270070076,14.263214111328125
2273,4057,What is this spice and what color is it?,1,0.38861799240112305,0.0,0.4843800961971283,6.470016956329346,0.4493926465511322,3.719587802886963,0.531209409236908,14.952876091003418
2274,584,What does this label say?,0,0.2538610100746155,0.0,0.314050555229187,6.470016956329346,0.29746994376182556,3.732189416885376,0.10894504189491272,18.493637084960938
2275,2679,Which flower is this?,1,0.18242551386356354,0.0,0.23370634019374847,6.470016956329346,0.24798743426799774,4.913329601287842,0.23651622235774994,13.63501262664795
2276,3244,What is my color of what is color of my shirt?,1,0.18713268637657166,0.0,0.2254166156053543,6.470016956329346,0.2146914154291153,3.711916923522949,0.2568320035934448,15.797431945800781
2277,3904,What is this?,1,0.17328819632530212,0.0,0.2393493503332138,6.470016956329346,0.2146914154291153,3.957261800765991,0.4073334336280823,16.023012161254883
2278,2886,What is the color of this shirt?,1,0.3923368453979492,0.0,0.5,6.470016956329346,0.47268345952033997,4.443120956420898,0.4843800961971283,12.92563533782959
2279,1068,What does the screen say?,0,0.3923368453979492,0.0,0.4804786741733551,6.470016956329346,0.43782350420951843,3.7117958068847656,0.1710611879825592,17.338642120361328
2280,1985,What kind of can is this?,1,0.3345894515514374,0.0,0.39981165528297424,6.470016956329346,0.39981165528297424,4.186487197875977,0.3208213150501251,11.863947868347168
2281,622,What is the captcha?,0,0.13296423852443695,0.0,0.15817435085773468,6.470016956329346,0.13660839200019836,3.471356153488159,0.11047115176916122,14.312301635742188
2282,2313,What is it?,1,0.29421496391296387,0.0,0.39981165528297424,6.470016956329346,0.4148988127708435,5.742808818817139,0.581303060054779,16.322832107543945
2283,1428,what is the name of this scrub?,0,0.2538610100746155,0.0,0.3106943964958191,6.470016956329346,0.2598256468772888,3.471356153488159,0.1208532303571701,15.2344331741333
2284,1517,What kind of soda is this?,1,0.3593641519546509,0.0,0.4339814782142639,6.470016956329346,0.4532618820667267,4.826968669891357,0.4073334336280823,14.01929759979248
2285,3984,"Can you describe what you see on the screen? Hopefully it's some sort of a menu. I'm trying to boot from a usb flash drive, or maybe it'll say removable media, something like that. Maybe, maybe tell me what",1,0.15002882480621338,0.0,0.16026602685451508,6.470016956329346,0.16026602685451508,3.4705216884613037,0.0960254967212677,15.185046195983887
2286,2196,What is this please?,1,0.29098084568977356,0.0,0.37022536993026733,6.470016956329346,0.37387582659721375,4.801648139953613,0.5506073832511902,16.917007446289062
2287,3209,Is this coarse or fine sea salt?,0,0.18713268637657166,0.0,0.20689405500888824,6.470016956329346,0.2146914154291153,3.619802713394165,0.16451644897460938,16.494470596313477
2288,3137,What is this card?,0,0.16026602685451508,0.0,0.18010665476322174,6.470016956329346,0.16667540371418,3.471356153488159,0.3380771279335022,15.340417861938477
2289,3921,Microwave say. ,1,0.36296921968460083,0.0,0.4035668969154358,6.470016956329346,0.39606815576553345,3.6439647674560547,0.5698526501655579,15.575803756713867
2290,3794,Looking for the mode or source input button on this remote. Please describe it in relation to other stuff.,0,0.16451644897460938,0.0,0.18952108919620514,6.470016956329346,0.17328819632530212,3.4868595600128174,0.11757213622331619,10.587200164794922
2291,3223,What is this?,1,0.22815649211406708,0.0,0.314050555229187,6.470016956329346,0.31742629408836365,5.378472328186035,0.4148988127708435,16.744596481323242
2292,3533,Tell me what's the color for this ipad?,1,0.2845759987831116,0.0,0.314050555229187,6.470016956329346,0.32766830921173096,4.231653213500977,0.28776782751083374,15.066858291625977
2293,2119,Can you tell what soda this is?,1,0.21733751893043518,0.0,0.2658804953098297,6.470016956329346,0.2845759987831116,5.76334810256958,0.5774953961372375,17.27400016784668
2294,3135,Can you tell me what this button is? That my finger is pointing to.,1,0.30404165387153625,0.0,0.38861799240112305,6.470016956329346,0.38861799240112305,4.140330791473389,0.6113819479942322,17.485078811645508
2295,3039,In this bottle.,1,0.2254166156053543,0.0,0.2658804953098297,6.470016956329346,0.2422056347131729,3.478126049041748,0.4493926465511322,14.156383514404297
2296,1302,What is this?,1,0.230919748544693,0.0,0.30074557662010193,6.470016956329346,0.32766830921173096,5.954794883728027,0.5389832258224487,16.138559341430664
2297,1316,What kind of cough drops are these?,1,0.3208213150501251,0.0,0.3923368453979492,6.470016956329346,0.39606815576553345,4.115543365478516,0.43782350420951843,12.44202709197998
2298,2381,what is this?,1,0.35220178961753845,0.0,0.45713675022125244,6.470016956329346,0.4882833957672119,6.17134952545166,0.5698526501655579,16.678129196166992
2299,488,What's on this screen?,1,0.09534946084022522,0.0,0.12940272688865662,6.470016956329346,0.10970577597618103,3.4302117824554443,0.11920291930437088,12.486218452453613
2300,4065,What is this item?,1,0.2422056347131729,0.0,0.3345894515514374,6.470016956329346,0.3486451506614685,5.713662147521973,0.3812195658683777,12.372151374816895
2301,2925,What season is this?,1,0.13477592170238495,0.0,0.16885696351528168,6.470016956329346,0.16026602685451508,3.9507603645324707,0.12421300262212753,12.991833686828613
2302,4103,What space is this?,0,0.16885696351528168,0.0,0.2422056347131729,6.470016956329346,0.22270014882087708,4.280798435211182,0.14223188161849976,17.20520782470703
2303,2684,What is this little package?,1,0.1755380630493164,0.0,0.2254166156053543,6.470016956329346,0.19682620465755463,3.4424569606781006,0.17781086266040802,13.340383529663086
2304,518,Is there an error message on the screen? And is there an action item or action that needs to be taken?,1,0.41111084818840027,0.0,0.4804786741733551,6.470016956329346,0.4765796661376953,4.045886039733887,0.6001883149147034,14.081948280334473
2305,1466,Is this shirt on the right side?,1,0.39606815576553345,0.0,0.45713675022125244,6.470016956329346,0.4493926465511322,3.5962600708007812,0.28776782751083374,13.16360092163086
2306,349,"Is this computer actually on a state where it's still sorting itself out? And getting ready to boot? Or, is it already booted? ",1,0.18010665476322174,0.0,0.20946969091892242,6.470016956329346,0.2018132209777832,3.6777241230010986,0.15203224122524261,14.865330696105957
2307,3088,What is the name of this product?,0,0.27202457189559937,0.0,0.32766830921173096,6.470016956329346,0.28776782751083374,3.4660723209381104,0.1431877166032791,15.817347526550293
2308,383,My computer won't talk. Can you tell me what's on the screen?,1,0.2628418505191803,0.0,0.30074557662010193,6.470016956329346,0.3073580265045166,4.833643436431885,0.6187804341316223,17.852720260620117
2309,4035,What color is this?,1,0.2845759987831116,0.0,0.36658975481987,6.470016956329346,0.34510529041290283,4.297723293304443,0.3106943964958191,12.346059799194336
2310,1447,What is inside this canned good?,1,0.15203224122524261,0.0,0.1919327974319458,6.470016956329346,0.18010665476322174,4.238674163818359,0.23370634019374847,14.565567016601562
2311,384,Well if this has a product name on it that I need to look up on the internet something no this so I just need something product name model or any information.,1,0.15002882480621338,0.0,0.18010665476322174,6.470016956329346,0.1710611879825592,3.899991035461426,0.15002882480621338,14.775443077087402
2312,660,Is he a boy or a girl?,1,0.09009299427270889,0.0,0.09947021305561066,6.470016956329346,0.09401018917560577,3.604496479034424,0.07055959850549698,12.220624923706055
2313,1264,What is this?,1,0.23370634019374847,0.0,0.3208213150501251,6.470016956329346,0.314050555229187,4.999064922332764,0.39981165528297424,15.192498207092285
2314,3253,What is this?,0,0.19682620465755463,0.0,0.2658804953098297,6.470016956329346,0.2568320035934448,4.658675670623779,0.22270014882087708,17.900928497314453
2315,2910,What is this can?,1,0.28776782751083374,0.0,0.35220178961753845,6.470016956329346,0.3415825068950653,4.0144429206848145,0.4493926465511322,13.897712707519531
2316,1266,Does the screen say anything?,1,0.09009299427270889,0.0,0.10818894952535629,6.470016956329346,0.1037486270070076,3.7544429302215576,0.07807815819978714,14.210347175598145
2317,573,Can you see the Captcha?,1,0.32766830921173096,0.0,0.39606815576553345,6.470016956329346,0.3557748794555664,4.0011491775512695,0.37387582659721375,11.661567687988281
2318,186,"Please tell me whats on my screen, thank you, thank you, thank you I have no speech, bless you all for doing this. Oh No!",0,0.3208213150501251,0.0,0.3415825068950653,6.470016956329346,0.37022536993026733,3.744441270828247,0.24508501589298248,14.202718734741211
2319,1402,What is this?,1,0.30074557662010193,0.0,0.41869691014289856,6.470016956329346,0.44167301058769226,6.088465213775635,0.4493926465511322,15.723993301391602
2320,1963,What is in that bottle?,1,0.11124120652675629,0.0,0.18713268637657166,6.470016956329346,0.13846179842948914,3.726550817489624,0.21733751893043518,15.419716835021973
2321,3210,What are the colors in these?,1,0.42250463366508484,0.0,0.5117166042327881,6.470016956329346,0.5117166042327881,4.541258811950684,0.49609383940696716,16.14153289794922
2322,636,What is this?,1,0.29098084568977356,0.0,0.3812195658683777,6.470016956329346,0.41869691014289856,6.328484058380127,0.6548947095870972,16.244104385375977
2323,3232,What is this a bottle of?,1,0.3106943964958191,0.0,0.4035668969154358,6.470016956329346,0.3775406777858734,3.723191261291504,0.5486735105514526,16.548362731933594
2324,320,There should be a skin of a document on the screen. Can you please tell me if that's true or not? Thank you very much,1,0.09670579433441162,0.0,0.10521053522825241,6.470016956329346,0.10669060051441193,3.9054973125457764,0.08632348477840424,17.192399978637695
2325,16,"Which one of these items is the children's dictionary? Is it the one on the right, or the one on the left?",1,0.28776782751083374,0.0,0.37022536993026733,6.470016956329346,0.3345894515514374,3.9325132369995117,0.27202457189559937,11.874226570129395
2326,3982,What is this?,1,0.1919327974319458,0.0,0.2845759987831116,6.470016956329346,0.2751297354698181,5.035964012145996,0.5078118443489075,15.772658348083496
2327,2073,What does this label say?,0,0.3812195658683777,0.0,0.4765796661376953,6.470016956329346,0.41869691014289856,3.554065465927124,0.10970577597618103,18.00408935546875
2328,3218,What color is this?,1,0.3775406777858734,0.0,0.46490156650543213,6.470016956329346,0.4687906503677368,5.252776145935059,0.4455295503139496,13.014890670776367
2329,2148,What type of burger is in this box? ,1,0.22815649211406708,0.0,0.2689414322376251,6.470016956329346,0.27202457189559937,3.999704599380493,0.314050555229187,14.27358341217041
2330,1489,what's in this can?,0,0.18713268637657166,0.0,0.24798743426799774,6.470016956329346,0.2018132209777832,3.4661061763763428,0.09467770159244537,18.606277465820312
2331,2974,What color is my jeans?,1,0.07585817575454712,0.0,0.08756384998559952,6.470016956329346,0.08035746961832047,3.5151121616363525,0.08756384998559952,12.232625961303711
2332,538,what type of tablets are these?,0,0.1755380630493164,0.0,0.2422056347131729,6.470016956329346,0.19930800795555115,3.5161287784576416,0.10818894952535629,17.69279670715332
2333,2358,"Hi, thanks for help.  What is this bottle of whiskey?",1,0.2568320035934448,0.0,0.29746994376182556,6.470016956329346,0.314050555229187,4.366164684295654,0.38861799240112305,16.179231643676758
2334,4072,What is this ?,1,0.3380771279335022,0.0,0.4263215959072113,6.470016956329346,0.47268345952033997,6.11265230178833,0.5698526501655579,18.432376861572266
2335,3865,What is the name of the supplement in this bottle?,0,0.32766830921173096,0.0,0.4073334336280823,6.470016956329346,0.3486451506614685,3.468702793121338,0.15817435085773468,16.42794418334961
2336,596,What is this?,1,0.21733751893043518,0.0,0.30404165387153625,6.470016956329346,0.314050555229187,5.629806995391846,0.5039061903953552,16.575929641723633
2337,284,CCan you tell me what percentagbe of being done the process is here?,0,0.12940272688865662,0.0,0.16451644897460938,6.470016956329346,0.14033624529838562,3.518838882446289,0.2782568037509918,16.345836639404297
2338,650,Is the answer,0,0.14608724415302277,0.0,0.1755380630493164,6.470016956329346,0.16026602685451508,3.6897318363189697,0.11047115176916122,16.395437240600586
2339,627,can you tell me what sort of car this is?,0,0.06008664518594742,0.0,0.06853749603033066,6.470016956329346,0.06465348601341248,3.5091164112091064,0.14804719388484955,17.278640747070312
2340,1496,Identify this product.,0,0.2393493503332138,0.0,0.27202457189559937,6.470016956329346,0.2598256468772888,3.440549612045288,0.17328819632530212,12.12099838256836
2341,3259,What does this mug say?,1,0.37387582659721375,0.0,0.46101680397987366,6.470016956329346,0.4339814782142639,4.17266845703125,0.709019124507904,15.771184921264648
2342,1408,What does this say?,1,0.20689405500888824,0.0,0.2598256468772888,6.470016956329346,0.230919748544693,3.9268863201141357,0.5,15.900481224060059
2343,4092,This is number five.,0,0.27202457189559937,0.0,0.3073580265045166,6.470016956329346,0.28140559792518616,3.467008590698242,0.3486451506614685,14.304070472717285
2344,4059,What is this meat? ,1,0.18010665476322174,0.0,0.22270014882087708,6.470016956329346,0.230919748544693,4.422393321990967,0.24508501589298248,12.927858352661133
2345,2269,What is this?,1,0.1540575623512268,0.0,0.22270014882087708,6.470016956329346,0.230919748544693,5.748494625091553,0.4263215959072113,16.303565979003906
2346,1864,Yes i need to determine the letters in this captcha image,1,0.2751297354698181,0.0,0.3106943964958191,6.470016956329346,0.29098084568977356,3.6021568775177,0.3812195658683777,14.742636680603027
2347,3968,What kind of chips are these?,1,0.3775406777858734,0.0,0.45713675022125244,6.470016956329346,0.49609383940696716,5.187145709991455,0.4148988127708435,13.476465225219727
2348,645,Do the clouds look like storm clouds? What I'm saying is does it look like it's going to rain here or storm?,1,0.30404165387153625,0.0,0.32766830921173096,6.470016956329346,0.35220178961753845,4.119682788848877,0.2658804953098297,18.024200439453125
2349,3110,How much milk and water do I add to my hamburger helper?,0,0.18952108919620514,0.0,0.22815649211406708,6.470016956329346,0.20689405500888824,3.440455913543701,0.18010665476322174,19.210453033447266
2350,2340,What is that computer screen showing?,1,0.0792103260755539,0.0,0.1127953976392746,6.470016956329346,0.09009299427270889,3.479539632797241,0.12421300262212753,14.945273399353027
2351,3986,What is this a box of?,1,0.31742629408836365,0.0,0.4035668969154358,6.470016956329346,0.43014732003211975,4.917896270751953,0.30404165387153625,14.117671012878418
2352,2395,What does my hand look like?,1,0.20689405500888824,0.0,0.2689414322376251,6.470016956329346,0.2568320035934448,4.113809585571289,0.34510529041290283,16.579402923583984
2353,1389,"Let's give this a try, can you tell me what this is? ",1,0.4148988127708435,0.0,0.46101680397987366,6.470016956329346,0.49609383940696716,5.549990177154541,0.7122321724891663,19.112228393554688
2354,1454,Can you see what the saying is?,1,0.22270014882087708,0.0,0.2689414322376251,6.470016956329346,0.2422056347131729,3.907794237136841,0.43014732003211975,15.489307403564453
2355,190,Can you please tell me if there are any errors on this screen?,0,0.13660839200019836,0.0,0.16238002479076385,6.470016956329346,0.1540575623512268,3.606332778930664,0.3775406777858734,15.169025421142578
2356,3051,What's on the screen?,1,0.2689414322376251,0.0,0.3486451506614685,6.470016956329346,0.3106943964958191,3.9044201374053955,0.3345894515514374,12.718216896057129
2357,4002,What are the dials on this washer.,0,0.31742629408836365,0.0,0.3812195658683777,6.470016956329346,0.36658975481987,3.71911358833313,0.2782568037509918,17.864431381225586
2358,2362,What is this?,0,0.1561049073934555,0.0,0.21733751893043518,6.470016956329346,0.18952108919620514,3.9946718215942383,0.16238002479076385,16.667694091796875
2359,1962,Anything on this label.,1,0.20946969091892242,0.0,0.2422056347131729,6.470016956329346,0.22815649211406708,3.897050142288208,0.3106943964958191,15.055522918701172
2360,4008,What flavor jam is this?,1,0.16026602685451508,0.0,0.19436782598495483,6.470016956329346,0.18952108919620514,4.052720069885254,0.2568320035934448,15.12660026550293
2361,592,Can you tell me when this bus pass expires?,1,0.230919748544693,0.0,0.2751297354698181,6.470016956329346,0.2689414322376251,4.106939315795898,0.2845759987831116,17.752531051635742
2362,3918,What is it?,1,0.25091278553009033,0.0,0.34510529041290283,6.470016956329346,0.36658975481987,5.976864814758301,0.5,15.964261054992676
2363,3256,What is this?,0,0.19930800795555115,0.0,0.2689414322376251,6.470016956329346,0.22815649211406708,3.6382665634155273,0.18713268637657166,17.472259521484375
2364,3995,What Clorox is my shirt?,1,0.06560482829809189,0.0,0.07159119844436646,6.470016956329346,0.06954174488782883,3.4586215019226074,0.07807815819978714,15.220925331115723
2365,1500,What's in this can?,0,0.10230470448732376,0.0,0.1208532303571701,6.470016956329346,0.11124120652675629,3.436255693435669,0.10230470448732376,19.526987075805664
2366,3257,What is on this shirt?,1,0.4804786741733551,0.0,0.5926666259765625,6.470016956329346,0.5888891220092773,4.973658561706543,0.672331690788269,12.082198143005371
2367,3250,what does the sky look like in this picture,1,0.43782350420951843,0.0,0.5078118443489075,6.470016956329346,0.5544704794883728,5.371610641479492,0.4687906503677368,16.84795379638672
2368,1382,"Is there a chest piece in this picture? If so, where?",1,0.19930800795555115,0.0,0.23651622235774994,6.470016956329346,0.22000709176063538,3.516669273376465,0.23651622235774994,12.05846881866455
2369,3197,"What kind of can is this, thank you?",1,0.37022536993026733,0.0,0.42250463366508484,6.470016956329346,0.4493926465511322,4.3440632820129395,0.4493926465511322,11.804883003234863
2370,1904,What are the baking directions for this pie? Thank you.,0,0.42250463366508484,0.0,0.49218812584877014,6.470016956329346,0.44167301058769226,3.458653688430786,0.29421496391296387,13.820180892944336
2371,590,Can you tell me what the plaque says? Thank you.,1,0.2146914154291153,0.0,0.2689414322376251,6.470016956329346,0.25091278553009033,4.117543697357178,0.6261242032051086,15.417238235473633
2372,4039,Can you please tell me all the spices that are in this cabinet?,1,0.2751297354698181,0.0,0.34510529041290283,6.470016956329346,0.33111974596977234,4.083714008331299,0.4687906503677368,16.7614688873291
2373,605,What is this?,1,0.18242551386356354,0.0,0.2628418505191803,6.470016956329346,0.2598256468772888,5.178897857666016,0.4843800961971283,16.485591888427734
2374,2337,What kind of bottle is this? ,1,0.28140559792518616,0.0,0.3345894515514374,6.470016956329346,0.3415825068950653,3.9473862648010254,0.2598256468772888,14.192853927612305
2375,3142,What does this say?,1,0.2146914154291153,0.0,0.27202457189559937,6.470016956329346,0.2689414322376251,4.775122165679932,0.34510529041290283,16.009990692138672
2376,2331,What is this?,0,0.17781086266040802,0.0,0.25091278553009033,6.470016956329346,0.2146914154291153,3.8833255767822266,0.1561049073934555,16.77748680114746
2377,4027,What is this?,1,0.2146914154291153,0.0,0.3073580265045166,6.470016956329346,0.314050555229187,5.684220314025879,0.4687906503677368,16.054553985595703
2378,510,what clothing is worn in this photo and how many people?,0,0.18476751446723938,0.0,0.20946969091892242,6.470016956329346,0.19682620465755463,3.5865092277526855,0.4148988127708435,17.182775497436523
2379,2359,Please tell me what's on this business card. Thank you.,0,0.24508501589298248,0.0,0.2628418505191803,6.470016956329346,0.2538610100746155,3.46345853805542,0.3415825068950653,15.979508399963379
2380,1212,What color is this,1,0.24508501589298248,0.0,0.29746994376182556,6.470016956329346,0.30404165387153625,4.067808628082275,0.2658804953098297,12.036273956298828
2381,2050,What is this?,1,0.2689414322376251,0.0,0.37387582659721375,6.470016956329346,0.38861799240112305,5.764848232269287,0.6619228720664978,16.500547409057617
2382,595,is my dick big?,0,0.029760094359517097,0.0,0.03358950465917587,6.470016956329346,0.030214589089155197,3.4638566970825195,0.05749327689409256,14.408287048339844
2383,3261,What is this keyboard?,0,0.07159119844436646,0.0,0.07807815819978714,6.470016956329346,0.07585817575454712,3.4586920738220215,0.11596070975065231,14.924288749694824
2384,2178,"Yes, this is the front of an HP probook laptop. I just need to know if there's anything visible that looks like it could be a slot for a card reader? Thank you.",1,0.18476751446723938,0.0,0.18242551386356354,6.470016956329346,0.1919327974319458,3.8686439990997314,0.1276526302099228,17.067581176757812
2385,1263,Can you tell me what kind of cereal this is please?,1,0.28776782751083374,0.0,0.3486451506614685,6.470016956329346,0.37387582659721375,4.951825141906738,0.3380771279335022,17.54896354675293
2386,1397,What soda is this?,1,0.4339814782142639,0.0,0.5273165106773376,6.470016956329346,0.5544704794883728,5.554998874664307,0.47268345952033997,14.46755313873291
2387,2375,How big is ZWY?,0,0.08151975274085999,0.0,0.09807932376861572,6.470016956329346,0.08756384998559952,3.6783339977264404,0.09807932376861572,17.525096893310547
2388,1515,Mild or hot sauce?,1,0.22000709176063538,0.0,0.28140559792518616,6.470016956329346,0.25091278553009033,3.7142488956451416,0.21733751893043518,11.221952438354492
2389,525,What does this say?,0,0.28776782751083374,0.0,0.35220178961753845,6.470016956329346,0.3106943964958191,3.4343979358673096,0.3073580265045166,14.530189514160156
2390,2611,What color is that? Thank you.,1,0.29421496391296387,0.0,0.33111974596977234,6.470016956329346,0.3380771279335022,4.3491082191467285,0.23651622235774994,10.318084716796875
2391,647,What does this tag say?,0,0.16885696351528168,0.0,0.20689405500888824,6.470016956329346,0.17781086266040802,3.462670087814331,0.16026602685451508,16.080331802368164
2392,3993,What scent is this deodorant.,0,0.16451644897460938,0.0,0.20946969091892242,6.470016956329346,0.18242551386356354,3.51115345954895,0.10594827681779861,17.929603576660156
2393,1346,"What box am I looking at, as in what does the box contain?",1,0.3812195658683777,0.0,0.46490156650543213,6.470016956329346,0.4882833957672119,5.426051616668701,0.4804786741733551,13.099200248718262
2394,3214,what is in this bag,0,0.16667540371418,0.0,0.20946969091892242,6.470016956329346,0.18713268637657166,3.446255922317505,0.10743747651576996,19.010730743408203
2395,1341,Hope my finger wasn't in the way but did it get the message this time?,0,0.41869691014289856,0.0,0.4532618820667267,6.470016956329346,0.4532618820667267,3.950044631958008,0.34334173798561096,15.32834243774414
2396,98,Can you tell me if there's any local Seattle beers on this menu?,0,0.14608724415302277,0.0,0.17781086266040802,6.470016956329346,0.1540575623512268,3.5325889587402344,0.24508501589298248,17.203718185424805
2397,405,What is the screen saying?,1,0.30074557662010193,0.0,0.37022536993026733,6.470016956329346,0.35220178961753845,4.140447616577148,0.5467381477355957,14.288390159606934
2398,4073,Is this shampoo or body wash?,1,0.11757213622331619,0.0,0.14033624529838562,6.470016956329346,0.12940272688865662,3.9225425720214844,0.1208532303571701,10.221651077270508
2399,4110,What is this?,0,0.17781086266040802,0.0,0.24798743426799774,6.470016956329346,0.230919748544693,4.3178887367248535,0.1755380630493164,17.47075080871582
2400,357,"Can you tell me what this medicine is, please?",1,0.18010665476322174,0.0,0.23370634019374847,6.470016956329346,0.2254166156053543,4.32936954498291,0.2751297354698181,16.215343475341797
2401,2263,How does it look?,1,0.3557748794555664,0.0,0.45713675022125244,6.470016956329346,0.44167301058769226,4.834465980529785,0.5660185217857361,16.263761520385742
2402,1354,What color is this?,1,0.2254166156053543,0.0,0.28140559792518616,6.470016956329346,0.2658804953098297,4.033843517303467,0.22815649211406708,11.322604179382324
2403,4071,What does this say?,1,0.14804719388484955,0.0,0.16667540371418,6.470016956329346,0.16026602685451508,3.6361615657806396,0.314050555229187,15.850737571716309
2404,1289,What does this tee shirt look like?,0,0.2393493503332138,0.0,0.30404165387153625,6.470016956329346,0.27202457189559937,3.924360752105713,0.25832599401474,16.971670150756836
2405,1391,please describe what this is or state any writing that's on it.,0,0.2658804953098297,0.0,0.314050555229187,6.470016956329346,0.3073580265045166,4.005188941955566,0.2735743820667267,12.616403579711914
2406,1528,What is this?,1,0.2393493503332138,0.0,0.31742629408836365,6.470016956329346,0.3345894515514374,5.429133892059326,0.4455295503139496,16.736047744750977
2407,2398,What is currently displayed on the screen?,1,0.2628418505191803,0.0,0.32766830921173096,6.470016956329346,0.29746994376182556,4.015807151794434,0.38861799240112305,16.31626319885254
2408,355,On the left.,0,0.27202457189559937,0.0,0.314050555229187,6.470016956329346,0.32423537969589233,4.308736801147461,0.36658975481987,12.795604705810547
2409,3699,What is this?,1,0.3208213150501251,0.0,0.4263215959072113,6.470016956329346,0.45713675022125244,5.974757194519043,0.5467381477355957,17.39870834350586
2410,322,I'm trying to find the model number of this device.  It's probably PB10 or PB12 can you read the label or let me know how to rotate so you can.,1,0.3345894515514374,0.0,0.37022536993026733,6.470016956329346,0.3557748794555664,3.7800862789154053,0.47268345952033997,13.938684463500977
2411,530,What kind of computer is this?,1,0.2120688110589981,0.0,0.2782568037509918,6.470016956329346,0.28776782751083374,4.482163906097412,0.1919327974319458,12.953421592712402
2412,1471,What is this?,1,0.3415825068950653,0.0,0.4493926465511322,6.470016956329346,0.4765796661376953,6.460679054260254,0.6548947095870972,16.365598678588867
2413,664,Can you read the screen to me? THanks.,0,0.29098084568977356,0.0,0.34510529041290283,6.470016956329346,0.314050555229187,3.526341199874878,0.33111974596977234,14.21655559539795
2414,3943,What does this photo say?,1,0.230919748544693,0.0,0.2689414322376251,6.470016956329346,0.2598256468772888,3.8573360443115234,0.4765796661376953,12.433802604675293
2415,1474,what is in this picture?,1,0.2120688110589981,0.0,0.27202457189559937,6.470016956329346,0.2751297354698181,5.267789840698242,0.43782350420951843,16.482589721679688
2416,4130,What is this bottle?,1,0.14033624529838562,0.0,0.1755380630493164,6.470016956329346,0.16885696351528168,3.696305751800537,0.1710611879825592,13.938689231872559
2417,579,What is this?,0,0.14608724415302277,0.0,0.20689405500888824,6.470016956329346,0.19436782598495483,4.613130569458008,0.18713268637657166,17.213281631469727
2418,3629,What is this?,1,0.22270014882087708,0.0,0.3106943964958191,6.470016956329346,0.34510529041290283,5.868815898895264,0.3593641519546509,16.56371307373047
2419,2309,what is the scientific name of this leaf?,1,0.2465333491563797,0.0,0.3073580265045166,6.470016956329346,0.2598256468772888,3.464482545852661,0.2704802453517914,14.359442710876465
2420,2967,What do you see?,1,0.3208213150501251,0.0,0.3812195658683777,6.470016956329346,0.37387582659721375,4.486455917358398,0.665410578250885,15.635598182678223
2421,679,What is this?,0,0.13846179842948914,0.0,0.18476751446723938,6.470016956329346,0.18476751446723938,5.1514177322387695,0.16885696351528168,17.502765655517578
2422,4052,Can you tell how many pounds this meat is?,1,0.07807815819978714,0.0,0.08882028609514236,6.470016956329346,0.08269733935594559,3.4759411811828613,0.0792103260755539,13.770991325378418
2423,4139,What is in this box?,1,0.29098084568977356,0.0,0.4035668969154358,6.470016956329346,0.4073334336280823,5.308538913726807,0.37022536993026733,15.430541038513184
2424,1252,"This is a new thermostat, and no one's around to tell me what the positions of the switch mean. If where it is now is heat or not.",0,0.11596070975065231,0.0,0.12252321094274521,6.470016956329346,0.12421300262212753,3.6806159019470215,0.22815649211406708,16.359149932861328
2425,667,Can you tell me when this bus pass expires?,0,0.10230470448732376,0.0,0.11757213622331619,6.470016956329346,0.1037486270070076,3.479879140853882,0.09401018917560577,17.06109619140625
2426,373,What does it show on this computer monitor screen?,0,0.24508501589298248,0.0,0.33111974596977234,6.470016956329346,0.28776782751083374,3.7506814002990723,0.16559311747550964,19.847652435302734
2427,2357,What is this a picture of?,1,0.3557748794555664,0.0,0.4843800961971283,6.470016956329346,0.49609383940696716,5.734195709228516,0.7431679368019104,15.121660232543945
2428,1545,"Hi, can you please tell me what flavor this is?  ",1,0.15817435085773468,0.0,0.18476751446723938,6.470016956329346,0.1919327974319458,4.230743408203125,0.2568320035934448,16.397308349609375
2429,3665,What does it say?,1,0.37387582659721375,0.0,0.43014732003211975,6.470016956329346,0.4073334336280823,3.5493781566619873,0.7772998809814453,13.9745512008667
2430,3238,What is in this bottle?,0,0.0627892017364502,0.0,0.08632348477840424,6.470016956329346,0.06754669547080994,3.4693198204040527,0.07055959850549698,20.585691452026367
2431,3935,What is this item?,1,0.23370634019374847,0.0,0.314050555229187,6.470016956329346,0.33111974596977234,5.7264604568481445,0.2845759987831116,12.542070388793945
2432,2122,What is this?,1,0.18713268637657166,0.0,0.2658804953098297,6.470016956329346,0.25091278553009033,5.1498236656188965,0.39981165528297424,16.790180206298828
2433,1181,What dvd is this?,1,0.32423537969589233,0.0,0.3923368453979492,6.470016956329346,0.3812195658683777,4.838717460632324,0.4339814782142639,13.954720497131348
2434,2956,What color are the ropes from top to bottom?,1,0.3812195658683777,0.0,0.44167301058769226,6.470016956329346,0.4493926465511322,4.247966289520264,0.31742629408836365,14.069948196411133
2435,2296,What flavor of jellybeans are in this package?,0,0.10230470448732376,0.0,0.11757213622331619,6.470016956329346,0.10818894952535629,3.467664957046509,0.09947021305561066,17.830244064331055
2436,1451,Does this temperature read 375 degrees? Thank you.,1,0.06954174488782883,0.0,0.07263670116662979,6.470016956329346,0.07055959850549698,3.6914749145507812,0.04535257816314697,15.355873107910156
2437,1213,What color is this skirt? thank you.,1,0.13117322325706482,0.0,0.13296423852443695,6.470016956329346,0.14223188161849976,3.5855534076690674,0.06656918674707413,11.635684967041016
2438,3731,Body lotion or body wash.,0,0.23370634019374847,0.0,0.2845759987831116,6.470016956329346,0.2628418505191803,3.4798996448516846,0.13477592170238495,17.15985107421875
2439,3069,What is this?,1,0.1919327974319458,0.0,0.28140559792518616,6.470016956329346,0.29421496391296387,6.080474853515625,0.2925953269004822,16.18152618408203
2440,1207,What is the expiration date?,0,0.12940272688865662,0.0,0.1561049073934555,6.470016956329346,0.13477592170238495,3.4665815830230713,0.13939638435840607,19.19855308532715
2441,2350,some time ya know,0,0.3557748794555664,0.0,0.4035668969154358,6.470016956329346,0.3849121630191803,3.5216352939605713,0.2628418505191803,16.829158782958984
2442,4088,Did you hear my question?,0,0.2658804953098297,0.0,0.29098084568977356,6.470016956329346,0.2689414322376251,3.4658665657043457,0.21866938471794128,15.348092079162598
2443,444,I would like your best description of the grass that's in the picture that's from a power point presentation.  Thank you.,0,0.19436782598495483,0.0,0.21733751893043518,6.470016956329346,0.20689405500888824,3.4634177684783936,0.16451644897460938,11.669803619384766
2444,656,How much is this ticket?,0,0.14804719388484955,0.0,0.1755380630493164,6.470016956329346,0.1561049073934555,3.4702868461608887,0.1755380630493164,18.90122413635254
2445,4098,What color are these towels?,1,0.3557748794555664,0.0,0.43782350420951843,6.470016956329346,0.46101680397987366,5.312074661254883,0.37387582659721375,13.554929733276367
2446,563,"Hi, in the upper left corner of this page is a captcha. I hope you can read it. Thank you. ",0,0.2845759987831116,0.0,0.314050555229187,6.470016956329346,0.30074557662010193,3.475841522216797,0.25091278553009033,12.703781127929688
2447,3998,What is this?,1,0.34510529041290283,0.0,0.4687906503677368,6.470016956329346,0.5,6.313254356384277,0.6187804341316223,17.42011833190918
2448,2267,What is this?,1,0.2120688110589981,0.0,0.2845759987831116,6.470016956329346,0.3106943964958191,5.867524147033691,0.3593641519546509,16.572376251220703
2449,3249,What does this say?,0,0.1540575623512268,0.0,0.17781086266040802,6.470016956329346,0.16026602685451508,3.471356153488159,0.31742629408836365,14.72427749633789
2450,3772,What is this spice?,1,0.2598256468772888,0.0,0.3415825068950653,6.470016956329346,0.3415825068950653,4.663565635681152,0.4532618820667267,12.169196128845215
2451,515,What screen of windows is this because I cannot tell. ,0,0.1561049073934555,0.0,0.18713268637657166,6.470016956329346,0.16885696351528168,3.4763123989105225,0.22270014882087708,13.853350639343262
2452,3229,What is this?,1,0.20434190332889557,0.0,0.29098084568977356,6.470016956329346,0.3073580265045166,5.647164821624756,0.3775406777858734,15.545884132385254
2453,2644,What color are these rosary beads?,1,0.3415825068950653,0.0,0.4339814782142639,6.470016956329346,0.43782350420951843,4.814853668212891,0.4073334336280823,12.507976531982422
2454,3272,What is this.,1,0.20434190332889557,0.0,0.2568320035934448,6.470016956329346,0.2689414322376251,4.884787559509277,0.45713675022125244,17.78815460205078
2455,2311,What CD is this?,1,0.4493926465511322,0.0,0.531209409236908,6.470016956329346,0.5273165106773376,4.482582092285156,0.5195213556289673,13.518518447875977
2456,4123,Is this clam chowder?,0,0.030675798654556274,0.0,0.031143832951784134,6.470016956329346,0.030675798654556274,3.5254757404327393,0.05877656117081642,11.009262084960938
2457,1491,What movie is this?,1,0.21733751893043518,0.0,0.2751297354698181,6.470016956329346,0.2538610100746155,3.5037271976470947,0.22000709176063538,11.366462707519531
2458,1145,Apple coffee number. ,0,0.42250463366508484,0.0,0.49218812584877014,6.470016956329346,0.4687906503677368,3.6341984272003174,0.3208213150501251,15.54883098602295
2459,3161,Is this shampoo?,0,0.06656918674707413,0.0,0.07055959850549698,6.470016956329346,0.06954174488782883,3.51645827293396,0.10521053522825241,11.992733001708984
2460,3170,What is this product?,1,0.2845759987831116,0.0,0.38861799240112305,6.470016956329346,0.3849121630191803,4.866559028625488,0.43782350420951843,14.27367877960205
2461,1455,Is this on air or dehumidifier?,0,0.1561049073934555,0.0,0.16238002479076385,6.470016956329346,0.16885696351528168,3.452542304992676,0.17217186093330383,14.326252937316895
2462,1287,What are these?,1,0.2598256468772888,0.0,0.3775406777858734,6.470016956329346,0.4148988127708435,6.858720302581787,0.37387582659721375,16.961143493652344
2463,3940,What is that?,1,0.1919327974319458,0.0,0.28776782751083374,6.470016956329346,0.3073580265045166,5.538339614868164,0.37022536993026733,15.979379653930664
2464,1555,Is this enough V8 juice?,1,0.230919748544693,0.0,0.24798743426799774,6.470016956329346,0.2538610100746155,3.829066514968872,0.10521053522825241,11.654180526733398
2465,3269,barcode is this,0,0.3593641519546509,0.0,0.41111084818840027,6.470016956329346,0.39981165528297424,3.4666621685028076,0.2689414322376251,14.651543617248535
2466,3578,Does this look dirty? Thank you.,1,0.1919327974319458,0.0,0.23651622235774994,6.470016956329346,0.2146914154291153,4.046006202697754,0.3345894515514374,12.513330459594727
2467,2385,What is in this little bottle?,1,0.0534033328294754,0.0,0.06954174488782883,6.470016956329346,0.05665242671966553,3.471356153488159,0.09401018917560577,13.461003303527832
2468,582,What is this screen saying?,0,0.2120688110589981,0.0,0.2689414322376251,6.470016956329346,0.2422056347131729,3.5585250854492188,0.13206614553928375,16.242795944213867
2469,669,Can you read this?,1,0.14804719388484955,0.0,0.16667540371418,6.470016956329346,0.16238002479076385,3.86531925201416,0.14804719388484955,14.615995407104492
2470,2380,What is in this can?,1,0.27202457189559937,0.0,0.36296921968460083,6.470016956329346,0.3415825068950653,4.573625564575195,0.39981165528297424,14.935608863830566
2471,3168,What kind of coffee is this?,1,0.20946969091892242,0.0,0.2568320035934448,6.470016956329346,0.2568320035934448,3.7466166019439697,0.2422056347131729,14.846040725708008
2472,1483,What is this?,1,0.20689405500888824,0.0,0.29746994376182556,6.470016956329346,0.3073580265045166,5.8950700759887695,0.3775406777858734,16.44139289855957
2473,2169,What I have is this data,0,0.230919748544693,0.0,0.2568320035934448,6.470016956329346,0.2393493503332138,3.4536988735198975,0.23651622235774994,16.95046043395996
2474,251,Can you tell me the captcha letters or number in this image?  Thank you.,0,0.16885696351528168,0.0,0.20434190332889557,6.470016956329346,0.1755380630493164,3.471356153488159,0.1276526302099228,13.258530616760254
2475,4145,What is this magazine about?,1,0.4148988127708435,0.0,0.5039061903953552,6.470016956329346,0.5078118443489075,4.984362602233887,0.5253688097000122,13.022024154663086
2476,1554,Can you tell me what kind of chips these are?,1,0.30074557662010193,0.0,0.38861799240112305,6.470016956329346,0.41869691014289856,5.14493465423584,0.44167301058769226,16.873994827270508
2477,3500,What color are those pants?,1,0.4073334336280823,0.0,0.5039061903953552,6.470016956329346,0.5078118443489075,4.476126194000244,0.3345894515514374,11.64449691772461
2478,1552,"What is the name of this product, and what weight is it please?",1,0.39981165528297424,0.0,0.4882833957672119,6.470016956329346,0.4687906503677368,3.5446557998657227,0.5156199336051941,11.486854553222656
2479,3122,"Hi, I was wondering if you could tell me the color of this t-shirt and there's a logo up on the left breast if you're able to see what that says please.",1,0.6959583163261414,0.0,0.7490872144699097,6.470016956329346,0.7577943801879883,5.147420883178711,0.8489722013473511,17.99593162536621
2480,642,What this that picture?,1,0.2568320035934448,0.0,0.29746994376182556,6.470016956329346,0.30074557662010193,4.2301411628723145,0.3812195658683777,15.958464622497559
2481,137,Tell me what this screen says because the computers not functioning properly and it gave another sound,1,0.2598256468772888,0.0,0.31742629408836365,6.470016956329346,0.314050555229187,4.246879577636719,0.637030839920044,12.010455131530762
2482,683,The security code is about 46 percent down from the page. Can you identify the code and tell it to me? Thanks.,0,0.14608724415302277,0.0,0.16451644897460938,6.470016956329346,0.14804719388484955,3.4421334266662598,0.2598256468772888,12.447620391845703
2483,2344,Kind of coffeemate is this?,1,0.2628418505191803,0.0,0.30404165387153625,6.470016956329346,0.33111974596977234,4.2057037353515625,0.36658975481987,11.016783714294434
2484,3701,"So this is a test I hope this machine works, I hope this camera works, can anyone tell me if the camera works, many thanks.",1,0.12252321094274521,0.0,0.13477592170238495,6.470016956329346,0.13117322325706482,3.58966326713562,0.11757213622331619,16.748170852661133
2485,2135,What time is it?,0,0.14223188161849976,0.0,0.18242551386356354,6.470016956329346,0.16667540371418,3.7439677715301514,0.1200256273150444,19.509349822998047
2486,3164,Kind of dog is this?,1,0.20434190332889557,0.0,0.24508501589298248,6.470016956329346,0.2568320035934448,4.4043965339660645,0.32423537969589233,13.186110496520996
2487,2356,Which bill is this?,0,0.36296921968460083,0.0,0.43782350420951843,6.470016956329346,0.4073334336280823,4.265562534332275,0.2254166156053543,16.213525772094727
2488,3268,What is it?,1,0.2628418505191803,0.0,0.3923368453979492,6.470016956329346,0.37022536993026733,5.031768321990967,0.5389832258224487,16.081567764282227
2489,4047,What is the flavor of this?,1,0.1710611879825592,0.0,0.2628418505191803,6.470016956329346,0.2538610100746155,5.128880023956299,0.32766830921173096,14.72525405883789
2490,4009,What is this?,1,0.3106943964958191,0.0,0.41869691014289856,6.470016956329346,0.4339814782142639,5.639625549316406,0.6513549089431763,16.96364402770996
2491,3837,How many ounces is this?,1,0.12252321094274521,0.0,0.16238002479076385,6.470016956329346,0.13117322325706482,3.459998846054077,0.18126320838928223,15.26746654510498
2492,1192,What is the flavor of this chobani yogurt? Chobani is the brand not the flavor.,1,0.3380771279335022,0.0,0.39981165528297424,6.470016956329346,0.3775406777858734,3.75130295753479,0.5195213556289673,13.869089126586914
2493,641,What is it?,1,0.2628418505191803,0.0,0.3557748794555664,6.470016956329346,0.34510529041290283,4.860912322998047,0.6442251205444336,16.47296142578125
2494,1522,Is that a paper?,1,0.18952108919620514,0.0,0.22270014882087708,6.470016956329346,0.20434190332889557,3.5314908027648926,0.2568320035934448,14.9512939453125
2495,697,What is the name of that?,0,0.18713268637657166,0.0,0.22000709176063538,6.470016956329346,0.19682620465755463,3.458406925201416,0.09534946084022522,13.765780448913574
2496,1519,Can you tell me the expiration date if you can see it on this milk cap?,0,0.08035746961832047,0.0,0.09138210862874985,6.470016956329346,0.08269733935594559,3.469125986099243,0.16885696351528168,15.799375534057617
2497,3776,What is this?,1,0.19930800795555115,0.0,0.2845759987831116,6.470016956329346,0.28776782751083374,5.209296703338623,0.30404165387153625,16.685989379882812
2498,3892,What does this menu say please?,0,0.37387582659721375,0.0,0.4148988127708435,6.470016956329346,0.39981165528297424,3.451357841491699,0.23651622235774994,14.650714874267578
2499,2248,What is this on the paper?,1,0.24798743426799774,0.0,0.3106943964958191,6.470016956329346,0.29746994376182556,4.099675178527832,0.37022536993026733,14.747714042663574
2500,4146,What flavor of pop tarts are these?,0,0.06187598407268524,0.0,0.06656918674707413,6.470016956329346,0.06371499598026276,3.4734692573547363,0.08210662752389908,16.891834259033203
2501,3715,Now record a question. Read the text on the picture. And then double tap.,0,0.30404165387153625,0.0,0.3415825068950653,6.470016956329346,0.32766830921173096,3.57114839553833,0.2751297354698181,10.016822814941406
2502,2648,What does this say?,1,0.4073334336280823,0.0,0.4843800961971283,6.470016956329346,0.46490156650543213,4.173594951629639,0.8175744414329529,15.992935180664062
2503,3964,What page numbers displayed on this paper? Thank you.,0,0.2658804953098297,0.0,0.30074557662010193,6.470016956329346,0.28140559792518616,3.4673821926116943,0.23651622235774994,11.275516510009766
2504,1373,What is this?,0,0.18476751446723938,0.0,0.24798743426799774,6.470016956329346,0.230919748544693,4.149110794067383,0.19682620465755463,16.887760162353516
2505,2045,What seasoning is this?,1,0.2146914154291153,0.0,0.29098084568977356,6.470016956329346,0.2689414322376251,3.7988264560699463,0.35220178961753845,13.802170753479004
2506,1165,What is this?,0,0.1755380630493164,0.0,0.2568320035934448,6.470016956329346,0.230919748544693,4.509617805480957,0.18010665476322174,16.737070083618164
2507,1174,Please tell me the color of the jeans and the shirt and whether they match with each other.  Thank you.,1,0.42250463366508484,0.0,0.4882833957672119,6.470016956329346,0.5039061903953552,4.884646892547607,0.38861799240112305,10.644158363342285
2508,1291,What is the name of this product? Thank you. ,0,0.30074557662010193,0.0,0.36658975481987,6.470016956329346,0.3345894515514374,3.494250535964966,0.21733751893043518,13.430465698242188
2509,2367,Do I need to go to the right or left to get to the heavy load end.  About how far do you think?,1,0.19930800795555115,0.0,0.2568320035934448,6.470016956329346,0.230919748544693,3.8058435916900635,0.230919748544693,15.269956588745117
2510,2180,The candle?,1,0.32423537969589233,0.0,0.3849121630191803,6.470016956329346,0.36658975481987,4.044188976287842,0.531209409236908,14.463544845581055
2511,3234,"Can you tell me what number it is, thank you?",1,0.2018132209777832,0.0,0.22815649211406708,6.470016956329346,0.2393493503332138,4.258985996246338,0.3208213150501251,17.767704010009766
2512,4109,"What is this vitamin jar, please?",1,0.5273165106773376,0.0,0.5926666259765625,6.470016956329346,0.622459352016449,4.48112154006958,0.622459352016449,12.682292938232422
2513,3910,How do you cook this pizza?,0,0.13117322325706482,0.0,0.1540575623512268,6.470016956329346,0.14608724415302277,3.5540716648101807,0.13477592170238495,19.941417694091797
2514,2288,What is this?,1,0.3106943964958191,0.0,0.4073334336280823,6.470016956329346,0.4455295503139496,6.118727207183838,0.46490156650543213,16.00804901123047
2515,4055,Here is another picture. Positive or negative?,1,0.17328819632530212,0.0,0.19436782598495483,6.470016956329346,0.1919327974319458,3.620648145675659,0.16885696351528168,14.577584266662598
2516,2139,What is this?,1,0.24508501589298248,0.0,0.314050555229187,6.470016956329346,0.3345894515514374,5.445775508880615,0.5039061903953552,16.87420082092285
2517,446,"Can you see if there's a year and date, and the team that Ricky Henderson is on, on the back of this baseball card? Thank you.",1,0.35220178961753845,0.0,0.4148988127708435,6.470016956329346,0.4035668969154358,3.913337230682373,0.6619228720664978,17.986452102661133
2518,1355,What color is this?,1,0.3106943964958191,0.0,0.38861799240112305,6.470016956329346,0.37387582659721375,4.355824947357178,0.42250463366508484,12.17432975769043
2519,2268,May I know what is this please?,1,0.36658975481987,0.0,0.4339814782142639,6.470016956329346,0.47268345952033997,5.867516994476318,0.7122321724891663,18.952648162841797
2520,2370,What is this called?,1,0.23370634019374847,0.0,0.24077460169792175,6.470016956329346,0.27202457189559937,4.547550678253174,0.2991051971912384,15.394186973571777
2521,1893,"What color is this shirt, please?",1,0.27202457189559937,0.0,0.36296921968460083,6.470016956329346,0.3593641519546509,4.732535362243652,0.32423537969589233,11.531563758850098
2522,2662,Could you tell me who this to and from please?,0,0.2598256468772888,0.0,0.29746994376182556,6.470016956329346,0.28140559792518616,3.5064868927001953,0.18476751446723938,11.108925819396973
2523,899,What is the library card number?,0,0.12252321094274521,0.0,0.16238002479076385,6.470016956329346,0.12252321094274521,3.459186315536499,0.13939638435840607,18.142194747924805
2524,277,What does this screen look like?,0,0.2845759987831116,0.0,0.3593641519546509,6.470016956329346,0.3486451506614685,4.22283935546875,0.30074557662010193,16.517351150512695
2525,2006,What brand of cat food is this?,0,0.4263215959072113,0.0,0.49609383940696716,6.470016956329346,0.49218812584877014,3.6815946102142334,0.1710611879825592,17.61420440673828
2526,1370,"Hey, could you tell me what kind of bottle this is?",1,0.31742629408836365,0.0,0.3849121630191803,6.470016956329346,0.4073334336280823,4.45011043548584,0.46490156650543213,19.670560836791992
2527,3613,What kind of coffee is this?,1,0.24798743426799774,0.0,0.30074557662010193,6.470016956329346,0.31742629408836365,4.096052646636963,0.2782568037509918,13.95563793182373
2528,3914,What color is the battery charging light?,1,0.3593641519546509,0.0,0.4263215959072113,6.470016956329346,0.4148988127708435,4.017088413238525,0.5,14.157726287841797
2529,2715,What does the screen say?,0,0.20434190332889557,0.0,0.3073580265045166,6.470016956329346,0.25091278553009033,3.776864528656006,0.12421300262212753,18.259843826293945
2530,524,What is the app on the top left?,1,0.29746994376182556,0.0,0.37022536993026733,6.470016956329346,0.3208213150501251,3.9081132411956787,0.6001883149147034,17.05622100830078
2531,702,What is it?,1,0.2598256468772888,0.0,0.3812195658683777,6.470016956329346,0.36658975481987,5.196651458740234,0.5,16.243125915527344
2532,3950,What is the color of my grandson's shirt? He is turning 10 today and I want to make sure I can take him out in public.,1,0.18713268637657166,0.0,0.20689405500888824,6.470016956329346,0.23370634019374847,4.657716274261475,0.2568320035934448,16.60416603088379
2533,1379,What color was that?,1,0.1755380630493164,0.0,0.20689405500888824,6.470016956329346,0.2018132209777832,3.532132148742676,0.19436782598495483,11.05226993560791
2534,1063,What is this,1,0.30404165387153625,0.0,0.3593641519546509,6.470016956329346,0.3923368453979492,5.6453166007995605,0.7279754281044006,17.492902755737305
2535,4032,Can you please tell me what the three buttons are from left to right? Thank you.,1,0.5273165106773376,0.0,0.5926666259765625,6.470016956329346,0.6039317846298218,4.228148937225342,0.7662936449050903,17.2426700592041
2536,1339,what flavor is this?,1,0.10230470448732376,0.0,0.11436852067708969,6.470016956329346,0.11436852067708969,3.8266913890838623,0.1561049073934555,14.428375244140625
2537,2057,Can you tell me the order of the buttons on this remote control?,0,0.20946969091892242,0.0,0.23651622235774994,6.470016956329346,0.22000709176063538,3.5692484378814697,0.14706452190876007,20.105098724365234
2538,505,What does this dialogue box say and what's highlighted?,1,0.39793840050697327,0.0,0.4863315522670746,6.470016956329346,0.43206340074539185,3.734020709991455,0.6057990789413452,8.623364448547363
2539,3251,Which remote is this?,1,0.36296921968460083,0.0,0.4339814782142639,6.470016956329346,0.42250463366508484,4.532559871673584,0.6039317846298218,13.350801467895508
2540,1521,Would you mind telling me which iCarly DVD I have in my hand? Thank you.,1,0.29746994376182556,0.0,0.3593641519546509,6.470016956329346,0.38861799240112305,5.11233377456665,0.5234203934669495,16.89124298095703
2541,3140,What is this?,1,0.3106943964958191,0.0,0.42250463366508484,6.470016956329346,0.4687906503677368,6.470910549163818,0.5583269596099854,17.329750061035156
2542,2369,What is on the ceiling?,1,0.38861799240112305,0.0,0.5156199336051941,6.470016956329346,0.4804786741733551,4.123044490814209,0.4339814782142639,12.869256973266602
2543,3248,"Can you tell what this is? If it's a gift card, does it have a dollar amount or where it's to?",1,0.4339814782142639,0.0,0.5078118443489075,6.470016956329346,0.5039061903953552,3.9582667350769043,0.7490872144699097,13.333691596984863
2544,3898,The test?,0,0.24508501589298248,0.0,0.2751297354698181,6.470016956329346,0.2598256468772888,3.4350059032440186,0.22270014882087708,16.361583709716797
2545,1462,What color is this yarn?,1,0.2146914154291153,0.0,0.27202457189559937,6.470016956329346,0.2751297354698181,4.3010783195495605,0.24798743426799774,11.672612190246582
2546,3294,Which one is the salt? The left or right?,1,0.30074557662010193,0.0,0.4339814782142639,6.470016956329346,0.3923368453979492,4.075583457946777,0.23651622235774994,9.502327919006348
2547,1343,What button is Mountain Dew?,1,0.20689405500888824,0.0,0.230919748544693,6.470016956329346,0.20689405500888824,3.468689441680908,0.23651622235774994,13.40512466430664
2548,3283,What does this say?,1,0.18713268637657166,0.0,0.22270014882087708,6.470016956329346,0.2146914154291153,3.647204637527466,0.44167301058769226,16.956520080566406
2549,925,Where can I enter my password?,0,0.1710611879825592,0.0,0.19436782598495483,6.470016956329346,0.18476751446723938,3.539921522140503,0.09877259284257889,14.782207489013672
2550,1446,what's the name,0,0.27202457189559937,0.0,0.31742629408836365,6.470016956329346,0.29746994376182556,3.9285638332366943,0.15921740233898163,15.046463012695312
2551,435,What is displayed on my screen?,1,0.2845759987831116,0.0,0.4073334336280823,6.470016956329346,0.3486451506614685,3.8609189987182617,0.4263215959072113,16.20069122314453
2552,2416,What's this?,1,0.39981165528297424,0.0,0.44167301058769226,6.470016956329346,0.46490156650543213,5.377472400665283,0.5736784338951111,15.42148494720459
2553,2982,could you tell me what temperature set on fine,1,0.1540575623512268,0.0,0.17781086266040802,6.470016956329346,0.17781086266040802,4.607414245605469,0.3345894515514374,17.912147521972656
2554,2312,What denomination is this bill?,1,0.29098084568977356,0.0,0.35220178961753845,6.470016956329346,0.35220178961753845,4.296706199645996,0.22270014882087708,13.257888793945312
2555,659,What are those letters?,0,0.17328819632530212,0.0,0.2146914154291153,6.470016956329346,0.1919327974319458,3.440352201461792,0.20689405500888824,15.041196823120117
2556,443,What does it say on this computer monitor?,0,0.18242551386356354,0.0,0.21733751893043518,6.470016956329346,0.19930800795555115,3.46274471282959,0.2018132209777832,18.98480987548828
2557,3292,What product is this and what ingredients do I need/,0,0.5506073832511902,0.0,0.6406359076499939,6.470016956329346,0.6334102749824524,4.4416046142578125,0.2465333491563797,15.043268203735352
2558,2273,what is this?,1,0.22815649211406708,0.0,0.3208213150501251,6.470016956329346,0.32766830921173096,5.577874660491943,0.4493926465511322,16.557682037353516
2559,1323,"Screen, thank you.",0,0.29746994376182556,0.0,0.32423537969589233,6.470016956329346,0.32766830921173096,3.9497618675231934,0.3775406777858734,15.429067611694336
2560,2250,What does the thermostat say?,0,0.08509904146194458,0.0,0.09009299427270889,6.470016956329346,0.08882028609514236,3.471356153488159,0.13660839200019836,16.79852294921875
2561,3246,What type of snack is this?,1,0.41869691014289856,0.0,0.4882833957672119,6.470016956329346,0.531209409236908,5.023235321044922,0.39606815576553345,13.172210693359375
2562,2145,What is in this can?,0,0.14804719388484955,0.0,0.19930800795555115,6.470016956329346,0.17328819632530212,3.675053596496582,0.09009299427270889,19.348079681396484
2563,2435,What is in this container?,1,0.19436782598495483,0.0,0.2538610100746155,6.470016956329346,0.2393493503332138,4.303462028503418,0.2422056347131729,13.231480598449707
2564,3595,What is this a can of?,1,0.37387582659721375,0.0,0.5,6.470016956329346,0.47268345952033997,4.21510124206543,0.44167301058769226,16.005008697509766
2565,612,"Hi, do you see a serial number? It should say SN and then WX on this passport. Thank you.",0,0.12252321094274521,0.0,0.13477592170238495,6.470016956329346,0.1276526302099228,3.440838098526001,0.14033624529838562,13.502893447875977
2566,3550,What is this?,1,0.1208532303571701,0.0,0.18952108919620514,6.470016956329346,0.2018132209777832,5.657426834106445,0.3557748794555664,16.789518356323242
2567,2198,What numbers are on my lock right now?,0,0.07807815819978714,0.0,0.09009299427270889,6.470016956329346,0.08269733935594559,3.4371373653411865,0.2465333491563797,19.03898811340332
2568,3915,It's color?,1,0.2782568037509918,0.0,0.36296921968460083,6.470016956329346,0.3380771279335022,4.874377250671387,0.43782350420951843,16.379783630371094
2569,2260,Is this Kraft Classic or Kraft Free Catalina?,1,0.1259227693080902,0.0,0.12252321094274521,6.470016956329346,0.13660839200019836,3.5321080684661865,0.08269733935594559,12.529052734375
2570,4166,What is the pattern on this pillow?,1,0.36658975481987,0.0,0.4493926465511322,6.470016956329346,0.46101680397987366,4.792149543762207,0.43014732003211975,15.487671852111816
2571,79,"Can see what's on the screen, like is it a log in screen or anything like that? Thank you.",1,0.2598256468772888,0.0,0.29746994376182556,6.470016956329346,0.29421496391296387,4.1199750900268555,0.37022536993026733,16.919309616088867
2572,3163,what is this?,1,0.17328819632530212,0.0,0.22815649211406708,6.470016956329346,0.2422056347131729,5.66030216217041,0.29098084568977356,17.979394912719727
2573,2014,What is this picture of?,0,0.2120688110589981,0.0,0.28776782751083374,6.470016956329346,0.2538610100746155,4.087743759155273,0.23792991042137146,15.92070198059082
2574,4129,"I wanna know exactly what I'm seeing, but I'm not real sure right now because I just started.",1,0.230919748544693,0.0,0.230919748544693,6.470016956329346,0.2393493503332138,3.9444665908813477,0.4882833957672119,16.116283416748047
2575,3539,What is this?,1,0.30074557662010193,0.0,0.3923368453979492,6.470016956329346,0.42250463366508484,6.2708892822265625,0.6150878667831421,16.155988693237305
2576,3293,What's this?,1,0.3849121630191803,0.0,0.43014732003211975,6.470016956329346,0.4532618820667267,5.603693962097168,0.66888028383255,15.2931547164917
2577,609,Whats showing on the computer screen?,1,0.2782568037509918,0.0,0.37022536993026733,6.470016956329346,0.3557748794555664,4.1938371658325195,0.3812195658683777,15.171459197998047
2578,2341,Can you tell me whats on this CD?,1,0.21733751893043518,0.0,0.29746994376182556,6.470016956329346,0.2538610100746155,3.603780746459961,0.5,18.994382858276367
2579,566,What is the hours on this download,1,0.2146914154291153,0.0,0.2782568037509918,6.470016956329346,0.27202457189559937,4.26042366027832,0.2782568037509918,14.977224349975586
2580,1420,What color is this?,1,0.17781086266040802,0.0,0.22815649211406708,6.470016956329346,0.20946969091892242,3.642293691635132,0.22815649211406708,12.112406730651855
2581,3653,What is this?,1,0.17781086266040802,0.0,0.24508501589298248,6.470016956329346,0.27202457189559937,5.754125118255615,0.30074557662010193,16.235980987548828
2582,1442,"What type of, brand of fish is this?",0,0.18010665476322174,0.0,0.2120688110589981,6.470016956329346,0.2120688110589981,3.6493141651153564,0.11047115176916122,15.221717834472656
2583,3101,What did I just take a picture of,1,0.2422056347131729,0.0,0.29421496391296387,6.470016956329346,0.2845759987831116,3.707141637802124,0.30074557662010193,17.277463912963867
2584,1538,What is on my screen?,1,0.37022536993026733,0.0,0.4843800961971283,6.470016956329346,0.47268345952033997,4.565353870391846,0.5851011276245117,16.333419799804688
2585,4141,Is this currently set on the off position?,1,0.13660839200019836,0.0,0.14804719388484955,6.470016956329346,0.1540575623512268,4.345724105834961,0.1276526302099228,14.088408470153809
2586,3245,What color is this?,1,0.314050555229187,0.0,0.3923368453979492,6.470016956329346,0.3812195658683777,4.416446208953857,0.3486451506614685,12.362403869628906
2587,4036,What is this? It's from Schwans.,1,0.4882833957672119,0.0,0.5273165106773376,6.470016956329346,0.562176525592804,4.413332939147949,0.6297746300697327,14.285573959350586
2588,604,Can you tell me what's on this computer screen please?,1,0.4339814782142639,0.0,0.5,6.470016956329346,0.5,4.461030006408691,0.5428633093833923,17.385194778442383
2589,3288,What's in this bag? Thanks.,1,0.35220178961753845,0.0,0.4148988127708435,6.470016956329346,0.4263215959072113,5.113773822784424,0.47268345952033997,15.384964942932129
2590,564,"Please, I need to know what is the telephone number at this picture?  Thank you.",1,0.10230470448732376,0.0,0.11124120652675629,6.470016956329346,0.1037486270070076,3.466625452041626,0.05921025201678276,15.693310737609863
2591,2394,Can you please tell me if this thermostat is set to cool and what the readings are? Thank you.,1,0.18952108919620514,0.0,0.2146914154291153,6.470016956329346,0.20689405500888824,4.416971206665039,0.2658804953098297,18.41720962524414
2592,2103,Can you tell me what these are called?,1,0.41869691014289856,0.0,0.5078118443489075,6.470016956329346,0.5156199336051941,4.2093939781188965,0.4263215959072113,17.18671417236328
2593,3566,Is my desktop screen showing up?  Thanks.,1,0.38861799240112305,0.0,0.4148988127708435,6.470016956329346,0.4532618820667267,4.100671768188477,0.39981165528297424,15.233111381530762
2594,1951,What color is this?,1,0.314050555229187,0.0,0.3923368453979492,6.470016956329346,0.37387582659721375,4.147575855255127,0.3849121630191803,11.154172897338867
2595,621,Have the check disk command completed and were there any messages or errors shown?,0,0.2598256468772888,0.0,0.32423537969589233,6.470016956329346,0.2845759987831116,3.46689510345459,0.29746994376182556,18.77608299255371
2596,610,What's this say?,1,0.2393493503332138,0.0,0.2782568037509918,6.470016956329346,0.2658804953098297,3.682439088821411,0.3775406777858734,11.715478897094727
2597,634,What is the kaptcha result?,0,0.1540575623512268,0.0,0.17328819632530212,6.470016956329346,0.1561049073934555,3.447298765182495,0.15002882480621338,16.70551872253418
2598,1563,What color are these wine glasses?,1,0.25091278553009033,0.0,0.31742629408836365,6.470016956329346,0.32423537969589233,4.964296817779541,0.21733751893043518,15.163392066955566
2599,619,What kind of food is in this can?,1,0.35220178961753845,0.0,0.43782350420951843,6.470016956329346,0.4493926465511322,4.951549530029297,0.41869691014289856,13.69492244720459
2600,4018,What is this?,1,0.20946969091892242,0.0,0.28140559792518616,6.470016956329346,0.2598256468772888,4.199138641357422,0.3849121630191803,14.21716022491455
2601,2378,What color are the pair of pants that I'm wearing,1,0.28140559792518616,0.0,0.33111974596977234,6.470016956329346,0.32766830921173096,4.281789779663086,0.2689414322376251,12.76952838897705
2602,638,Is this iPhone or Nokia?,1,0.19436782598495483,0.0,0.19682620465755463,6.470016956329346,0.2146914154291153,4.134165287017822,0.14033624529838562,10.689659118652344
2603,568,What does it say on the screen?,1,0.41869691014289856,0.0,0.49609383940696716,6.470016956329346,0.4804786741733551,3.9250495433807373,0.6992543935775757,14.516901969909668
2604,1511,In this box.,1,0.230919748544693,0.0,0.2751297354698181,6.470016956329346,0.25091278553009033,3.6904115676879883,0.22815649211406708,12.78787899017334
2605,6,What the screen says? Thank you.,1,0.2146914154291153,0.0,0.25091278553009033,6.470016956329346,0.23370634019374847,3.638517141342163,0.21733751893043518,13.712700843811035
2606,1427,What is this bottle?,1,0.3415825068950653,0.0,0.4493926465511322,6.470016956329346,0.45713675022125244,5.544214248657227,0.43782350420951843,13.745709419250488
2607,4168,What color is the shirt?,1,0.07696083933115005,0.0,0.08756384998559952,6.470016956329346,0.08756384998559952,3.5164568424224854,0.05964694544672966,12.47456169128418
2608,4136,What gift card is this?,1,0.3849121630191803,0.0,0.46101680397987366,6.470016956329346,0.4532618820667267,4.999636650085449,0.5389832258224487,15.781770706176758
2609,2314,Where on this screen do I accept the license terms for Windows?,1,0.2782568037509918,0.0,0.3557748794555664,6.470016956329346,0.3073580265045166,3.6762912273406982,0.30404165387153625,13.707462310791016
2610,3186,What is this?,1,0.32423537969589233,0.0,0.43014732003211975,6.470016956329346,0.47268345952033997,6.056050777435303,0.562176525592804,17.21945571899414
2611,2213,I know this is a charger for something. Does it say anything in the picture that I just took that says what kind of a charger it is? Thank you.,1,0.12252321094274521,0.0,0.15002882480621338,6.470016956329346,0.13477592170238495,3.6224348545074463,0.2254166156053543,15.790815353393555
2612,4106,what is this and how many things are in each shelf?,1,0.35220178961753845,0.0,0.44167301058769226,6.470016956329346,0.41869691014289856,4.178598403930664,0.8006919622421265,12.970958709716797
2613,1569,What is this?,0,0.32423537969589233,0.0,0.41869691014289856,6.470016956329346,0.45713675022125244,6.1189961433410645,0.2538610100746155,16.948884963989258
2614,485,What's on the screen?,1,0.4148988127708435,0.0,0.49609383940696716,6.470016956329346,0.4687906503677368,4.131381988525391,0.4532618820667267,13.514286994934082
2615,464,Can you tell me what this message says on my computer screen?,1,0.32423537969589233,0.0,0.3923368453979492,6.470016956329346,0.3923368453979492,4.144795894622803,0.562176525592804,14.073768615722656
2616,902,Did I win?,1,0.13477592170238495,0.0,0.14223188161849976,6.470016956329346,0.15002882480621338,4.4095683097839355,0.14608724415302277,15.29952621459961
2617,3290,What's this?,1,0.29098084568977356,0.0,0.31742629408836365,6.470016956329346,0.31742629408836365,4.319658279418945,0.5195213556289673,14.585334777832031
2618,2976,What does this label say?,0,0.27202457189559937,0.0,0.3380771279335022,6.470016956329346,0.28776782751083374,3.471356153488159,0.1540575623512268,17.46446418762207
2619,2068,What's on the back of that card?,0,0.09268777817487717,0.0,0.10521053522825241,6.470016956329346,0.09807932376861572,3.468585252761841,0.06187598407268524,16.968677520751953
2620,2744,What color is this?,1,0.3345894515514374,0.0,0.4263215959072113,6.470016956329346,0.41869691014289856,4.72113037109375,0.3923368453979492,11.057904243469238
2621,1414,What kind of cookies are these?,1,0.16667540371418,0.0,0.20434190332889557,6.470016956329346,0.22270014882087708,4.360575199127197,0.1561049073934555,13.321868896484375
2622,2850,What is this bottle? ,0,0.17781086266040802,0.0,0.20689405500888824,6.470016956329346,0.2146914154291153,4.084251403808594,0.19930800795555115,18.161224365234375
2623,4114,What is the expiration date?,1,0.2538610100746155,0.0,0.32423537969589233,6.470016956329346,0.2689414322376251,3.606651544570923,0.2658804953098297,15.423813819885254
2624,1486,What is this?,1,0.23370634019374847,0.0,0.314050555229187,6.470016956329346,0.34510529041290283,6.01194429397583,0.49609383940696716,16.770780563354492
2625,2361,Could you read what's on this charger?,0,0.12940272688865662,0.0,0.14414885640144348,6.470016956329346,0.13477592170238495,3.55792498588562,0.1710611879825592,16.973224639892578
2626,676,What is this?,0,0.22000709176063538,0.0,0.30404165387153625,6.470016956329346,0.2751297354698181,4.128942966461182,0.18952108919620514,17.079578399658203
2627,580,What's on my computer screen?,1,0.2658804953098297,0.0,0.3557748794555664,6.470016956329346,0.3208213150501251,4.3574604988098145,0.3593641519546509,14.46589469909668
2628,897,Yes this is an image from google maps. I need a detailed description of the image. Thank you.,1,0.3593641519546509,0.0,0.4073334336280823,6.470016956329346,0.4073334336280823,4.109897136688232,0.665410578250885,14.27235221862793
2629,3172,What color is this?,1,0.2393493503332138,0.0,0.3073580265045166,6.470016956329346,0.2845759987831116,3.8601205348968506,0.2628418505191803,11.270550727844238
2630,1433,"Is it sunny outside, and what time does the sun set in Dallas, TX?",1,0.38861799240112305,0.0,0.43782350420951843,6.470016956329346,0.45713675022125244,4.102225303649902,0.6113819479942322,14.21678638458252
2631,3318,What is the title of this book?,0,0.1859472095966339,0.0,0.230919748544693,6.470016956329346,0.19682620465755463,3.469118356704712,0.17895591259002686,13.534605979919434
2632,578,What is the access code?,0,0.14223188161849976,0.0,0.1755380630493164,6.470016956329346,0.15002882480621338,3.448213815689087,0.1233656108379364,16.81597328186035
2633,1223,What do you see?,1,0.24508501589298248,0.0,0.3073580265045166,6.470016956329346,0.28140559792518616,4.050118446350098,0.7690802216529846,16.666240692138672
2634,4017,What product is this?,1,0.39606815576553345,0.0,0.5,6.470016956329346,0.4882833957672119,4.985955715179443,0.5774953961372375,13.231257438659668
2635,1537,What is in this can?,1,0.2393493503332138,0.0,0.31742629408836365,6.470016956329346,0.29098084568977356,4.445920467376709,0.32766830921173096,12.740650177001953
2636,2334,Where is this wine coming from?,1,0.1919327974319458,0.0,0.2628418505191803,6.470016956329346,0.2422056347131729,3.705475330352783,0.3259495198726654,12.771575927734375
2637,3997,What kind of pizza is this?,1,0.3106943964958191,0.0,0.3849121630191803,6.470016956329346,0.41111084818840027,5.069124698638916,0.4073334336280823,14.974693298339844
2638,3853,What kind of dog treats are these?,1,0.22000709176063538,0.0,0.24798743426799774,6.470016956329346,0.2782568037509918,4.014827251434326,0.21733751893043518,12.26339340209961
2639,655,Please tell me what's on my screen.,0,0.21733751893043518,0.0,0.2628418505191803,6.470016956329346,0.2538610100746155,4.091662883758545,0.1766716092824936,14.649266242980957
2640,4095,What is this?,1,0.2393493503332138,0.0,0.3380771279335022,6.470016956329346,0.36658975481987,5.751051902770996,0.3647775948047638,16.643239974975586
2641,1567,What is this product?,0,0.18713268637657166,0.0,0.28140559792518616,6.470016956329346,0.2120688110589981,3.577770471572876,0.1233656108379364,17.182477951049805
2642,1351,Is this regular or decaffeinated coffee?,1,0.1919327974319458,0.0,0.18476751446723938,6.470016956329346,0.20434190332889557,3.515150308609009,0.13477592170238495,10.705259323120117
2643,2297,Can you please tell me what kind of tea this is?,1,0.29421496391296387,0.0,0.37022536993026733,6.470016956329346,0.42250463366508484,6.026669502258301,0.5117166042327881,17.872081756591797
2644,2364,What is this product?,1,0.2018132209777832,0.0,0.30074557662010193,6.470016956329346,0.28776782751083374,5.2411394119262695,0.30404165387153625,14.491317749023438
2645,2803,What color is this?,1,0.2782568037509918,0.0,0.3557748794555664,6.470016956329346,0.3415825068950653,4.343883991241455,0.29098084568977356,11.42209529876709
2646,3952,What is in this bottle?,1,0.22815649211406708,0.0,0.34510529041290283,6.470016956329346,0.3073580265045166,4.2575507164001465,0.46490156650543213,12.401412963867188
2647,1539,What is this item?,0,0.11436852067708969,0.0,0.16026602685451508,6.470016956329346,0.14033624529838562,4.770868301391602,0.1030244305729866,15.92617416381836
2648,1506,What's on this box? What's the brand of this snack? Is it cereal or what? ,1,0.4882833957672119,0.0,0.562176525592804,6.470016956329346,0.5660185217857361,4.411660194396973,0.685949444770813,15.527803421020508
2649,4019,What is this?,1,0.29098084568977356,0.0,0.38861799240112305,6.470016956329346,0.42250463366508484,6.3807220458984375,0.531209409236908,16.777965545654297
2650,162,What is in this picture?,1,0.3849121630191803,0.0,0.47268345952033997,6.470016956329346,0.4843800961971283,5.552610397338867,0.66888028383255,17.034082412719727
2651,2080,What is this?,1,0.2845759987831116,0.0,0.3849121630191803,6.470016956329346,0.4532618820667267,6.859042167663574,0.31742629408836365,17.17033576965332
2652,1565,what kinda soda is this?,1,0.314050555229187,0.0,0.36658975481987,6.470016956329346,0.39606815576553345,4.636022567749023,0.3486451506614685,11.623183250427246
2653,643,what is in this picture?,1,0.2751297354698181,0.0,0.37022536993026733,6.470016956329346,0.36658975481987,5.383925914764404,0.5428633093833923,16.304962158203125
2654,3226,What is this?,1,0.34510529041290283,0.0,0.43014732003211975,6.470016956329346,0.49609383940696716,6.876594066619873,0.46490156650543213,16.569076538085938
2655,1548,What is this picture about?,1,0.2658804953098297,0.0,0.3208213150501251,6.470016956329346,0.3415825068950653,5.310356616973877,0.8418256044387817,19.895023345947266
2656,1520,What kind of soup is this?,1,0.1540575623512268,0.0,0.19436782598495483,6.470016956329346,0.19930800795555115,4.257003307342529,0.18713268637657166,14.848722457885742
2657,2048,Can you tell me what the frozen dinner is here? If you can see oven instructions for preheating the convention oven and the number of minutes that would be great to. Thank you.,1,0.2422056347131729,0.0,0.28140559792518616,6.470016956329346,0.28140559792518616,3.8268940448760986,0.34510529041290283,14.584600448608398
2658,658,What kind of bite is this?,0,0.12940272688865662,0.0,0.15817435085773468,6.470016956329346,0.14414885640144348,3.5387232303619385,0.13939638435840607,16.729419708251953
2659,725,What is this? But yes I'll fold it.,0,0.3073580265045166,0.0,0.32766830921173096,6.470016956329346,0.32423537969589233,3.53956937789917,0.39606815576553345,14.875324249267578
2660,455,What is my computer screen showing?,0,0.1710611879825592,0.0,0.2393493503332138,6.470016956329346,0.22270014882087708,3.8602921962738037,0.11596070975065231,17.967693328857422
2661,3243,What flavor is this?,1,0.12940272688865662,0.0,0.1755380630493164,6.470016956329346,0.1540575623512268,3.796623945236206,0.20946969091892242,14.405028343200684
2662,3247,What's on the screen?,1,0.05223085358738899,0.0,0.06465348601341248,6.470016956329346,0.06052938848733902,3.651846408843994,0.05033063143491745,14.482702255249023
2663,2418,What is this picture?,1,0.19682620465755463,0.0,0.24508501589298248,6.470016956329346,0.22815649211406708,4.4718523025512695,0.4455295503139496,17.682098388671875
2664,3315,What package is this?,0,0.23370634019374847,0.0,0.2845759987831116,6.470016956329346,0.2658804953098297,3.656161069869995,0.21601153910160065,16.47932243347168
2665,4077,What is that?,1,0.13846179842948914,0.0,0.230919748544693,6.470016956329346,0.21733751893043518,5.01554536819458,0.22815649211406708,15.083078384399414
2666,576,What's being displayed on the screen?,1,0.28776782751083374,0.0,0.34510529041290283,6.470016956329346,0.31742629408836365,3.463435411453247,0.29421496391296387,14.230046272277832
2667,2366,What is the name of this seasoning?,1,0.4035668969154358,0.0,0.5078118443489075,6.470016956329346,0.5078118443489075,4.823019027709961,0.5,13.554302215576172
2668,47,"How big is my TV and what is on the screen, and what is the model number, and what brand is it?",0,0.3849121630191803,0.0,0.4687906503677368,6.470016956329346,0.43014732003211975,3.6642582416534424,0.37937837839126587,18.792125701904297
2669,547,"What is this? Apple is very easy to use once  you start using it. That's the thing, but you have to start using it. Yes. Its like anything, when someone first started using the computer they couldn't use it.",1,0.24508501589298248,0.0,0.2782568037509918,6.470016956329346,0.2628418505191803,3.673708438873291,0.3812195658683777,15.236469268798828
2670,1514,What flavor is this?,1,0.18476751446723938,0.0,0.2598256468772888,6.470016956329346,0.2422056347131729,4.565861225128174,0.2751297354698181,14.892154693603516
2671,718,When does this task expire?,1,0.12421300262212753,0.0,0.15002882480621338,6.470016956329346,0.13660839200019836,3.50205135345459,0.13846179842948914,13.782322883605957
2672,3252,Is this picture on Google?,1,0.15817435085773468,0.0,0.18713268637657166,6.470016956329346,0.18010665476322174,3.9560399055480957,0.2018132209777832,12.14974594116211
2673,2348,I turned the box to the next side. Can you tell me what type of vitamin pill this is? Thank you.,1,0.31742629408836365,0.0,0.3557748794555664,6.470016956329346,0.38861799240112305,4.485032081604004,0.5195213556289673,16.9158992767334
2674,3618,Is this still white gold?,0,0.16451644897460938,0.0,0.18476751446723938,6.470016956329346,0.1755380630493164,3.9216666221618652,0.2782568037509918,13.524103164672852
2675,2432,What is in this bottle and what does the label say?,1,0.5389832258224487,0.0,0.66888028383255,6.470016956329346,0.6442251205444336,4.067058086395264,0.7341195344924927,12.895540237426758
2676,220,What's on this shirt?,0,0.1710611879825592,0.0,0.18713268637657166,6.470016956329346,0.17781086266040802,3.4439210891723633,0.0832919329404831,15.850399017333984
2677,4165,What does this can say?,0,0.3106943964958191,0.0,0.36296921968460083,6.470016956329346,0.32766830921173096,3.469268798828125,0.17895591259002686,15.852683067321777
2678,1843,What is this?,1,0.28776782751083374,0.0,0.3923368453979492,6.470016956329346,0.41869691014289856,6.087903022766113,0.581303060054779,16.34221839904785
2679,3300,What denomination is this bill?,0,0.09807932376861572,0.0,0.09947021305561066,6.470016956329346,0.09807932376861572,3.4545230865478516,0.13660839200019836,15.679291725158691
2680,480,What answers do I type in to win the prize,1,0.13660839200019836,0.0,0.16451644897460938,6.470016956329346,0.14804719388484955,3.5998215675354004,0.30074557662010193,13.711202621459961
2681,2419,What flavor is this soup?,0,0.12421300262212753,0.0,0.14804719388484955,6.470016956329346,0.13846179842948914,3.6620991230010986,0.09670579433441162,17.665241241455078
2682,4075,What color are these shoes?,1,0.2689414322376251,0.0,0.3486451506614685,6.470016956329346,0.34510529041290283,5.1400299072265625,0.29098084568977356,13.104377746582031
2683,4090,Do you see anything on this screen that says boot order?,1,0.10970577597618103,0.0,0.11920291930437088,6.470016956329346,0.11596070975065231,3.659315824508667,0.09670579433441162,12.850040435791016
2684,4158,I would like to know what this logo or patch is on this very nice sweatshirt. Thank you.,1,0.31742629408836365,0.0,0.38861799240112305,6.470016956329346,0.3849121630191803,4.378515720367432,0.6619228720664978,17.07294464111328
2685,1084,what does this say,0,0.22270014882087708,0.0,0.25091278553009033,6.470016956329346,0.23370634019374847,3.4575421810150146,0.1710611879825592,13.476325988769531
2686,498,Please read the counter.,0,0.28776782751083374,0.0,0.3380771279335022,6.470016956329346,0.3208213150501251,3.4472925662994385,0.28140559792518616,13.301880836486816
2687,3076,Can you please tell me what this letter says?  Thank you.,1,0.29746994376182556,0.0,0.36296921968460083,6.470016956329346,0.3415825068950653,4.020111560821533,0.4339814782142639,10.633859634399414
2688,3295,What does the sky look like?,1,0.27202457189559937,0.0,0.3345894515514374,6.470016956329346,0.35220178961753845,4.664804935455322,0.3106943964958191,16.00733757019043
2689,1317,what is this? what it is this?,1,0.2568320035934448,0.0,0.30404165387153625,6.470016956329346,0.32423537969589233,5.079761981964111,0.5926666259765625,16.032316207885742
2690,3934,What is this?,1,0.2146914154291153,0.0,0.28140559792518616,6.470016956329346,0.30074557662010193,5.297329425811768,0.2766905426979065,16.09498405456543
2691,2388,What is on this label?,0,0.27202457189559937,0.0,0.3345894515514374,6.470016956329346,0.29421496391296387,3.6523022651672363,0.1561049073934555,17.268251419067383
2692,4118,What flavor is this energy bar?,0,0.19682620465755463,0.0,0.23370634019374847,6.470016956329346,0.230919748544693,3.8389251232147217,0.11436852067708969,17.318912506103516
2693,3311,what can you see in the picture what can you see in the picture,1,0.1561049073934555,0.0,0.1919327974319458,6.470016956329346,0.18010665476322174,3.663590908050537,0.29421496391296387,16.555309295654297
2694,4099,What is this?,1,0.21733751893043518,0.0,0.31742629408836365,6.470016956329346,0.3557748794555664,6.440226078033447,0.3593641519546509,16.025964736938477
2695,527,Is there a visible model number on the front here?,0,0.2628418505191803,0.0,0.3106943964958191,6.470016956329346,0.29746994376182556,3.9544897079467773,0.2393493503332138,14.199780464172363
2696,3287,Can you tell me how much i weigh please? ,1,0.13660839200019836,0.0,0.1755380630493164,6.470016956329346,0.15002882480621338,3.6707794666290283,0.4804786741733551,17.642274856567383
2697,500,"Hi, can you tell me what this captcha says on the screen? I just tried one and I think it timed out, sorry about that, thank you.",1,0.2146914154291153,0.0,0.23370634019374847,6.470016956329346,0.2393493503332138,3.9246442317962646,0.2422056347131729,11.281593322753906
2698,1530,What is the name of the dietary supplement in this bottle?,0,0.36658975481987,0.0,0.44167301058769226,6.470016956329346,0.41869691014289856,3.5880675315856934,0.2351084053516388,15.934589385986328
2699,653,What is this?,1,0.18476751446723938,0.0,0.2538610100746155,6.470016956329346,0.2568320035934448,5.518364906311035,0.5,16.358823776245117
2700,4177,What color is this item please?,1,0.230919748544693,0.0,0.2689414322376251,6.470016956329346,0.2598256468772888,3.6429693698883057,0.2538610100746155,10.553906440734863
2701,2421,What does this package say?,1,0.46101680397987366,0.0,0.5467381477355957,6.470016956329346,0.5350984334945679,4.081965923309326,0.5888891220092773,12.196279525756836
2702,4175,What is the name of this lotion?,1,0.49609383940696716,0.0,0.5544704794883728,6.470016956329346,0.5467381477355957,3.912879705429077,0.5926666259765625,13.003204345703125
2703,2373,What face is this?,0,0.10230470448732376,0.0,0.10818894952535629,6.470016956329346,0.10669060051441193,3.528804063796997,0.1919327974319458,16.10995101928711
2704,4174,Do these socks match?,1,0.13846179842948914,0.0,0.15002882480621338,6.470016956329346,0.1540575623512268,4.481523036956787,0.052618954330682755,13.923041343688965
2705,3667,Tell me what color is my pillowcase.,1,0.29098084568977356,0.0,0.3486451506614685,6.470016956329346,0.3812195658683777,4.9049763679504395,0.43782350420951843,17.335500717163086
2706,142,What's in this jar please?,0,0.09268777817487717,0.0,0.10521053522825241,6.470016956329346,0.09807932376861572,3.4459714889526367,0.05582313984632492,17.800180435180664
2707,608,I'm so sorry. I don't know how to... I've never really taken a picture of this type of thing before.,0,0.19930800795555115,0.0,0.19682620465755463,6.470016956329346,0.20689405500888824,3.461528778076172,0.2538610100746155,14.701944351196289
2708,1190,What is this a picture of?What is this a picture of? A guy with a cane in his hand.,1,0.0792103260755539,0.0,0.08269733935594559,6.470016956329346,0.0838903859257698,4.3107476234436035,0.0792103260755539,13.187530517578125
2709,628,Do you see any text on the screen?,1,0.22815649211406708,0.0,0.2689414322376251,6.470016956329346,0.2658804953098297,3.7096781730651855,0.314050555229187,12.153552055358887
2710,3482,What is this?,1,0.18713268637657166,0.0,0.2628418505191803,6.470016956329346,0.2538610100746155,5.033300399780273,0.5,16.02518653869629
2711,2451,What kind of soup is this?,1,0.13477592170238495,0.0,0.1561049073934555,6.470016956329346,0.16026602685451508,4.188763618469238,0.13296423852443695,13.981195449829102
2712,2293,What is this?,1,0.30404165387153625,0.0,0.3849121630191803,6.470016956329346,0.43014732003211975,6.408329486846924,0.5195213556289673,16.77254867553711
2713,1358,What is this title?,1,0.23370634019374847,0.0,0.2628418505191803,6.470016956329346,0.24798743426799774,3.777719497680664,0.30404165387153625,10.73939323425293
2714,4066,What is this?,1,0.29746994376182556,0.0,0.3849121630191803,6.470016956329346,0.4263215959072113,5.933946132659912,0.4804786741733551,17.289249420166016
2715,366,What does it say underneath windows cannot repair this system automatically? It says start something.,0,0.36296921968460083,0.0,0.39981165528297424,6.470016956329346,0.3775406777858734,4.103840351104736,0.17328819632530212,16.691225051879883
2716,701,Who can read this for me?,1,0.230919748544693,0.0,0.2658804953098297,6.470016956329346,0.24798743426799774,3.518690824508667,0.3073580265045166,9.974625587463379
2717,497,What's this?,1,0.29098084568977356,0.0,0.3345894515514374,6.470016956329346,0.33111974596977234,4.642475128173828,0.5078118443489075,14.080989837646484
2718,717,What does this guy look like?,0,0.0627892017364502,0.0,0.07263670116662979,6.470016956329346,0.06465348601341248,3.483412504196167,0.09009299427270889,18.27886962890625
2719,3148,What is this?,1,0.19930800795555115,0.0,0.2845759987831116,6.470016956329346,0.28140559792518616,5.27719783782959,0.3557748794555664,16.67060661315918
2720,2242,What's in this bag?  ,1,0.31742629408836365,0.0,0.4073334336280823,6.470016956329346,0.43014732003211975,5.854526519775391,0.4882833957672119,13.701672554016113
2721,2321,Is this orange or grapefruit oil?,0,0.11124120652675629,0.0,0.1259227693080902,6.470016956329346,0.12421300262212753,3.6150341033935547,0.15713685750961304,13.709891319274902
2722,4188,What color is this please?,1,0.29098084568977356,0.0,0.34510529041290283,6.470016956329346,0.36658975481987,5.15321159362793,0.29098084568977356,11.747465133666992
2723,2428,What is in this can?,1,0.230919748544693,0.0,0.29746994376182556,6.470016956329346,0.2689414322376251,3.847548246383667,0.28140559792518616,14.139512062072754
2724,1470,What is this?,1,0.2658804953098297,0.0,0.36658975481987,6.470016956329346,0.36296921968460083,5.375896453857422,0.4765796661376953,16.783740997314453
2725,2190,"Hello, could you please tell what caller this is?",1,0.15203224122524261,0.0,0.18010665476322174,6.470016956329346,0.16451644897460938,3.4744086265563965,0.16238002479076385,14.08525562286377
2726,2863,What is this coin?,1,0.29421496391296387,0.0,0.39981165528297424,6.470016956329346,0.37387582659721375,4.214513778686523,0.46490156650543213,14.872871398925781
2727,391,Please tell me the model number from this label on this oven. ,1,0.3208213150501251,0.0,0.3812195658683777,6.470016956329346,0.3812195658683777,4.152113437652588,0.32423537969589233,14.034048080444336
2728,4134,What is in this can?,0,0.04535257816314697,0.0,0.05108273774385452,6.470016956329346,0.048136770725250244,3.471356153488159,0.037326883524656296,18.248620986938477
2729,583,Could I get all the characters in this one?,0,0.1259227693080902,0.0,0.13846179842948914,6.470016956329346,0.13477592170238495,3.4829156398773193,0.23651622235774994,14.381402015686035
2730,640,What is that a picture of?,1,0.14804719388484955,0.0,0.21733751893043518,6.470016956329346,0.22815649211406708,4.414897918701172,0.22815649211406708,15.518088340759277
2731,4161,What is in this can?,0,0.09534946084022522,0.0,0.11920291930437088,6.470016956329346,0.09670579433441162,3.455130100250244,0.06804042309522629,20.831636428833008
2732,2285,What can is this?,1,0.15002882480621338,0.0,0.18476751446723938,6.470016956329346,0.1919327974319458,4.319155216217041,0.1710611879825592,13.791556358337402
2733,1541,What is this?,1,0.32423537969589233,0.0,0.4493926465511322,6.470016956329346,0.47268345952033997,6.517484664916992,0.4532618820667267,17.44624900817871
2734,3580,Can you tell me what kind of cereal this is?,1,0.3557748794555664,0.0,0.4339814782142639,6.470016956329346,0.4804786741733551,5.9383392333984375,0.37387582659721375,18.328092575073242
2735,2349,What's this?,1,0.3486451506614685,0.0,0.3923368453979492,6.470016956329346,0.4148988127708435,5.487456321716309,0.6076632142066956,15.073304176330566
2736,3880,What color is this folded shed?,1,0.18952108919620514,0.0,0.22270014882087708,6.470016956329346,0.230919748544693,4.3564887046813965,0.18713268637657166,12.396197319030762
2737,252,What is that please.,0,0.3380771279335022,0.0,0.3923368453979492,6.470016956329346,0.39981165528297424,4.313209056854248,0.1710611879825592,14.62248706817627
2738,3305,Can you tell me the cooking directions for these egg rolls?,0,0.2146914154291153,0.0,0.2568320035934448,6.470016956329346,0.230919748544693,3.4763386249542236,0.230919748544693,17.49831199645996
2739,3756,Are these cheese or blueberry?,1,0.16238002479076385,0.0,0.18242551386356354,6.470016956329346,0.18010665476322174,4.164127349853516,0.12940272688865662,10.421050071716309
2740,3151,Does this strip have one or two pink lines? One can be lighter than the other one.,1,0.2120688110589981,0.0,0.23370634019374847,6.470016956329346,0.230919748544693,4.010700225830078,0.2146914154291153,14.290818214416504
2741,4197,What cheese is this?,1,0.19682620465755463,0.0,0.23651622235774994,6.470016956329346,0.24798743426799774,4.700970649719238,0.27202457189559937,14.22498607635498
2742,2907,what is this can,1,0.3106943964958191,0.0,0.3849121630191803,6.470016956329346,0.3775406777858734,4.178884983062744,0.5506073832511902,15.666773796081543
2743,2376,What is in this?,1,0.15203224122524261,0.0,0.20689405500888824,6.470016956329346,0.17781086266040802,3.765648365020752,0.20689405500888824,14.266669273376465
2744,1978,Can you tell me the sodium content of this can of food?,0,0.12421300262212753,0.0,0.1540575623512268,6.470016956329346,0.13296423852443695,3.466364622116089,0.14033624529838562,16.331199645996094
2745,2433,What is this item?,1,0.2658804953098297,0.0,0.3557748794555664,6.470016956329346,0.3415825068950653,4.690537929534912,0.32423537969589233,13.670219421386719
2746,2345,What is the title of this CD?,1,0.41869691014289856,0.0,0.5195213556289673,6.470016956329346,0.49218812584877014,4.1597676277160645,0.5506073832511902,10.111438751220703
2747,2920,What kind of coin is that?,0,0.3106943964958191,0.0,0.39981165528297424,6.470016956329346,0.39606815576553345,4.353309631347656,0.2240554690361023,17.088218688964844
2748,2442,what color is this?,1,0.33111974596977234,0.0,0.4148988127708435,6.470016956329346,0.38861799240112305,4.118837833404541,0.3775406777858734,12.581863403320312
2749,3337,"What colors are on this hat, and is there writing?",1,0.6001883149147034,0.0,0.6825737357139587,6.470016956329346,0.6757646203041077,4.371460914611816,0.7341195344924927,16.460298538208008
2750,3319,What type of crab fish fillets are these? What brand?,1,0.314050555229187,0.0,0.37022536993026733,6.470016956329346,0.3775406777858734,3.7491867542266846,0.3345894515514374,14.44666576385498
2751,561,What does the screen say?,0,0.36658975481987,0.0,0.4532618820667267,6.470016956329346,0.4339814782142639,3.8462295532226562,0.1540575623512268,18.167959213256836
2752,2446,I cannot see can you tell me if this is the left or the right headphone?,1,0.18952108919620514,0.0,0.2120688110589981,6.470016956329346,0.22000709176063538,3.974385976791382,0.20689405500888824,18.52680778503418
2753,2251,What is this? What item is this?,1,0.28776782751083374,0.0,0.3486451506614685,6.470016956329346,0.34510529041290283,4.32529878616333,0.4882833957672119,14.906745910644531
2754,2861,What is this paper?,0,0.12421300262212753,0.0,0.14414885640144348,6.470016956329346,0.12940272688865662,3.454723596572876,0.19930800795555115,14.706450462341309
2755,2290,What's his name?,0,0.08632348477840424,0.0,0.08882028609514236,6.470016956329346,0.09009299427270889,3.4596197605133057,0.08093671500682831,16.792007446289062
2756,2315,Is this college ruled?,1,0.2689414322376251,0.0,0.32423537969589233,6.470016956329346,0.30074557662010193,3.9631662368774414,0.19436782598495483,9.483357429504395
2757,3260,what kind of snake is this?,1,0.10818894952535629,0.0,0.14223188161849976,6.470016956329346,0.14033624529838562,4.208987236022949,0.10743747651576996,16.210294723510742
2758,3908,What is this?,0,0.17328819632530212,0.0,0.2422056347131729,6.470016956329346,0.22815649211406708,4.859283447265625,0.17328819632530212,17.363893508911133
2759,2828,Can you tell me what's in this can please? Thank you.,0,0.20434190332889557,0.0,0.22000709176063538,6.470016956329346,0.21733751893043518,3.44224214553833,0.1710611879825592,16.441150665283203
2760,2215,I'd like to see if you can identify this tube. Some sort of cream. ,0,0.36296921968460083,0.0,0.39981165528297424,6.470016956329346,0.39981165528297424,3.6697089672088623,0.23651622235774994,14.864075660705566
2761,2326,What color is this?,1,0.39981165528297424,0.0,0.5039061903953552,6.470016956329346,0.4843800961971283,4.7346577644348145,0.49218812584877014,12.1433687210083
2762,3987,What color are those pants?,1,0.13477592170238495,0.0,0.16026602685451508,6.470016956329346,0.1710611879825592,3.939958095550537,0.11596070975065231,10.688109397888184
2763,1475,What is this?,1,0.24508501589298248,0.0,0.3415825068950653,6.470016956329346,0.34510529041290283,5.564024925231934,0.5175709128379822,16.327835083007812
2764,4198,Are there directions on this side of the box?,0,0.20946969091892242,0.0,0.23370634019374847,6.470016956329346,0.22000709176063538,3.5205867290496826,0.18476751446723938,14.4352445602417
2765,526,What does this say?,0,0.20946969091892242,0.0,0.2568320035934448,6.470016956329346,0.22815649211406708,3.4696364402770996,0.24508501589298248,14.741048812866211
2766,2396,What is in this bottle?,1,0.1540575623512268,0.0,0.25091278553009033,6.470016956329346,0.20946969091892242,3.9427499771118164,0.32423537969589233,13.137176513671875
2767,715,"What's in this bucket? Chris, please, what flavor are there other? Thank you.",0,0.16451644897460938,0.0,0.18713268637657166,6.470016956329346,0.18010665476322174,3.4889941215515137,0.16885696351528168,14.744268417358398
2768,1452,could you tell me what's in this can please? thank you,1,0.2568320035934448,0.0,0.3073580265045166,6.470016956329346,0.29421496391296387,3.864867925643921,0.7371581792831421,20.54120445251465
2769,378,What text is on the screen?,1,0.2845759987831116,0.0,0.3415825068950653,6.470016956329346,0.3073580265045166,3.570349931716919,0.3073580265045166,11.873124122619629
2770,1503,What is this a can of?,0,0.15002882480621338,0.0,0.17781086266040802,6.470016956329346,0.16238002479076385,3.5020554065704346,0.1550784707069397,16.809612274169922
2771,1768,in this box,1,0.25091278553009033,0.0,0.28140559792518616,6.470016956329346,0.2628418505191803,3.488070011138916,0.2751297354698181,13.407636642456055
2772,930,Can you read this to me please? ,0,0.2393493503332138,0.0,0.27202457189559937,6.470016956329346,0.25091278553009033,3.454709053039551,0.34334173798561096,14.901318550109863
2773,2259,Whats in this can?,1,0.23651622235774994,0.0,0.3106943964958191,6.470016956329346,0.3073580265045166,5.0751495361328125,0.29421496391296387,12.561025619506836
2774,1607,I wonder the brand of this computer.,1,0.22000709176063538,0.0,0.27202457189559937,6.470016956329346,0.2845759987831116,4.609869956970215,0.36296921968460083,16.16336441040039
2775,249,What does the label say on this electronic component?,1,0.39981165528297424,0.0,0.4882833957672119,6.470016956329346,0.4493926465511322,3.5023629665374756,0.596433162689209,15.807731628417969
2776,692,What does this say?,0,0.1490352898836136,0.0,0.17781086266040802,6.470016956329346,0.15817435085773468,3.4615793228149414,0.19559407234191895,15.328731536865234
2777,2406,What does the soap bottle say on it?,1,0.39981165528297424,0.0,0.47268345952033997,6.470016956329346,0.42250463366508484,3.471356153488159,0.5888891220092773,14.83558177947998
2778,3962,What is this?,1,0.2689414322376251,0.0,0.35220178961753845,6.470016956329346,0.3775406777858734,5.253487586975098,0.5350984334945679,16.276063919067383
2779,2401,What's this?,1,0.2658804953098297,0.0,0.2845759987831116,6.470016956329346,0.30074557662010193,4.71082878112793,0.4882833957672119,15.769145965576172
2780,1437,What is this? Is it accurate of a picture of my phone? Thank you.,0,0.230919748544693,0.0,0.24508501589298248,6.470016956329346,0.2538610100746155,3.9333624839782715,0.28298813104629517,14.937446594238281
2781,4067,In this bottle.,0,0.28140559792518616,0.0,0.314050555229187,6.470016956329346,0.29746994376182556,3.4827470779418945,0.19436782598495483,18.390697479248047
2782,2136,What's on the computer screen?,1,0.2628418505191803,0.0,0.34510529041290283,6.470016956329346,0.30074557662010193,3.586151123046875,0.32423537969589233,13.487142562866211
2783,1504,"Hi, can you tell me what color this t-shirt is, please?",1,0.4035668969154358,0.0,0.46490156650543213,6.470016956329346,0.5039061903953552,5.277638912200928,0.4263215959072113,16.586589813232422
2784,3159,i know this is bre but what flavor of brie is it please?,1,0.08882028609514236,0.0,0.09807932376861572,6.470016956329346,0.08882028609514236,3.4805264472961426,0.14223188161849976,15.149968147277832
2785,4157,What popcorn is this?,0,0.08882028609514236,0.0,0.09268777817487717,6.470016956329346,0.09268777817487717,3.4684669971466064,0.16667540371418,16.373821258544922
2786,111,what kind of medication is this?,0,0.0627892017364502,0.0,0.08632348477840424,6.470016956329346,0.06954174488782883,3.4696877002716064,0.07316471636295319,18.193145751953125
2787,3289,What color are these pants?  I didn't ask.,1,0.22000709176063538,0.0,0.2393493503332138,6.470016956329346,0.24798743426799774,4.188277244567871,0.2598256468772888,14.01259994506836
2788,2262,What is the color for this keyboard?,1,0.3486451506614685,0.0,0.4148988127708435,6.470016956329346,0.3923368453979492,3.9512314796447754,0.36296921968460083,11.992226600646973
2789,1376,Can you read this?,1,0.35220178961753845,0.0,0.4148988127708435,6.470016956329346,0.3923368453979492,4.311575889587402,0.6076632142066956,14.131829261779785
2790,1513,What type of Doritos are these?,1,0.2628418505191803,0.0,0.3106943964958191,6.470016956329346,0.32423537969589233,4.6609344482421875,0.30074557662010193,14.718770980834961
2791,2470,What color is this?,1,0.30074557662010193,0.0,0.3849121630191803,6.470016956329346,0.36658975481987,4.294740200042725,0.3380771279335022,11.619998931884766
2792,3099,What does this shirt say?,1,0.4455295503139496,0.0,0.5350984334945679,6.470016956329346,0.5273165106773376,4.660979270935059,0.7772998809814453,14.082329750061035
2793,4056,What's this chairs color?,1,0.21733751893043518,0.0,0.2254166156053543,6.470016956329346,0.24508501589298248,3.718510627746582,0.19682620465755463,11.197866439819336
2794,961,Hello there. What's written on the screen please? Thank you very much.,1,0.4493926465511322,0.0,0.5117166042327881,6.470016956329346,0.5039061903953552,4.533083438873291,0.5698526501655579,17.05769157409668
2795,1776,What is in this box?,1,0.23370634019374847,0.0,0.31742629408836365,6.470016956329346,0.314050555229187,4.918272018432617,0.30074557662010193,14.890336036682129
2796,1592,What's that brand name say? I'd like to know what company made that stereo.,1,0.531209409236908,0.0,0.6187804341316223,6.470016956329346,0.637030839920044,4.863016128540039,0.7122321724891663,14.523563385009766
2797,1570,What is this?,0,0.15817435085773468,0.0,0.22815649211406708,6.470016956329346,0.22270014882087708,5.209634304046631,0.19436782598495483,17.447233200073242
2798,2131,IS there shampoo or shower gel in this bottle please?,0,0.0534033328294754,0.0,0.0541987270116806,6.470016956329346,0.0541987270116806,3.661278486251831,0.06608537584543228,15.905851364135742
2799,1203,How are you doing?,0,0.2751297354698181,0.0,0.33111974596977234,6.470016956329346,0.29421496391296387,3.5276448726654053,0.1980641782283783,14.752191543579102
2800,3338,What does this sign say?,1,0.25091278553009033,0.0,0.3106943964958191,6.470016956329346,0.31742629408836365,4.510645389556885,0.3208213150501251,11.859569549560547
2801,3083,What is this?,1,0.19682620465755463,0.0,0.27202457189559937,6.470016956329346,0.2782568037509918,5.251094818115234,0.4455295503139496,17.14075469970703
2802,4089,Can you please read what's on this label? Thank you.,1,0.4765796661376953,0.0,0.5195213556289673,6.470016956329346,0.531209409236908,3.9814035892486572,0.665410578250885,14.139830589294434
2803,3716,What kind of coffee is this? Thank you.,1,0.2538610100746155,0.0,0.3106943964958191,6.470016956329346,0.314050555229187,4.038280963897705,0.3486451506614685,14.426058769226074
2804,2439,What kind of soda is this?,1,0.29098084568977356,0.0,0.36296921968460083,6.470016956329346,0.3849121630191803,4.585326671600342,0.2751297354698181,13.21096134185791
2805,3971,Who is George Washington?,0,0.025565212592482567,0.0,0.024798160418868065,6.470016956329346,0.02595735713839531,3.4594805240631104,0.04922211915254593,17.00963592529297
2806,4128,what type of tea is this?,1,0.09807932376861572,0.0,0.11920291930437088,6.470016956329346,0.10669060051441193,3.460315704345703,0.10743747651576996,14.371705055236816
2807,1529,"This is the display of the treadmill, can you tell me the distance of the top display please?",0,0.22000709176063538,0.0,0.2538610100746155,6.470016956329346,0.2538610100746155,3.934579849243164,0.18713268637657166,17.076404571533203
2808,4189,What is this?,1,0.2254166156053543,0.0,0.32423537969589233,6.470016956329346,0.33111974596977234,5.845026016235352,0.5544704794883728,17.002717971801758
2809,727,What is that?,1,0.24508501589298248,0.0,0.3380771279335022,6.470016956329346,0.37387582659721375,5.965611457824707,0.37387582659721375,16.072887420654297
2810,4005,What color is this rug?,1,0.3812195658683777,0.0,0.45713675022125244,6.470016956329346,0.45713675022125244,4.7722344398498535,0.3923368453979492,11.581365585327148
2811,4116,Has she finished her drink?,1,0.13660839200019836,0.0,0.14414885640144348,6.470016956329346,0.16026602685451508,3.9434194564819336,0.16026602685451508,12.116375923156738
2812,3309,What am I holding?,1,0.5039061903953552,0.0,0.622459352016449,6.470016956329346,0.637030839920044,5.6647725105285645,0.6584175229072571,14.719740867614746
2813,3306,What does that mean?,1,0.17781086266040802,0.0,0.2254166156053543,6.470016956329346,0.20434190332889557,3.7739779949188232,0.5156199336051941,17.325490951538086
2814,3236,This guy look like in this photograph? ,0,0.12421300262212753,0.0,0.12940272688865662,6.470016956329346,0.13117322325706482,3.5038042068481445,0.17328819632530212,15.488086700439453
2815,3193,What color are these pants?,1,0.2845759987831116,0.0,0.3557748794555664,6.470016956329346,0.35220178961753845,4.802675724029541,0.20434190332889557,12.111763954162598
2816,4143,What is it?,1,0.23651622235774994,0.0,0.3380771279335022,6.470016956329346,0.30404165387153625,4.578339576721191,0.4765796661376953,15.939684867858887
2817,1344,What is this?,1,0.3345894515514374,0.0,0.4339814782142639,6.470016956329346,0.47268345952033997,6.134477615356445,0.5078118443489075,17.30797004699707
2818,3800,What is this?,1,0.2598256468772888,0.0,0.3593641519546509,6.470016956329346,0.3775406777858734,5.784771919250488,0.6442251205444336,16.323251724243164
2819,3314,Know what brand of coffee this is?,1,0.16885696351528168,0.0,0.1919327974319458,6.470016956329346,0.19436782598495483,3.7847788333892822,0.31742629408836365,14.71142578125
2820,2483,What is the fifth number?,1,0.14223188161849976,0.0,0.16885696351528168,6.470016956329346,0.1561049073934555,3.8532607555389404,0.14804719388484955,13.859285354614258
2821,3334,What is this?,0,0.19682620465755463,0.0,0.2538610100746155,6.470016956329346,0.2422056347131729,4.305075168609619,0.16667540371418,17.438413619995117
2822,1484,Will this charge my iphone?,1,0.3106943964958191,0.0,0.38861799240112305,6.470016956329346,0.3486451506614685,3.823542594909668,0.3812195658683777,13.949502944946289
2823,1494,What is this medication?,0,0.09268777817487717,0.0,0.13477592170238495,6.470016956329346,0.10087861120700836,3.458489179611206,0.10447731614112854,17.021364212036133
2824,1574,What is this?,1,0.24508501589298248,0.0,0.32766830921173096,6.470016956329346,0.3557748794555664,6.000511169433594,0.6150878667831421,16.26181411743164
2825,1059,How much are the french fries?,1,0.2689414322376251,0.0,0.31742629408836365,6.470016956329346,0.3073580265045166,4.0728373527526855,0.29421496391296387,15.833324432373047
2826,3298,WHat is this?,1,0.36658975481987,0.0,0.4532618820667267,6.470016956329346,0.5,6.035274505615234,0.5698526501655579,18.07785415649414
2827,3850,"Alright so what do we got here from left to right, or biggest to littlest, however you want to do it?",0,0.4804786741733551,0.0,0.596433162689209,6.470016956329346,0.5467381477355957,4.364674091339111,0.2782568037509918,14.547566413879395
2828,3235,What is this?,1,0.2782568037509918,0.0,0.36658975481987,6.470016956329346,0.39606815576553345,5.683099746704102,0.4455295503139496,16.760059356689453
2829,3331,What is it?,0,0.2568320035934448,0.0,0.3557748794555664,6.470016956329346,0.32423537969589233,4.221410274505615,0.19436782598495483,18.51447105407715
2830,4112,What is this?,1,0.19436782598495483,0.0,0.2689414322376251,6.470016956329346,0.2782568037509918,5.4281229972839355,0.4035668969154358,16.421398162841797
2831,548,What kind of phone is this?,1,0.3923368453979492,0.0,0.47268345952033997,6.470016956329346,0.5273165106773376,5.883025646209717,0.3415825068950653,13.593942642211914
2832,2156,What is this shirt?,1,0.14223188161849976,0.0,0.18010665476322174,6.470016956329346,0.15817435085773468,3.4434075355529785,0.13296423852443695,13.86331844329834
2833,1575,What brand is this?,0,0.24508501589298248,0.0,0.29098084568977356,6.470016956329346,0.2845759987831116,3.448035478591919,0.18242551386356354,14.464390754699707
2834,2631,What is it?,0,0.2598256468772888,0.0,0.3557748794555664,6.470016956329346,0.29746994376182556,3.674396276473999,0.19682620465755463,18.716907501220703
2835,2272,What is in this package?,1,0.13846179842948914,0.0,0.18476751446723938,6.470016956329346,0.17781086266040802,4.135385513305664,0.16885696351528168,13.910321235656738
2836,1021,Does this tree look healthy?,1,0.3208213150501251,0.0,0.36296921968460083,6.470016956329346,0.36658975481987,4.724483966827393,0.16667540371418,14.80327320098877
2837,687,What is in this bottle?,1,0.10818894952535629,0.0,0.16451644897460938,6.470016956329346,0.13660839200019836,4.022600173950195,0.24798743426799774,15.242234230041504
2838,1588,For how long do I cook this in the microwave?,1,0.19682620465755463,0.0,0.2254166156053543,6.470016956329346,0.2146914154291153,3.4760823249816895,0.20946969091892242,15.439556121826172
2839,372,What is this and what color is it?,1,0.37022536993026733,0.0,0.4687906503677368,6.470016956329346,0.46101680397987366,4.4526286125183105,0.5544704794883728,13.999661445617676
2840,757,What room number is that?,1,0.22000709176063538,0.0,0.2538610100746155,6.470016956329346,0.2845759987831116,4.562915802001953,0.37387582659721375,15.730504035949707
2841,4069,What is this product?,1,0.30404165387153625,0.0,0.43014732003211975,6.470016956329346,0.41111084818840027,5.240013122558594,0.5039061903953552,12.792220115661621
2842,3219,What is this?,1,0.20946969091892242,0.0,0.2845759987831116,6.470016956329346,0.29746994376182556,5.214107513427734,0.3923368453979492,17.76071548461914
2843,4219,what color is my computer?,1,0.230919748544693,0.0,0.28776782751083374,6.470016956329346,0.28140559792518616,4.007266521453857,0.2146914154291153,13.793645858764648
2844,1445,What color is the shark?,0,0.026355354115366936,0.0,0.025565212592482567,6.470016956329346,0.028870906680822372,3.4614715576171875,0.049958523362874985,16.67107582092285
2845,1561,What is the kind of this mobile?,0,0.19682620465755463,0.0,0.2751297354698181,6.470016956329346,0.23370634019374847,3.613297700881958,0.12940272688865662,14.710538864135742
2846,1218,What do you see?  What do you see?,1,0.3345894515514374,0.0,0.38861799240112305,6.470016956329346,0.4073334336280823,4.912086486816406,0.8479677438735962,14.786698341369629
2847,2431,What is this?,1,0.29421496391296387,0.0,0.38861799240112305,6.470016956329346,0.42250463366508484,6.375089168548584,0.47268345952033997,16.058839797973633
2848,3267,What temperature is the thermostat set?,0,0.15817435085773468,0.0,0.1919327974319458,6.470016956329346,0.1755380630493164,3.6930994987487793,0.15102781355381012,19.6632022857666
2849,3043,What product is this?,1,0.314050555229187,0.0,0.4073334336280823,6.470016956329346,0.3775406777858734,3.928514242172241,0.43782350420951843,12.958932876586914
2850,3355,"What is is this, and is it hot? ",1,0.1710611879825592,0.0,0.22270014882087708,6.470016956329346,0.20946969091892242,4.196181774139404,0.29098084568977356,13.36974811553955
2851,4148,What is written on the front of this shirt?,1,0.37387582659721375,0.0,0.4765796661376953,6.470016956329346,0.43782350420951843,4.378846168518066,0.49218812584877014,13.904696464538574
2852,716,What does it say on screen?,0,0.41111084818840027,0.0,0.5,6.470016956329346,0.4455295503139496,3.5197231769561768,0.2018132209777832,16.3090763092041
2853,1525,What is the product?,1,0.36658975481987,0.0,0.4263215959072113,6.470016956329346,0.4339814782142639,4.385708808898926,0.43014732003211975,13.650481224060059
2854,3907,What is it?,1,0.3208213150501251,0.0,0.43782350420951843,6.470016956329346,0.41869691014289856,4.8903422355651855,0.6548947095870972,15.967239379882812
2855,2094,What is this?,1,0.230919748544693,0.0,0.314050555229187,6.470016956329346,0.35220178961753845,6.312394618988037,0.581303060054779,17.017690658569336
2856,2374,What is this?,1,0.2628418505191803,0.0,0.36296921968460083,6.470016956329346,0.36296921968460083,5.708380699157715,0.5926666259765625,15.9241304397583
2857,3492,What is that can?,1,0.24508501589298248,0.0,0.29421496391296387,6.470016956329346,0.27202457189559937,3.519214153289795,0.3486451506614685,13.7615327835083
2858,3345,How long do I cook this in the microwave?,0,0.15002882480621338,0.0,0.17328819632530212,6.470016956329346,0.15817435085773468,3.4602272510528564,0.188323974609375,20.03447914123535
2859,431,What is the 5-digit code?,0,0.13660839200019836,0.0,0.1710611879825592,6.470016956329346,0.14608724415302277,3.447652578353882,0.11201596260070801,15.976675033569336
2860,3821,Whats the picture on the shirt?,1,0.37387582659721375,0.0,0.45713675022125244,6.470016956329346,0.46490156650543213,5.618704319000244,0.66888028383255,17.887983322143555
2861,4205,What is the name of this item?,0,0.2254166156053543,0.0,0.27202457189559937,6.470016956329346,0.2568320035934448,3.6746480464935303,0.21601153910160065,14.024741172790527
2862,705,What is this a picture of? From a new user.,1,0.3486451506614685,0.0,0.3923368453979492,6.470016956329346,0.4263215959072113,5.290278911590576,0.8354835510253906,14.230688095092773
2863,4185,What is in my hand?,0,0.024053553119301796,0.0,0.030675798654556274,6.470016956329346,0.02517884224653244,3.4777913093566895,0.1127953976392746,17.62824821472168
2864,1392,What is this?,1,0.1755380630493164,0.0,0.24508501589298248,6.470016956329346,0.22815649211406708,4.463276386260986,0.3849121630191803,17.052385330200195
2865,3356,What is in this photo?,1,0.24508501589298248,0.0,0.31742629408836365,6.470016956329346,0.2845759987831116,3.657442808151245,0.581303060054779,16.667125701904297
2866,749,What you see?,1,0.2538610100746155,0.0,0.31742629408836365,6.470016956329346,0.29746994376182556,4.356931209564209,0.6548947095870972,16.925525665283203
2867,1353,What kind of soup is this?,1,0.04958902671933174,0.0,0.052618954330682755,6.470016956329346,0.05108273774385452,3.4666213989257812,0.04885777831077576,13.684999465942383
2868,4082,"An atom of which of these elements most likely forms an ion? Al, Br, Ca or Mg?",1,0.19436782598495483,0.0,0.2598256468772888,6.470016956329346,0.2146914154291153,3.793044090270996,0.24798743426799774,13.082356452941895
2869,2323,What's this?,1,0.31742629408836365,0.0,0.35220178961753845,6.470016956329346,0.38861799240112305,5.456395149230957,0.5544704794883728,16.021013259887695
2870,4226,"What kind of, what kind of lizard is that?",0,0.12940272688865662,0.0,0.1561049073934555,6.470016956329346,0.15203224122524261,3.7406022548675537,0.2120688110589981,16.573495864868164
2871,539,What does this say?,0,0.29098084568977356,0.0,0.35220178961753845,6.470016956329346,0.32423537969589233,3.7621700763702393,0.24508501589298248,14.323234558105469
2872,3264,Record >> What kind of flower is this?,1,0.3073580265045166,0.0,0.3557748794555664,6.470016956329346,0.41111084818840027,5.044545650482178,0.42250463366508484,17.576004028320312
2873,3817,What is this?,0,0.20434190332889557,0.0,0.2689414322376251,6.470016956329346,0.28140559792518616,5.3359456062316895,0.22270014882087708,18.051660537719727
2874,708,what is this?,0,0.16667540371418,0.0,0.230919748544693,6.470016956329346,0.22000709176063538,4.7664079666137695,0.14511536061763763,16.750110626220703
2875,703,What card is this?,0,0.1540575623512268,0.0,0.1919327974319458,6.470016956329346,0.16667540371418,3.466233491897583,0.15203224122524261,17.88531494140625
2876,4192,Which kind of soup is this?,0,0.19930800795555115,0.0,0.230919748544693,6.470016956329346,0.22270014882087708,3.6170406341552734,0.15203224122524261,16.983457565307617
2877,3320,Which buttons are the volume?,1,0.25091278553009033,0.0,0.29098084568977356,6.470016956329346,0.27202457189559937,3.4644007682800293,0.23370634019374847,13.407574653625488
2878,1314,"What's the model number, if it's visible?",0,0.22135069966316223,0.0,0.2766905426979065,6.470016956329346,0.23231014609336853,3.4679296016693115,0.23231014609336853,14.324600219726562
2879,3194,Could I please have the expiration date of this can?,0,0.18010665476322174,0.0,0.2146914154291153,6.470016956329346,0.18713268637657166,3.4700443744659424,0.11596070975065231,17.778715133666992
2880,652,What does the writing say?,0,0.13660839200019836,0.0,0.1755380630493164,6.470016956329346,0.14414885640144348,3.471356153488159,0.12252321094274521,17.224916458129883
2881,1606,What kind of chips are these?,1,0.20434190332889557,0.0,0.24798743426799774,6.470016956329346,0.2538610100746155,3.7983553409576416,0.19930800795555115,14.446146011352539
2882,2397,What is this please?,1,0.2658804953098297,0.0,0.3345894515514374,6.470016956329346,0.32423537969589233,4.470885276794434,0.5117166042327881,17.178125381469727
2883,1589,See an expiration date on this milk carton,0,0.17781086266040802,0.0,0.2018132209777832,6.470016956329346,0.18952108919620514,3.5879523754119873,0.3415825068950653,16.360576629638672
2884,2116,What does this say?,1,0.28140559792518616,0.0,0.3557748794555664,6.470016956329346,0.3415825068950653,3.964602470397949,0.531209409236908,16.081329345703125
2885,3112,What is in this container? ,1,0.230919748544693,0.0,0.30074557662010193,6.470016956329346,0.2751297354698181,3.76230525970459,0.38861799240112305,16.82701301574707
2886,3065,Is this diet Pepsi or regular Pepsi?,1,0.19930800795555115,0.0,0.230919748544693,6.470016956329346,0.22270014882087708,3.980158805847168,0.1540575623512268,10.609004974365234
2887,1614,What is this?,1,0.22815649211406708,0.0,0.3073580265045166,6.470016956329346,0.35220178961753845,6.025424003601074,0.314050555229187,16.449153900146484
2888,4079,What bill denomination is this?,1,0.29746994376182556,0.0,0.3380771279335022,6.470016956329346,0.3593641519546509,4.862154960632324,0.2538610100746155,13.642027854919434
2889,2096,What spice is this?,1,0.1276526302099228,0.0,0.16885696351528168,6.470016956329346,0.15817435085773468,3.644557476043701,0.25091278553009033,14.715195655822754
2890,2506,What is the oven temperature setting?,0,0.1540575623512268,0.0,0.17781086266040802,6.470016956329346,0.1710611879825592,3.7084977626800537,0.1540575623512268,19.631065368652344
2891,2324,what is this?,1,0.27202457189559937,0.0,0.36296921968460083,6.470016956329346,0.4073334336280823,6.51270866394043,0.5156199336051941,17.101545333862305
2892,2954,is this? What is this?,1,0.2598256468772888,0.0,0.31742629408836365,6.470016956329346,0.32766830921173096,4.537367820739746,0.4804786741733551,15.960902214050293
2893,2477,Return install button on this screen.,0,0.2254166156053543,0.0,0.2568320035934448,6.470016956329346,0.23370634019374847,3.4706718921661377,0.3073580265045166,16.596643447875977
2894,677,Okay I've taken a picture of the back of my laptop and I need the serial number which is in the battery compartment on the label. If someone could help me at least tell me where it is and if it is there and if it is visible,0,0.19682620465755463,0.0,0.22815649211406708,6.470016956329346,0.2120688110589981,3.743422746658325,0.16238002479076385,12.946167945861816
2895,3926,What kind of clouds are those?,1,0.2018132209777832,0.0,0.23370634019374847,6.470016956329346,0.2393493503332138,3.8239099979400635,0.23370634019374847,16.970478057861328
2896,2991,What is this?,1,0.2146914154291153,0.0,0.29098084568977356,6.470016956329346,0.31742629408836365,5.598505973815918,0.4532618820667267,17.344289779663086
2897,1516,What is this?,0,0.1259227693080902,0.0,0.18242551386356354,6.470016956329346,0.16026602685451508,4.21481466293335,0.13846179842948914,17.31367301940918
2898,1524,What's this?,1,0.30074557662010193,0.0,0.3345894515514374,6.470016956329346,0.36296921968460083,5.836570739746094,0.4882833957672119,16.286876678466797
2899,1600,What kind of pasta-roni is this? Guess what?,1,0.28776782751083374,0.0,0.3415825068950653,6.470016956329346,0.33111974596977234,3.6703450679779053,0.36296921968460083,12.428302764892578
2900,3350,What's the title of this CD?,1,0.28140559792518616,0.0,0.3073580265045166,6.470016956329346,0.29421496391296387,3.7991650104522705,0.4765796661376953,10.843703269958496
2901,2905,Could you read the writing that's on this tag please? Thank you.,1,0.42250463366508484,0.0,0.4804786741733551,6.470016956329346,0.46490156650543213,3.676229953765869,0.44167301058769226,11.965307235717773
2902,721,What is in front of me?,1,0.12940272688865662,0.0,0.18242551386356354,6.470016956329346,0.16451644897460938,3.577756881713867,0.16026602685451508,14.796257972717285
2903,3215,Can you identify this product?,1,0.3557748794555664,0.0,0.4263215959072113,6.470016956329346,0.45713675022125244,5.313582897186279,0.6442251205444336,13.026163101196289
2904,3277,What's written on this bottle?,1,0.5698526501655579,0.0,0.6334102749824524,6.470016956329346,0.6150878667831421,3.8308095932006836,0.6513549089431763,10.227632522583008
2905,2407,"I know this is some kind of food. I just want to know what flavor is it, or what kind?",1,0.10818894952535629,0.0,0.13660839200019836,6.470016956329346,0.1276526302099228,3.721837043762207,0.230919748544693,15.41283130645752
2906,4137,What is the title of this album? Thank you.,1,0.3775406777858734,0.0,0.46490156650543213,6.470016956329346,0.39606815576553345,3.4745097160339355,0.4455295503139496,13.704183578491211
2907,2503,What tea is this?,0,0.10669060051441193,0.0,0.1208532303571701,6.470016956329346,0.11757213622331619,3.6129846572875977,0.11357959359884262,17.164608001708984
2908,2411,What kind of tree is this?,1,0.3208213150501251,0.0,0.3849121630191803,6.470016956329346,0.4035668969154358,4.519922733306885,0.3345894515514374,16.520872116088867
2909,1194,What does this say?,0,0.19436782598495483,0.0,0.22270014882087708,6.470016956329346,0.2018132209777832,3.461634635925293,0.3415825068950653,15.560656547546387
2910,3650,What does this water bottle say?,1,0.562176525592804,0.0,0.6619228720664978,6.470016956329346,0.6406359076499939,4.3262858390808105,0.7981867790222168,11.882819175720215
2911,3369,What's in this bottle?,1,0.20689405500888824,0.0,0.2689414322376251,6.470016956329346,0.2568320035934448,4.193364143371582,0.2254166156053543,12.011103630065918
2912,3371,What is in this box?,1,0.1561049073934555,0.0,0.2146914154291153,6.470016956329346,0.22000709176063538,4.5751471519470215,0.2018132209777832,14.99264144897461
2913,3057,What kind of TV dinner is this?,1,0.24508501589298248,0.0,0.29421496391296387,6.470016956329346,0.31742629408836365,4.439717769622803,0.314050555229187,12.76098918914795
2914,2441,Can you give me directions for this product?,0,0.34510529041290283,0.0,0.41111084818840027,6.470016956329346,0.36658975481987,3.451542854309082,0.2267836183309555,15.557199478149414
2915,4004,What is this photo of?,0,0.1540575623512268,0.0,0.2146914154291153,6.470016956329346,0.18242551386356354,3.6053333282470703,0.16451644897460938,15.64634895324707
2916,2434,What is the color of,1,0.25091278553009033,0.0,0.3345894515514374,6.470016956329346,0.3106943964958191,4.286889553070068,0.24508501589298248,11.431225776672363
2917,3041,Hey there can you please tell me what flavor this pasta sauce is. Thank you.,1,0.2658804953098297,0.0,0.3073580265045166,6.470016956329346,0.3208213150501251,4.132500648498535,0.4532618820667267,17.308380126953125
2918,2405,What is this?,1,0.29098084568977356,0.0,0.3775406777858734,6.470016956329346,0.4339814782142639,6.397206783294678,0.3557748794555664,17.483869552612305
2919,501,What letters. What letters do I type in to win the prize?,1,0.17781086266040802,0.0,0.21733751893043518,6.470016956329346,0.20946969091892242,3.998187780380249,0.2658804953098297,13.585494041442871
2920,3336,What color is this?,1,0.2628418505191803,0.0,0.3415825068950653,6.470016956329346,0.3380771279335022,4.7512640953063965,0.28140559792518616,12.178919792175293
2921,1599,what is the name of the product in the can in the picture?,1,0.19436782598495483,0.0,0.23370634019374847,6.470016956329346,0.20946969091892242,3.437175989151001,0.3486451506614685,14.52297592163086
2922,2461,What is this?,1,0.4263215959072113,0.0,0.5467381477355957,6.470016956329346,0.5851011276245117,6.405834197998047,0.622459352016449,16.730758666992188
2923,1104,WHAT IS THIS CORRECT THAT I HAVE AN MY HAND,0,0.23370634019374847,0.0,0.28140559792518616,6.470016956329346,0.2689414322376251,3.6025938987731934,0.1919327974319458,14.567188262939453
2924,774,What kind of computer is this?,1,0.29746994376182556,0.0,0.36658975481987,6.470016956329346,0.41111084818840027,5.467442035675049,0.30074557662010193,13.141119003295898
2925,1617,"Yeah, I don't know if this got out there, but I was just wondering if anyone could read the title of this book, thank you.",1,0.5273165106773376,0.0,0.5660185217857361,6.470016956329346,0.5926666259765625,4.1146955490112305,0.672331690788269,13.506784439086914
2926,4190,What flavor is this?,1,0.29746994376182556,0.0,0.37387582659721375,6.470016956329346,0.38861799240112305,4.8817925453186035,0.3486451506614685,13.950657844543457
2927,546,Could you tell me what this screen is saying approximately?,1,0.28776782751083374,0.0,0.36658975481987,6.470016956329346,0.3380771279335022,4.0370073318481445,0.8056321740150452,15.293096542358398
2928,1551,Can you please read the title of this book to me? ,1,0.2538610100746155,0.0,0.29098084568977356,6.470016956329346,0.2751297354698181,3.4793763160705566,0.2658804953098297,8.897963523864746
2929,3312,Is it dark in here?,1,0.1561049073934555,0.0,0.19436782598495483,6.470016956329346,0.1919327974319458,4.604363441467285,0.1208532303571701,12.518841743469238
2930,2261,this title.,1,0.29098084568977356,0.0,0.32766830921173096,6.470016956329346,0.3380771279335022,4.115973949432373,0.4804786741733551,12.750643730163574
2931,2509,Which country does this belong to?,1,0.18952108919620514,0.0,0.23651622235774994,6.470016956329346,0.20689405500888824,3.5381133556365967,0.2146914154291153,10.896183967590332
2932,3969,What does this card say?,0,0.10970577597618103,0.0,0.13477592170238495,6.470016956329346,0.11124120652675629,3.471356153488159,0.1919327974319458,17.31832504272461
2933,2402,What is in this tin?,0,0.14414885640144348,0.0,0.18952108919620514,6.470016956329346,0.1561049073934555,3.4971883296966553,0.12168575078248978,20.824905395507812
2934,1595,What is the answer 79.54 minus 43.16?,1,0.13296423852443695,0.0,0.15002882480621338,6.470016956329346,0.14033624529838562,3.598745822906494,0.28140559792518616,15.323136329650879
2935,704,Does this say anything?,0,0.1276526302099228,0.0,0.1540575623512268,6.470016956329346,0.13477592170238495,3.4968667030334473,0.24798743426799774,15.964582443237305
2936,1597,what color is this haircut?,1,0.08269733935594559,0.0,0.09534946084022522,6.470016956329346,0.09401018917560577,3.831663131713867,0.06754669547080994,13.055707931518555
2937,1577,What color is this?,1,0.29098084568977356,0.0,0.3593641519546509,6.470016956329346,0.3486451506614685,4.238521575927734,0.32766830921173096,12.56790828704834
2938,2351,What color is this phone case?,1,0.34510529041290283,0.0,0.41111084818840027,6.470016956329346,0.41111084818840027,3.9683949947357178,0.34510529041290283,11.345928192138672
2939,700,What is this?,1,0.19930800795555115,0.0,0.2658804953098297,6.470016956329346,0.3106943964958191,6.212116241455078,0.3812195658683777,16.854488372802734
2940,3201,What is it?,1,0.2120688110589981,0.0,0.3073580265045166,6.470016956329346,0.2751297354698181,4.2060041427612305,0.5078118443489075,15.261884689331055
2941,714,What is this?,1,0.15203224122524261,0.0,0.22000709176063538,6.470016956329346,0.22270014882087708,5.634824275970459,0.4765796661376953,15.75385856628418
2942,712,What letters do I type in to win the prize?,1,0.2568320035934448,0.0,0.314050555229187,6.470016956329346,0.30404165387153625,3.907769203186035,0.43014732003211975,12.983049392700195
2943,2469,Is my camera obscured? ,1,0.15817435085773468,0.0,0.19682620465755463,6.470016956329346,0.17781086266040802,3.830885887145996,0.2018132209777832,12.813151359558105
2944,3770,What is this?,1,0.2782568037509918,0.0,0.3593641519546509,6.470016956329346,0.41111084818840027,6.603238105773926,0.36658975481987,15.71856689453125
2945,3003,What is this?,1,0.3415825068950653,0.0,0.43014732003211975,6.470016956329346,0.4843800961971283,6.635800361633301,0.3775406777858734,16.716352462768555
2946,3213,Can you make out the picture I took? Just testing this.,1,0.37022536993026733,0.0,0.39981165528297424,6.470016956329346,0.4035668969154358,3.5440573692321777,0.42250463366508484,14.404085159301758
2947,2964,what color is this pillowcase?,1,0.33111974596977234,0.0,0.38861799240112305,6.470016956329346,0.39606815576553345,4.689221382141113,0.35220178961753845,12.39731216430664
2948,4243,What's on this screen?,1,0.3345894515514374,0.0,0.39981165528297424,6.470016956329346,0.3849121630191803,4.20565938949585,0.3557748794555664,12.903239250183105
2949,2770,"What is in this package? And if you can include a brand name, that would help. Thank you. ",1,0.4687906503677368,0.0,0.5660185217857361,6.470016956329346,0.5583269596099854,4.066229343414307,0.5698526501655579,10.580227851867676
2950,2244,What is this? ,1,0.29746994376182556,0.0,0.3775406777858734,6.470016956329346,0.41111084818840027,5.874416351318359,0.672331690788269,16.287294387817383
2951,661,Do I have all my toes still?,1,0.3106943964958191,0.0,0.3415825068950653,6.470016956329346,0.3557748794555664,4.345813751220703,0.24798743426799774,15.383273124694824
2952,2514,"What is in this tin, please?",1,0.2018132209777832,0.0,0.2598256468772888,6.470016956329346,0.22815649211406708,3.760770320892334,0.31742629408836365,15.5209321975708
2953,2372,What CD is this?,1,0.3380771279335022,0.0,0.41869691014289856,6.470016956329346,0.4035668969154358,4.214884281158447,0.3849121630191803,11.781106948852539
2954,2282,What color is my dog? ,1,0.3593641519546509,0.0,0.43014732003211975,6.470016956329346,0.45713675022125244,5.027041912078857,0.46490156650543213,15.485925674438477
2955,3978,Could you tell me the usage instructions for this shampoo? thank you.,0,0.2845759987831116,0.0,0.3106943964958191,6.470016956329346,0.29746994376182556,3.471356153488159,0.2613309323787689,15.753997802734375
2956,3284,What's in this bag?,0,0.1037486270070076,0.0,0.12421300262212753,6.470016956329346,0.11436852067708969,3.4551138877868652,0.11757213622331619,21.8801212310791
2957,2101,"Hi, guys. What did I take a picture of?",1,0.30074557662010193,0.0,0.3380771279335022,6.470016956329346,0.39981165528297424,5.483997821807861,0.5156199336051941,17.309795379638672
2958,419,What is this magazine? ,1,0.1919327974319458,0.0,0.23370634019374847,6.470016956329346,0.2120688110589981,3.8555002212524414,0.16667540371418,12.945975303649902
2959,779,is there a button that i'm supposed to push on this?,1,0.31742629408836365,0.0,0.3923368453979492,6.470016956329346,0.36296921968460083,3.887673854827881,0.49609383940696716,16.225685119628906
2960,2486,What flavor is this? I know its green mountain coffee.,1,0.4073334336280823,0.0,0.4804786741733551,6.470016956329346,0.49609383940696716,4.666140556335449,0.5506073832511902,16.02979278564453
2961,381,What is this? What is this?,1,0.22270014882087708,0.0,0.2658804953098297,6.470016956329346,0.28140559792518616,5.0027313232421875,0.4035668969154358,13.233755111694336
2962,1507,What type of key?,1,0.06954174488782883,0.0,0.08632348477840424,6.470016956329346,0.08269733935594559,3.4719316959381104,0.05623634159564972,11.276607513427734
2963,2165,What color is this ball?,1,0.14414885640144348,0.0,0.1561049073934555,6.470016956329346,0.16451644897460938,4.124572277069092,0.11757213622331619,12.501418113708496
2964,2310,What is this?,1,0.20689405500888824,0.0,0.2782568037509918,6.470016956329346,0.29421496391296387,5.181140422821045,0.2782568037509918,16.509965896606445
2965,633,"Sorry about this, kinda feel like an idiot here, but I tried it again, so hopefully it works.",0,0.20689405500888824,0.0,0.2254166156053543,6.470016956329346,0.22000709176063538,3.464637517929077,0.2568320035934448,14.610589027404785
2966,1562,How many Mils is this can of Pepsi? Come on. Try something again. Got it. ,0,0.11920291930437088,0.0,0.13296423852443695,6.470016956329346,0.1259227693080902,3.559513807296753,0.12252321094274521,15.526459693908691
2967,2330,What kind of soup is this?  Thank you.,0,0.19436782598495483,0.0,0.2254166156053543,6.470016956329346,0.20689405500888824,3.45503568649292,0.20689405500888824,15.969412803649902
2968,766,What type of milk is this?,0,0.1755380630493164,0.0,0.2146914154291153,6.470016956329346,0.2018132209777832,3.5391435623168945,0.13296423852443695,18.03949737548828
2969,2495,What is that?  ,1,0.2538610100746155,0.0,0.3486451506614685,6.470016956329346,0.3415825068950653,4.811881065368652,0.5350984334945679,14.973634719848633
2970,3972,What is this?,1,0.2568320035934448,0.0,0.3415825068950653,6.470016956329346,0.4035668969154358,7.0269670486450195,0.5851011276245117,17.488548278808594
2971,2379,What is this?,1,0.22000709176063538,0.0,0.30074557662010193,6.470016956329346,0.30404165387153625,5.250553131103516,0.4765796661376953,16.539308547973633
2972,1508,What color is this shirt please?,1,0.2845759987831116,0.0,0.3415825068950653,6.470016956329346,0.3593641519546509,4.534588813781738,0.22270014882087708,10.924898147583008
2973,2175,How would i use this product?,1,0.314050555229187,0.0,0.4339814782142639,6.470016956329346,0.3593641519546509,3.696694850921631,0.4882833957672119,15.240571022033691
2974,1472,What does this knob say?,1,0.44167301058769226,0.0,0.5156199336051941,6.470016956329346,0.5195213556289673,4.225087642669678,0.6584175229072571,13.939208984375
2975,3344,What type of medicine is this?,0,0.09807932376861572,0.0,0.12252321094274521,6.470016956329346,0.10669060051441193,3.471356153488159,0.0960254967212677,17.138126373291016
2976,4113,What's in this cream?,0,0.13846179842948914,0.0,0.15002882480621338,6.470016956329346,0.14033624529838562,3.4707436561584473,0.08093671500682831,16.2764892578125
2977,3095,What color is the shirt?,1,0.3345894515514374,0.0,0.4148988127708435,6.470016956329346,0.38861799240112305,4.540287017822266,0.28776782751083374,12.750840187072754
2978,728,Can you tell what this is a gift card for?,0,0.08882028609514236,0.0,0.09534946084022522,6.470016956329346,0.09009299427270889,3.539172410964966,0.10521053522825241,13.293150901794434
2979,4054,What number is this?,1,0.29421496391296387,0.0,0.36296921968460083,6.470016956329346,0.3849121630191803,5.338395595550537,0.3486451506614685,16.13412857055664
2980,4029,What is this?,1,0.3593641519546509,0.0,0.4843800961971283,6.470016956329346,0.5156199336051941,6.488852024078369,0.5926666259765625,16.82391929626465
2981,4031,Can you see what is in this can?,1,0.2422056347131729,0.0,0.314050555229187,6.470016956329346,0.314050555229187,5.036496162414551,0.4532618820667267,15.789929389953613
2982,2524,What does it say on the display?,1,0.17328819632530212,0.0,0.20689405500888824,6.470016956329346,0.1919327974319458,3.6850407123565674,0.19682620465755463,15.859395980834961
2983,2177,What are the oven instructions for baking this lasagna? ,0,0.15203224122524261,0.0,0.17781086266040802,6.470016956329346,0.15817435085773468,3.462723731994629,0.1561049073934555,17.043441772460938
2984,1216,What is this?,1,0.314050555229187,0.0,0.39981165528297424,6.470016956329346,0.4493926465511322,6.358478546142578,0.33982762694358826,16.856077194213867
2985,2410,What colors are in this jacket? Is it summer or winter?,1,0.33111974596977234,0.0,0.39981165528297424,6.470016956329346,0.3849121630191803,4.150827407836914,0.5350984334945679,15.964154243469238
2986,665,"Can you tell me what's on the screen now, if anything's changed?",0,0.27202457189559937,0.0,0.3415825068950653,6.470016956329346,0.314050555229187,3.8370823860168457,0.36296921968460083,15.867717742919922
2987,1559,What color is my cap?,1,0.05108273774385452,0.0,0.048136770725250244,6.470016956329346,0.05834583565592766,3.486083745956421,0.04742587357759476,14.156997680664062
2988,3258,Can you tell me what colors are on my shirt?,1,0.36296921968460083,0.0,0.43782350420951843,6.470016956329346,0.46490156650543213,5.580156326293945,0.740174412727356,18.5885066986084
2989,3808,What is this?,1,0.28776782751083374,0.0,0.3812195658683777,6.470016956329346,0.4035668969154358,5.611496925354004,0.531209409236908,16.925085067749023
2990,3894,What time is it?,0,0.16885696351528168,0.0,0.22270014882087708,6.470016956329346,0.19682620465755463,3.8106353282928467,0.18713268637657166,19.272140502929688
2991,1643,What brand is this popcorn?,1,0.5117166042327881,0.0,0.5774953961372375,6.470016956329346,0.5888891220092773,4.393191814422607,0.562176525592804,12.311572074890137
2992,4122,Is the dialog there now?,1,0.30074557662010193,0.0,0.3380771279335022,6.470016956329346,0.3345894515514374,3.678898811340332,0.19930800795555115,14.50127124786377
2993,1374,What is this? ,1,0.19930800795555115,0.0,0.2628418505191803,6.470016956329346,0.29746994376182556,6.340890407562256,0.5195213556289673,17.944536209106445
2994,4096,Can you describe the tie?,1,0.45713675022125244,0.0,0.5506073832511902,6.470016956329346,0.5698526501655579,5.333539009094238,0.5736784338951111,16.28815269470215
2995,3125,What do you see?,1,0.3593641519546509,0.0,0.42250463366508484,6.470016956329346,0.42250463366508484,4.450446128845215,0.859663724899292,16.55295753479004
2996,2106,How much sodium is in this package?,0,0.1259227693080902,0.0,0.15203224122524261,6.470016956329346,0.13117322325706482,3.433185338973999,0.1127953976392746,18.371118545532227
2997,3387,What is this please?,1,0.2751297354698181,0.0,0.3593641519546509,6.470016956329346,0.37387582659721375,5.63625955581665,0.47268345952033997,17.07037925720215
2998,2429,What is 465 minus 55?,1,0.10970577597618103,0.0,0.12940272688865662,6.470016956329346,0.11920291930437088,3.6341285705566406,0.19930800795555115,13.429112434387207
2999,744,Please tell me what's on the screen.,0,0.29098084568977356,0.0,0.3557748794555664,6.470016956329346,0.3380771279335022,3.9231865406036377,0.17217186093330383,15.739226341247559
3000,748,What is it?,1,0.3593641519546509,0.0,0.4843800961971283,6.470016956329346,0.4804786741733551,5.231049537658691,0.5926666259765625,14.786192893981934
3001,2854,What is this a picture of?,1,0.17328819632530212,0.0,0.23370634019374847,6.470016956329346,0.24508501589298248,4.924576282501221,0.2146914154291153,14.498003005981445
3002,637,Which lottery to get has two sets of numbers?,0,0.16451644897460938,0.0,0.19930800795555115,6.470016956329346,0.17781086266040802,3.5701441764831543,0.15002882480621338,14.119473457336426
3003,3368,What is this item?,1,0.32766830921173096,0.0,0.4148988127708435,6.470016956329346,0.4073334336280823,4.8290510177612305,0.49609383940696716,13.412439346313477
3004,1653,What is this bottle?,1,0.19436782598495483,0.0,0.2689414322376251,6.470016956329346,0.2254166156053543,3.561765432357788,0.3380771279335022,13.867228507995605
3005,2390,What is this please?,0,0.230919748544693,0.0,0.2782568037509918,6.470016956329346,0.2598256468772888,3.648777961730957,0.17781086266040802,15.819746017456055
3006,581,"I'm trying to restart my computer, and my screen reader isn't working and I'm wondering if it's saying to start Windows normally, or repair, or what the options are.",0,0.24508501589298248,0.0,0.2658804953098297,6.470016956329346,0.2598256468772888,3.466251850128174,0.18126320838928223,16.351604461669922
3007,3816,Are these bananas green or yellow?,1,0.2422056347131729,0.0,0.32766830921173096,6.470016956329346,0.29098084568977356,4.656731605529785,0.23651622235774994,12.016610145568848
3008,3211,What's this?,1,0.3849121630191803,0.0,0.43782350420951843,6.470016956329346,0.45713675022125244,5.746652126312256,0.6150878667831421,15.823030471801758
3009,3859,I have turned the box around again. Can you make out an expiration date now? Sorry about this. ,0,0.16238002479076385,0.0,0.1710611879825592,6.470016956329346,0.1710611879825592,3.5218374729156494,0.2146914154291153,14.825935363769531
3010,681,What is this?,1,0.1755380630493164,0.0,0.2598256468772888,6.470016956329346,0.23651622235774994,4.799065113067627,0.36296921968460083,15.57779598236084
3011,644,What kind of a bite is this?,1,0.12940272688865662,0.0,0.1561049073934555,6.470016956329346,0.14033624529838562,3.503156900405884,0.19436782598495483,12.184816360473633
3012,2981,Could you tell me the sodium content of this tin?,0,0.09947021305561066,0.0,0.1276526302099228,6.470016956329346,0.10818894952535629,3.432602643966675,0.11436852067708969,16.678516387939453
3013,743,What is this? What was the answer that you got?,0,0.2782568037509918,0.0,0.32766830921173096,6.470016956329346,0.3106943964958191,3.6957452297210693,0.2568320035934448,16.24046516418457
3014,448,"Hello there, could you give me an idea of what's on the screen?  Please be as specific as possible.  Thank you.",1,0.3380771279335022,0.0,0.3923368453979492,6.470016956329346,0.37387582659721375,4.119384765625,0.3345894515514374,11.644980430603027
3015,2258,What type is this?  What type of tobacco is this?,1,0.3073580265045166,0.0,0.3557748794555664,6.470016956329346,0.35220178961753845,3.6201014518737793,0.3415825068950653,9.10379409790039
3016,4208, What color is this please? Thanks,1,0.24508501589298248,0.0,0.2751297354698181,6.470016956329346,0.29421496391296387,4.702059268951416,0.2598256468772888,13.422683715820312
3017,534,"Is Windows all the way up, or is something loading?",1,0.16026602685451508,0.0,0.18242551386356354,6.470016956329346,0.17781086266040802,3.6783199310302734,0.14223188161849976,11.069648742675781
3018,3362,What kind of wine is this?,0,0.16238002479076385,0.0,0.19682620465755463,6.470016956329346,0.18476751446723938,3.547797441482544,0.1200256273150444,18.47820281982422
3019,1990,"What are the, what are the two words in the box that are the captcha?",1,0.1561049073934555,0.0,0.1919327974319458,6.470016956329346,0.16885696351528168,3.4872958660125732,0.16026602685451508,8.944205284118652
3020,2438,What's our school mascot?,1,0.28776782751083374,0.0,0.3486451506614685,6.470016956329346,0.3557748794555664,4.726306438446045,0.43014732003211975,16.03164291381836
3021,4140,What does it say on this cap?,0,0.0627892017364502,0.0,0.0627892017364502,6.470016956329346,0.06754669547080994,3.4671146869659424,0.10017222166061401,17.83352279663086
3022,668,What model is laptop?,0,0.18010665476322174,0.0,0.2146914154291153,6.470016956329346,0.1919327974319458,3.471356153488159,0.167763352394104,17.260568618774414
3023,2504,What is this?,1,0.24508501589298248,0.0,0.32423537969589233,6.470016956329346,0.3380771279335022,5.16519021987915,0.44167301058769226,16.3192081451416
3024,662,Is this a snakebite?,0,0.019419347867369652,0.0,0.019419347867369652,6.470016956329346,0.018546564504504204,3.5652272701263428,0.042087726294994354,11.952031135559082
3025,3053,What is this?,1,0.22270014882087708,0.0,0.30404165387153625,6.470016956329346,0.31742629408836365,5.449046611785889,0.5,16.001079559326172
3026,3323,Any copying instructions.,1,0.2782568037509918,0.0,0.3073580265045166,6.470016956329346,0.28776782751083374,3.471356153488159,0.5736784338951111,14.034326553344727
3027,4159,What is this. ,1,0.2845759987831116,0.0,0.36296921968460083,6.470016956329346,0.41111084818840027,5.913856029510498,0.6548947095870972,17.933483123779297
3028,2990,Is this chocolate or vanilla pudding? Thank you.,1,0.1561049073934555,0.0,0.18242551386356354,6.470016956329346,0.17781086266040802,4.078075885772705,0.17781086266040802,10.591557502746582
3029,4207,IS this DVD the Sound of Music?,0,0.1037486270070076,0.0,0.10818894952535629,6.470016956329346,0.10818894952535629,3.4713315963745117,0.13846179842948914,11.817127227783203
3030,2659,What is the progress of this operation?,0,0.1540575623512268,0.0,0.18952108919620514,6.470016956329346,0.16026602685451508,3.471356153488159,0.3345894515514374,17.849197387695312
3031,3977,What is this?,0,0.15203224122524261,0.0,0.22815649211406708,6.470016956329346,0.2120688110589981,4.91677188873291,0.16451644897460938,16.653461456298828
3032,2443,Cookies are these?,0,0.04742587357759476,0.0,0.048136770725250244,6.470016956329346,0.05108273774385452,3.4471185207366943,0.05834583565592766,13.456355094909668
3033,4046,What's in this packet?,1,0.2146914154291153,0.0,0.28140559792518616,6.470016956329346,0.28140559792518616,4.60623025894165,0.24508501589298248,13.919474601745605
3034,1616,What's going on on the screen?,1,0.3812195658683777,0.0,0.4532618820667267,6.470016956329346,0.41869691014289856,3.6972405910491943,0.4339814782142639,13.887468338012695
3035,397,Can you tell me the verification code?,0,0.14414885640144348,0.0,0.17328819632530212,6.470016956329346,0.14804719388484955,3.4676673412323,0.11920291930437088,13.510856628417969
3036,1965,What does it say on this shirt?,1,0.14223188161849976,0.0,0.15203224122524261,6.470016956329346,0.1540575623512268,3.44828462600708,0.25091278553009033,14.381209373474121
3037,374,What was in this box? thank you.,0,0.1919327974319458,0.0,0.22815649211406708,6.470016956329346,0.2146914154291153,3.5180232524871826,0.13846179842948914,19.167465209960938
3038,2518,What type of tile is this?,1,0.24798743426799774,0.0,0.314050555229187,6.470016956329346,0.3208213150501251,4.178591251373291,0.2393493503332138,14.31484603881836
3039,1485,Can you please tell me what each brand is--left and right?,1,0.66888028383255,0.0,0.7662936449050903,6.470016956329346,0.7799928784370422,4.981651782989502,0.8198933005332947,16.30563735961914
3040,3555,What flavor is this?,0,0.20946969091892242,0.0,0.2658804953098297,6.470016956329346,0.2658804953098297,4.299767971038818,0.13296423852443695,16.592369079589844
3041,4200,What color are these two t-shirts? ,1,0.5467381477355957,0.0,0.637030839920044,6.470016956329346,0.672331690788269,5.027101039886475,0.7461389899253845,16.071372985839844
3042,3273,What is in this box?,1,0.19930800795555115,0.0,0.2568320035934448,6.470016956329346,0.2689414322376251,4.722587585449219,0.230919748544693,13.85722541809082
3043,792,What text is on this page?,0,0.3073580265045166,0.0,0.37022536993026733,6.470016956329346,0.314050555229187,3.4608583450317383,0.3849121630191803,10.655940055847168
3044,3263,What's this?,1,0.32766830921173096,0.0,0.37022536993026733,6.470016956329346,0.39606815576553345,5.642184257507324,0.5428633093833923,15.464546203613281
3045,2712,What spice is this?,1,0.06097518280148506,0.0,0.06656918674707413,6.470016956329346,0.06371499598026276,3.467276096343994,0.08509904146194458,12.673192024230957
3046,2403,What is this a picture of?,1,0.2146914154291153,0.0,0.28140559792518616,6.470016956329346,0.29098084568977356,5.498598098754883,0.28298813104629517,15.94339370727539
3047,60,What does the label say on this electronic component?,0,0.3593641519546509,0.0,0.43782350420951843,6.470016956329346,0.3812195658683777,3.4588468074798584,0.13846179842948914,17.94723129272461
3048,3844,What does this say?,0,0.17328819632530212,0.0,0.21733751893043518,6.470016956329346,0.18242551386356354,3.4687676429748535,0.18952108919620514,14.507157325744629
3049,2515,What is this Kane?,0,0.13296423852443695,0.0,0.14804719388484955,6.470016956329346,0.13846179842948914,3.4548282623291016,0.1561049073934555,14.541543960571289
3050,726,What is this?,1,0.19682620465755463,0.0,0.28776782751083374,6.470016956329346,0.2751297354698181,5.025494575500488,0.4263215959072113,15.954249382019043
3051,460,What does this screen say?,1,0.3208213150501251,0.0,0.4035668969154358,6.470016956329346,0.3593641519546509,3.6995832920074463,0.49609383940696716,11.520780563354492
3052,1604,what kind of pee is this?,1,0.16238002479076385,0.0,0.17781086266040802,6.470016956329346,0.18952108919620514,3.8072307109832764,0.14414885640144348,12.236926078796387
3053,3228,What's in the picture?,1,0.4455295503139496,0.0,0.5117166042327881,6.470016956329346,0.5078118443489075,4.991961479187012,0.637030839920044,15.120888710021973
3054,4231,Tell me what this is.,1,0.35220178961753845,0.0,0.4339814782142639,6.470016956329346,0.4843800961971283,6.216832637786865,0.6076632142066956,19.033363342285156
3055,3231,What's the name of this book?,1,0.22815649211406708,0.0,0.30404165387153625,6.470016956329346,0.27202457189559937,3.817082643508911,0.28298813104629517,13.00698471069336
3056,799,What does this key say on the paper? Hopefully you guys can see it right. ,0,0.3073580265045166,0.0,0.3415825068950653,6.470016956329346,0.3208213150501251,3.471356153488159,0.2689414322376251,16.11377716064453
3057,4028,What color is my shirt?,1,0.10087861120700836,0.0,0.11757213622331619,6.470016956329346,0.1208532303571701,3.88078236579895,0.06560482829809189,12.721446990966797
3058,2481,Is the finger pointing to black or white wire.,1,0.15817435085773468,0.0,0.18242551386356354,6.470016956329346,0.1710611879825592,3.7979202270507812,0.18242551386356354,13.825996398925781
3059,458,Can you tell me who this is from?,1,0.16026602685451508,0.0,0.18952108919620514,6.470016956329346,0.18242551386356354,4.056082725524902,0.35220178961753845,14.789484024047852
3060,2498,What does it say on this computer screen?,0,0.11124120652675629,0.0,0.13296423852443695,6.470016956329346,0.11596070975065231,3.471356153488159,0.1710611879825592,17.993942260742188
3061,1572,What color is it?,1,0.2254166156053543,0.0,0.28140559792518616,6.470016956329346,0.2628418505191803,3.837733745574951,0.22000709176063538,11.278934478759766
3062,432,What is this a receipt for? Sorry about this.,0,0.18952108919620514,0.0,0.20946969091892242,6.470016956329346,0.19682620465755463,3.468620538711548,0.13206614553928375,17.328914642333984
3063,2067,Just checking what this is. ,1,0.39606815576553345,0.0,0.44167301058769226,6.470016956329346,0.46490156650543213,4.760063171386719,0.7279754281044006,16.520771026611328
3064,2492,How many carbohydrates are in one serving size?,1,0.2422056347131729,0.0,0.2845759987831116,6.470016956329346,0.2751297354698181,3.80277156829834,0.31742629408836365,15.58172607421875
3065,3205,What part of the eye are shown here?,1,0.30074557662010193,0.0,0.4035668969154358,6.470016956329346,0.3593641519546509,4.256778717041016,0.3593641519546509,15.704508781433105
3066,4238,What letters do i enter in to win the prize?,0,0.13477592170238495,0.0,0.16238002479076385,6.470016956329346,0.14608724415302277,3.5298874378204346,0.11838509887456894,15.980223655700684
3067,3241,What is this?,1,0.22815649211406708,0.0,0.314050555229187,6.470016956329346,0.3345894515514374,5.81954288482666,0.4148988127708435,16.342676162719727
3068,93,"The previous screen presented country, timezone, currency and keyboard and I went ahead and after I got a response from the web worker I selected Alt-N followed by next so I'm not sure if I ",0,0.20434190332889557,0.0,0.22815649211406708,6.470016956329346,0.2146914154291153,3.5671653747558594,0.22270014882087708,13.872818946838379
3069,4218,What color are my pants?,1,0.34510529041290283,0.0,0.41869691014289856,6.470016956329346,0.43014732003211975,4.391315460205078,0.3849121630191803,13.637701988220215
3070,3346,What is that set on?,0,0.1540575623512268,0.0,0.2254166156053543,6.470016956329346,0.2018132209777832,3.7974746227264404,0.18713268637657166,15.837664604187012
3071,1502,Can you see what it says on the screen?,1,0.36296921968460083,0.0,0.4532618820667267,6.470016956329346,0.44167301058769226,4.495950222015381,0.32766830921173096,14.046822547912598
3072,3979,Could you tell me what it says on the TV screen? Thank you.,0,0.2658804953098297,0.0,0.3593641519546509,6.470016956329346,0.3345894515514374,4.219265460968018,0.2146914154291153,13.298145294189453
3073,1660,What color is that please?,1,0.2538610100746155,0.0,0.30404165387153625,6.470016956329346,0.3106943964958191,3.950932741165161,0.24798743426799774,10.561470985412598
3074,1298,Here's number two.,0,0.2782568037509918,0.0,0.29098084568977356,6.470016956329346,0.28776782751083374,3.475919723510742,0.3415825068950653,13.690945625305176
3075,1621,Can you please tell me what that packet is?,1,0.3380771279335022,0.0,0.4148988127708435,6.470016956329346,0.43014732003211975,4.6344523429870605,0.2845759987831116,19.033615112304688
3076,1536,Are these bad for me?,1,0.27202457189559937,0.0,0.31742629408836365,6.470016956329346,0.3106943964958191,3.513353109359741,0.2782568037509918,13.077949523925781
3077,3106,What is this?,1,0.18010665476322174,0.0,0.2658804953098297,6.470016956329346,0.2538610100746155,4.8826470375061035,0.30404165387153625,16.386638641357422
3078,2450,What is this and what is the creator of this product?,0,0.45713675022125244,0.0,0.562176525592804,6.470016956329346,0.5467381477355957,4.042146682739258,0.19072401523590088,15.682377815246582
3079,4041,Name of this?,1,0.35220178961753845,0.0,0.44167301058769226,6.470016956329346,0.44167301058769226,4.980107307434082,0.6548947095870972,13.000174522399902
3080,4210,What is that?,1,0.17328819632530212,0.0,0.2628418505191803,6.470016956329346,0.28140559792518616,5.426027297973633,0.36296921968460083,15.0527982711792
3081,3146,Do you see any type of water bugs or anything?,1,0.19930800795555115,0.0,0.2393493503332138,6.470016956329346,0.2422056347131729,4.145300388336182,0.3849121630191803,11.902514457702637
3082,3349,What color is the sky?,1,0.3812195658683777,0.0,0.4532618820667267,6.470016956329346,0.45713675022125244,4.685851097106934,0.33111974596977234,12.864317893981934
3083,4273,Could you tell me what kind of pudding this is please? Thank you.,1,0.3345894515514374,0.0,0.3923368453979492,6.470016956329346,0.43014732003211975,5.3879923820495605,0.49609383940696716,16.736873626708984
3084,2543,What is color for this laptop?,1,0.20946969091892242,0.0,0.2658804953098297,6.470016956329346,0.2393493503332138,3.888681650161743,0.20689405500888824,11.785604476928711
3085,764,What is this?,0,0.14608724415302277,0.0,0.20689405500888824,6.470016956329346,0.18242551386356354,4.4066338539123535,0.14804719388484955,17.521442413330078
3086,2531,"Hi, can you identify this sun cream?",0,0.30074557662010193,0.0,0.3415825068950653,6.470016956329346,0.3415825068950653,3.814314842224121,0.19436782598495483,14.630766868591309
3087,1553,What is this?,1,0.35220178961753845,0.0,0.46101680397987366,6.470016956329346,0.5,6.74454927444458,0.5851011276245117,16.08147430419922
3088,4179,Does this jewelry and this outfit match?,0,0.15817435085773468,0.0,0.17781086266040802,6.470016956329346,0.17328819632530212,3.6272614002227783,0.23651622235774994,15.919300079345703
3089,1082,What is this?,1,0.15817435085773468,0.0,0.230919748544693,6.470016956329346,0.230919748544693,5.5395307540893555,0.27202457189559937,16.601318359375
3090,4211,What about the color cloth. Tell me about the color cloth. ,1,0.2393493503332138,0.0,0.30074557662010193,6.470016956329346,0.2782568037509918,3.620251417160034,0.2538610100746155,16.39521598815918
3091,3291,Can you tell me what this is?,1,0.34510529041290283,0.0,0.4263215959072113,6.470016956329346,0.47268345952033997,6.449983596801758,0.6825737357139587,19.873022079467773
3092,3202,Please tell me the flavor of this soup.,1,0.16667540371418,0.0,0.22270014882087708,6.470016956329346,0.2120688110589981,4.509285926818848,0.20434190332889557,11.792844772338867
3093,2275,What is this item?,1,0.22270014882087708,0.0,0.30404165387153625,6.470016956329346,0.28140559792518616,3.9730899333953857,0.29746994376182556,13.209087371826172
3094,4015,What flavor are these noodles? ,1,0.17781086266040802,0.0,0.2254166156053543,6.470016956329346,0.20689405500888824,3.7582828998565674,0.2568320035934448,15.0602445602417
3095,3233,what flavor is this?,1,0.2538610100746155,0.0,0.3106943964958191,6.470016956329346,0.32423537969589233,4.539519309997559,0.32423537969589233,14.619034767150879
3096,3359,What color is this?,1,0.29746994376182556,0.0,0.36658975481987,6.470016956329346,0.36658975481987,4.519994735717773,0.2845759987831116,12.689736366271973
3097,762,Does this picture show an open fire?,1,0.05665242671966553,0.0,0.06008664518594742,6.470016956329346,0.05834583565592766,4.044788360595703,0.0384661927819252,12.821818351745605
3098,236,Can you tell me what the error message is and what I can do to get past it?,0,0.1540575623512268,0.0,0.19436782598495483,6.470016956329346,0.16559311747550964,3.467048406600952,0.30569732189178467,13.435766220092773
3099,770,What's in that bottle?,1,0.19930800795555115,0.0,0.2782568037509918,6.470016956329346,0.23370634019374847,3.704054594039917,0.2568320035934448,12.310288429260254
3100,88,What are the cooking instructions for this?,0,0.2845759987831116,0.0,0.3486451506614685,6.470016956329346,0.30404165387153625,3.4654886722564697,0.16559311747550964,17.280200958251953
3101,2480,Who makes this bag?,0,0.22000709176063538,0.0,0.2751297354698181,6.470016956329346,0.2538610100746155,3.471356153488159,0.1755380630493164,13.277058601379395
3102,3945,What book is this? Thank you.,1,0.30404165387153625,0.0,0.3593641519546509,6.470016956329346,0.3380771279335022,3.673722982406616,0.3380771279335022,11.85015869140625
3103,746,"Can you please tell me the directions for this medication, please?  Thank you.",0,0.21733751893043518,0.0,0.2538610100746155,6.470016956329346,0.230919748544693,3.468065023422241,0.21733751893043518,14.228409767150879
3104,2283,What is this?,1,0.22815649211406708,0.0,0.32766830921173096,6.470016956329346,0.36296921968460083,6.143045902252197,0.41869691014289856,17.074586868286133
3105,4221,"This is a package with a label on it called Ducker. Can you tell me the ingredients in it, please?",0,0.3345894515514374,0.0,0.4035668969154358,6.470016956329346,0.36296921968460083,3.665980577468872,0.30404165387153625,15.072861671447754
3106,540,What does my computer screen say?,0,0.2598256468772888,0.0,0.3415825068950653,6.470016956329346,0.3073580265045166,3.7732958793640137,0.14608724415302277,17.255184173583984
3107,4064,What currency is this?,1,0.24508501589298248,0.0,0.3415825068950653,6.470016956329346,0.33111974596977234,4.521449565887451,0.24508501589298248,14.900781631469727
3108,614,What is the number on this building that I just photographed? This is Yappapi College.,0,0.13296423852443695,0.0,0.15203224122524261,6.470016956329346,0.14223188161849976,3.456601619720459,0.13296423852443695,16.301847457885742
3109,4259,What kind of peanut butter is this? ,1,0.2598256468772888,0.0,0.3073580265045166,6.470016956329346,0.3345894515514374,4.481468200683594,0.41869691014289856,14.689627647399902
3110,3105,What is this?,0,0.1919327974319458,0.0,0.2782568037509918,6.470016956329346,0.23370634019374847,3.8026540279388428,0.18359363079071045,17.119592666625977
3111,3398,What is in this spray bottle?,0,0.12421300262212753,0.0,0.1919327974319458,6.470016956329346,0.14223188161849976,3.488994836807251,0.08570927381515503,20.527698516845703
3112,2329,"Can you please tell me what the dryer's set to, and which way does it turn it to increase the temperature? Thank you very much.",1,0.4882833957672119,0.0,0.562176525592804,6.470016956329346,0.5273165106773376,4.124239921569824,0.7577943801879883,16.57097816467285
3113,2537,What kind of fish is this?,1,0.1919327974319458,0.0,0.2393493503332138,6.470016956329346,0.2422056347131729,3.907832622528076,0.22000709176063538,15.80582332611084
3114,684,Is this a keyboard?,1,0.07477004081010818,0.0,0.08509904146194458,6.470016956329346,0.08269733935594559,3.6660852432250977,0.048136770725250244,10.717743873596191
3115,4212,So this is my first time using this. I haven't used this product before and would be grateful if someone would please read the directions for me.,1,0.46101680397987366,0.0,0.4882833957672119,6.470016956329346,0.4804786741733551,3.476839303970337,0.5117166042327881,13.03877067565918
3116,3052,this garment.,1,0.3208213150501251,0.0,0.37022536993026733,6.470016956329346,0.3557748794555664,3.6027660369873047,0.622459352016449,15.825240135192871
3117,1550,This can say.,0,0.21733751893043518,0.0,0.2568320035934448,6.470016956329346,0.22815649211406708,3.443206787109375,0.1919327974319458,15.159165382385254
3118,304,What letters do I type in to claim the prize?,0,0.13660839200019836,0.0,0.16451644897460938,6.470016956329346,0.14414885640144348,3.4595999717712402,0.1037486270070076,15.983203887939453
3119,371,Could you tell me if I need to hit enter or can you actually tell if I need to do something else?,1,0.30074557662010193,0.0,0.3557748794555664,6.470016956329346,0.3415825068950653,3.7060861587524414,0.46101680397987366,14.211819648742676
3120,3396,For how long do I cook this in the microwave?,0,0.13846179842948914,0.0,0.15817435085773468,6.470016956329346,0.14804719388484955,3.4728753566741943,0.18126320838928223,20.234989166259766
3121,599,Describe this picture please.,1,0.21733751893043518,0.0,0.23651622235774994,6.470016956329346,0.2422056347131729,4.166530609130859,0.4532618820667267,15.113601684570312
3122,3120,What is this?,1,0.20946969091892242,0.0,0.29421496391296387,6.470016956329346,0.30074557662010193,5.458010673522949,0.4765796661376953,16.83322525024414
3123,2521,How much?,1,0.28140559792518616,0.0,0.3345894515514374,6.470016956329346,0.3593641519546509,4.782505512237549,0.36296921968460083,16.07933235168457
3124,3407,What color is this pillow?,1,0.14804719388484955,0.0,0.16451644897460938,6.470016956329346,0.17328819632530212,3.518819808959961,0.1276526302099228,10.587980270385742
3125,1656,What does this screen say?,1,0.14804719388484955,0.0,0.16238002479076385,6.470016956329346,0.1540575623512268,3.459733486175537,0.28776782751083374,14.885489463806152
3126,4021,What kind of coffee is this?,1,0.25091278553009033,0.0,0.314050555229187,6.470016956329346,0.33111974596977234,4.255277633666992,0.28140559792518616,13.90596866607666
3127,3274,What does it say on this coupon?,1,0.3380771279335022,0.0,0.4263215959072113,6.470016956329346,0.43782350420951843,4.469414710998535,0.531209409236908,15.187649726867676
3128,737,What is this a recipe from?,0,0.04672496020793915,0.0,0.04535257816314697,6.470016956329346,0.04603390023112297,3.4919588565826416,0.07807815819978714,13.85713005065918
3129,818,How fast is my up and download?,1,0.1561049073934555,0.0,0.1919327974319458,6.470016956329346,0.18242551386356354,4.139329433441162,0.23370634019374847,16.490530014038086
3130,4068,What is this a can of? ,1,0.37022536993026733,0.0,0.46490156650543213,6.470016956329346,0.46101680397987366,4.463632583618164,0.4148988127708435,14.950216293334961
3131,1673,What flavors of jelly beans are in the package?,1,0.33111974596977234,0.0,0.4035668969154358,6.470016956329346,0.39981165528297424,4.326111793518066,0.5774953961372375,14.301892280578613
3132,3860,This is Brian. What color is this?,1,0.2568320035934448,0.0,0.29746994376182556,6.470016956329346,0.29746994376182556,3.7240805625915527,0.3557748794555664,14.608619689941406
3133,1523,Is there anybody in the hallway?,1,0.021948255598545074,0.0,0.02517884224653244,6.470016956329346,0.024423090741038322,3.8628485202789307,0.017176710069179535,13.222879409790039
3134,826,It says books.,0,0.16885696351528168,0.0,0.18713268637657166,6.470016956329346,0.18476751446723938,3.501422882080078,0.230919748544693,15.323728561401367
3135,4267,What does this box say?,0,0.2018132209777832,0.0,0.2568320035934448,6.470016956329346,0.22270014882087708,3.728559970855713,0.1233656108379364,17.065765380859375
3136,2947,what color is this  hair clip?,1,0.11124120652675629,0.0,0.12252321094274521,6.470016956329346,0.1276526302099228,4.155010223388672,0.06754669547080994,12.612420082092285
3137,1512,What is this?,0,0.24798743426799774,0.0,0.3380771279335022,6.470016956329346,0.3557748794555664,5.858356475830078,0.18952108919620514,17.6141300201416
3138,4152,Where's the help for vizwiz?,0,0.12678517401218414,0.0,0.13846179842948914,6.470016956329346,0.13386750221252441,3.471356153488159,0.09807932376861572,12.88917350769043
3139,4164,what is this thermostat temperature set at,0,0.07369627058506012,0.0,0.08509904146194458,6.470016956329346,0.07696083933115005,3.4803237915039062,0.09947021305561066,18.174518585205078
3140,2191,What is this object?,1,0.3812195658683777,0.0,0.4687906503677368,6.470016956329346,0.49609383940696716,5.5169548988342285,0.4130035638809204,16.634235382080078
3141,1666,What color is this shirt?,0,0.20946969091892242,0.0,0.2422056347131729,6.470016956329346,0.2393493503332138,3.6225452423095703,0.20561504364013672,15.819643020629883
3142,1786,What color is this shirt?,1,0.4532618820667267,0.0,0.5583269596099854,6.470016956329346,0.5389832258224487,4.618350028991699,0.46490156650543213,12.294390678405762
3143,2409,What color is this?,1,0.3415825068950653,0.0,0.43014732003211975,6.470016956329346,0.4073334336280823,4.638758659362793,0.39606815576553345,10.702342987060547
3144,1385,What color are these pants?,0,0.05921025201678276,0.0,0.05921025201678276,6.470016956329346,0.06560482829809189,3.450230360031128,0.08945459872484207,15.933228492736816
3145,984,What are the numbers shown that I need to type in the box?,0,0.19930800795555115,0.0,0.2422056347131729,6.470016956329346,0.2120688110589981,3.5404348373413086,0.1540575623512268,17.477569580078125
3146,4204,What object is this?,0,0.16451644897460938,0.0,0.22815649211406708,6.470016956329346,0.18242551386356354,3.4659926891326904,0.11757213622331619,15.907989501953125
3147,1510,What's in this image?,1,0.2782568037509918,0.0,0.3106943964958191,6.470016956329346,0.30074557662010193,4.387939453125,0.41869691014289856,13.90833854675293
3148,3367,What is this?,1,0.24798743426799774,0.0,0.3380771279335022,6.470016956329346,0.36658975481987,5.95613956451416,0.37387582659721375,16.508033752441406
3149,2452,What is this?,1,0.3775406777858734,0.0,0.47268345952033997,6.470016956329346,0.5195213556289673,6.383714199066162,0.815232515335083,17.718929290771484
3150,2466,What flavor is this?,1,0.13296423852443695,0.0,0.16451644897460938,6.470016956329346,0.15817435085773468,4.227156162261963,0.19436782598495483,13.278258323669434
3151,570,What animal is on this computer screen?,1,0.07263670116662979,0.0,0.08035746961832047,6.470016956329346,0.07585817575454712,3.4577085971832275,0.06853749603033066,15.155843734741211
3152,3966,Can you tell me what this is?,1,0.33111974596977234,0.0,0.42250463366508484,6.470016956329346,0.4493926465511322,5.406920433044434,0.5389832258224487,18.747600555419922
3153,1641,What is my computer screen showing?,1,0.34510529041290283,0.0,0.45713675022125244,6.470016956329346,0.45713675022125244,4.537067890167236,0.3923368453979492,14.377413749694824
3154,1598,What is it?,0,0.18952108919620514,0.0,0.27202457189559937,6.470016956329346,0.23651622235774994,3.8861045837402344,0.2018132209777832,18.918859481811523
3155,3460,What is this?,1,0.2782568037509918,0.0,0.3849121630191803,6.470016956329346,0.4035668969154358,5.937249660491943,0.5273165106773376,16.37872886657715
3156,3812,What color is that vain?,0,0.16026602685451508,0.0,0.18010665476322174,6.470016956329346,0.18952108919620514,3.802002429962158,0.10158944129943848,16.001420974731445
3157,489,What is this and does it have a name on it?,1,0.4882833957672119,0.0,0.5851011276245117,6.470016956329346,0.5736784338951111,4.120744705200195,0.7217432260513306,13.042730331420898
3158,3299,What is this?,1,0.19930800795555115,0.0,0.30074557662010193,6.470016956329346,0.28776782751083374,5.2263970375061035,0.5,15.837325096130371
3159,382,What does the error message say?,1,0.2422056347131729,0.0,0.3106943964958191,6.470016956329346,0.28776782751083374,3.807769775390625,0.3812195658683777,14.344063758850098
3160,1453,What is the answer?,0,0.1127953976392746,0.0,0.13846179842948914,6.470016956329346,0.12252321094274521,3.525973081588745,0.14128142595291138,16.272050857543945
3161,4186,"Can you read the text on this, please?",0,0.3106943964958191,0.0,0.37387582659721375,6.470016956329346,0.35220178961753845,3.614339590072632,0.2689414322376251,11.046920776367188
3162,3286,What is written on the bottle?,1,0.4687906503677368,0.0,0.5660185217857361,6.470016956329346,0.4843800961971283,3.463027000427246,0.6001883149147034,14.954865455627441
3163,1429,What flavor is this?,1,0.2751297354698181,0.0,0.37022536993026733,6.470016956329346,0.39606815576553345,5.790052890777588,0.32423537969589233,14.567792892456055
3164,3178,What kind of detergent is this?,0,0.2120688110589981,0.0,0.2598256468772888,6.470016956329346,0.2422056347131729,3.493661642074585,0.15713685750961304,15.693416595458984
3165,654,"Is there anything on the screen, something about start up?",1,0.2254166156053543,0.0,0.2658804953098297,6.470016956329346,0.2628418505191803,3.947242021560669,0.2018132209777832,11.65839958190918
3166,3322,Do you know how to use the function button?  Help!,0,0.29098084568977356,0.0,0.33111974596977234,6.470016956329346,0.30404165387153625,3.4564552307128906,0.32423537969589233,16.71243667602539
3167,4265,"Can you tell me what kind of phone this is? This is, I mean. ",1,0.4687906503677368,0.0,0.5506073832511902,6.470016956329346,0.5851011276245117,4.981204509735107,0.5698526501655579,16.13726806640625
3168,3347,What dinner is this?,1,0.2782568037509918,0.0,0.35220178961753845,6.470016956329346,0.36658975481987,4.769272327423096,0.30074557662010193,13.553044319152832
3169,2120,What is this?,1,0.22815649211406708,0.0,0.314050555229187,6.470016956329346,0.32766830921173096,6.142437934875488,0.5660185217857361,16.49574089050293
3170,2371,May I know what is in this can please?,1,0.29098084568977356,0.0,0.36658975481987,6.470016956329346,0.3849121630191803,5.592114448547363,0.7549149990081787,20.07416534423828
3171,2476,What kind of coffee is this?,1,0.19930800795555115,0.0,0.25091278553009033,6.470016956329346,0.29098084568977356,5.130636692047119,0.2018132209777832,13.578186988830566
3172,795,what kind of soda is this?,0,0.06008664518594742,0.0,0.06560482829809189,6.470016956329346,0.06187598407268524,3.464127779006958,0.06325051933526993,16.59718894958496
3173,784,What's this? ,1,0.28140559792518616,0.0,0.3208213150501251,6.470016956329346,0.3345894515514374,5.511984348297119,0.4687906503677368,14.649580955505371
3174,3071,What medication is this?,0,0.16667540371418,0.0,0.23651622235774994,6.470016956329346,0.2018132209777832,3.5091986656188965,0.12421300262212753,17.09929656982422
3175,606,what is this?,1,0.19436782598495483,0.0,0.2568320035934448,6.470016956329346,0.2689414322376251,5.542042255401611,0.4035668969154358,16.665739059448242
3176,3366,What is in this can?,1,0.11436852067708969,0.0,0.14033624529838562,6.470016956329346,0.11757213622331619,3.481907844543457,0.15203224122524261,13.938653945922852
3177,1336,What is this?,1,0.230919748544693,0.0,0.3415825068950653,6.470016956329346,0.36296921968460083,6.076552867889404,0.38861799240112305,16.245189666748047
3178,1098,What are the chemical elements that form most of living biological matter?,0,0.2538610100746155,0.0,0.32423537969589233,6.470016956329346,0.2782568037509918,3.4599475860595703,0.12252321094274521,14.856708526611328
3179,2368,What is this a picture of? ,1,0.4035668969154358,0.0,0.5156199336051941,6.470016956329346,0.5234203934669495,5.7768988609313965,0.8006919622421265,16.72422218322754
3180,3811,What color is this shirt? Thank you.,1,0.3557748794555664,0.0,0.41869691014289856,6.470016956329346,0.44167301058769226,4.873950004577637,0.3345894515514374,12.007949829101562
3181,532,Hello hello hello.,0,0.23370634019374847,0.0,0.2628418505191803,6.470016956329346,0.2598256468772888,3.5838117599487305,0.2782568037509918,15.889616966247559
3182,834,What kind of card is this?,1,0.28776782751083374,0.0,0.36658975481987,6.470016956329346,0.37022536993026733,4.478339195251465,0.29421496391296387,11.935260772705078
3183,2354,What is this?  Is it barbecue or regular potato chips?,1,0.2845759987831116,0.0,0.3106943964958191,6.470016956329346,0.3345894515514374,4.759738445281982,0.24508501589298248,16.070131301879883
3184,820,"I was actually talking to somebody. My other phone died. Can you actually tell me if you can see the whole laptop screen and where exactly, exactly where it's at for setup? ",1,0.2751297354698181,0.0,0.28776782751083374,6.470016956329346,0.29098084568977356,3.5415210723876953,0.24508501589298248,17.34498405456543
3185,2528,What is this?,1,0.23651622235774994,0.0,0.33111974596977234,6.470016956329346,0.36296921968460083,6.474584102630615,0.47268345952033997,17.660314559936523
3186,2126,What color is the shirt?,1,0.2146914154291153,0.0,0.2628418505191803,6.470016956329346,0.2568320035934448,3.918440818786621,0.1919327974319458,11.374809265136719
3187,4235,What is in this box?,1,0.4073334336280823,0.0,0.5234203934669495,6.470016956329346,0.5428633093833923,5.307283401489258,0.5117166042327881,14.312692642211914
3188,2523,What kind of pop is this?,0,0.2782568037509918,0.0,0.33111974596977234,6.470016956329346,0.3557748794555664,4.235353946685791,0.22270014882087708,17.118080139160156
3189,1400,"What kind of soda is this, please?",0,0.14414885640144348,0.0,0.16238002479076385,6.470016956329346,0.16026602685451508,3.4579105377197266,0.09467770159244537,16.015941619873047
3190,1690,What is this?,0,0.18952108919620514,0.0,0.2658804953098297,6.470016956329346,0.22815649211406708,3.8496809005737305,0.16885696351528168,16.66967010498047
3191,2338,What color is this Starburst? ,1,0.29746994376182556,0.0,0.36296921968460083,6.470016956329346,0.3593641519546509,4.39532470703125,0.42250463366508484,15.074952125549316
3192,2564,"What cleaning product is it, and what do you use it on? ",0,0.18476751446723938,0.0,0.2393493503332138,6.470016956329346,0.20689405500888824,3.451382637023926,0.11201596260070801,15.027134895324707
3193,1367,What is the frequency in the display?,1,0.19930800795555115,0.0,0.2393493503332138,6.470016956329346,0.20434190332889557,3.456461191177368,0.20434190332889557,14.789703369140625
3194,3384,What kind of chips are those?,0,0.09534946084022522,0.0,0.09807932376861572,6.470016956329346,0.1037486270070076,3.4516377449035645,0.2146914154291153,16.78937339782715
3195,2555,"Hello. This is a picture of a scanner receiver, I'm hoping the picture is clear enough. What I would like to do is if you can give me a description of the keys starting at the top left and then reading across horizontally.",0,0.4339814782142639,0.0,0.4687906503677368,6.470016956329346,0.4493926465511322,3.568960189819336,0.28776782751083374,12.112089157104492
3196,801,What name?,0,0.2393493503332138,0.0,0.27202457189559937,6.470016956329346,0.2538610100746155,3.457523822784424,0.22815649211406708,12.185795783996582
3197,1892,What's inside this image?,1,0.230919748544693,0.0,0.2598256468772888,6.470016956329346,0.24798743426799774,3.7655580043792725,0.3106943964958191,12.721470832824707
3198,3363,What is this?,1,0.24798743426799774,0.0,0.3208213150501251,6.470016956329346,0.32423537969589233,5.339068412780762,0.4455295503139496,15.255034446716309
3199,1612,Whats the expiration date on this mayonnaise please? ,0,0.09534946084022522,0.0,0.10669060051441193,6.470016956329346,0.09670579433441162,3.471356153488159,0.08819004893302917,16.849645614624023
3200,797,Am I still at the login screen and if I am how do I get to the user name BBM99756 using keyboard commands only,0,0.20434190332889557,0.0,0.230919748544693,6.470016956329346,0.22270014882087708,3.5178091526031494,0.24798743426799774,15.250402450561523
3201,3301,Please tell me what is in this package. Thank you,0,0.16451644897460938,0.0,0.1919327974319458,6.470016956329346,0.20946969091892242,4.437402248382568,0.08819004893302917,18.584230422973633
3202,436,Can you tell me what the screen is saying?,1,0.12940272688865662,0.0,0.16885696351528168,6.470016956329346,0.14414885640144348,3.679668664932251,0.2751297354698181,16.09035873413086
3203,418,What am I really seeing here?,1,0.19436782598495483,0.0,0.25091278553009033,6.470016956329346,0.2538610100746155,5.19594669342041,0.5583269596099854,16.5302734375
3204,2232,How does this work?,0,0.31742629408836365,0.0,0.4073334336280823,6.470016956329346,0.3380771279335022,3.4580042362213135,0.17441026866436005,17.959674835205078
3205,2507,What is the expiration date?,0,0.14804719388484955,0.0,0.21733751893043518,6.470016956329346,0.15817435085773468,3.5006022453308105,0.1550784707069397,18.646472930908203
3206,4078,What is that?,1,0.2658804953098297,0.0,0.3486451506614685,6.470016956329346,0.41869691014289856,6.264782428741455,0.4455295503139496,15.804574966430664
3207,1377,What is this book called? ,1,0.49609383940696716,0.0,0.562176525592804,6.470016956329346,0.5698526501655579,4.27184534072876,0.6909762620925903,13.11677074432373
3208,248,Can you tell me what this price tag says?,1,0.45713675022125244,0.0,0.5350984334945679,6.470016956329346,0.5660185217857361,5.239815711975098,0.7799928784370422,17.893159866333008
3209,690,What is this device,1,0.32766830921173096,0.0,0.4263215959072113,6.470016956329346,0.44167301058769226,5.390613555908203,0.45713675022125244,12.774188041687012
3210,3981,What kind of yogurt is this?,0,0.2568320035934448,0.0,0.314050555229187,6.470016956329346,0.3106943964958191,3.7502129077911377,0.19072401523590088,16.685842514038086
3211,4132,What is this?,1,0.2598256468772888,0.0,0.3486451506614685,6.470016956329346,0.3557748794555664,5.290501117706299,0.45713675022125244,15.942426681518555
3212,508,What is in this photograph?,1,0.2628418505191803,0.0,0.35220178961753845,6.470016956329346,0.3208213150501251,4.508248329162598,0.5195213556289673,15.32053279876709
3213,511,What is this?,1,0.25091278553009033,0.0,0.34510529041290283,6.470016956329346,0.37022536993026733,6.156214714050293,0.6113819479942322,16.544984817504883
3214,1704,What's this?,1,0.28776782751083374,0.0,0.3208213150501251,6.470016956329346,0.34510529041290283,5.389453411102295,0.4455295503139496,15.639404296875
3215,4126,In this bottle?,0,0.18713268637657166,0.0,0.2393493503332138,6.470016956329346,0.19682620465755463,3.4830703735351562,0.1710611879825592,15.833364486694336
3216,3358,What is this?,1,0.2628418505191803,0.0,0.3486451506614685,6.470016956329346,0.36658975481987,5.510941982269287,0.47268345952033997,15.684000968933105
3217,1533,Who is the fifth president and who is on the six dollar bill?,1,0.36658975481987,0.0,0.46490156650543213,6.470016956329346,0.42250463366508484,3.9553956985473633,0.4073334336280823,12.318462371826172
3218,709,What is this?,1,0.16885696351528168,0.0,0.2393493503332138,6.470016956329346,0.25091278553009033,5.46682071685791,0.3775406777858734,16.58418846130371
3219,1421,What color is my shirt?,1,0.33111974596977234,0.0,0.4148988127708435,6.470016956329346,0.4148988127708435,4.425567626953125,0.37387582659721375,14.018917083740234
3220,1230,What do you see?,1,0.28776782751083374,0.0,0.33111974596977234,6.470016956329346,0.33111974596977234,4.4334001541137695,0.8031737804412842,17.47890853881836
3221,4180,What flavor of tea is this?,0,0.05834583565592766,0.0,0.06754669547080994,6.470016956329346,0.06008664518594742,3.4668846130371094,0.06465348601341248,16.96436882019043
3222,4249,I need to know what can this is so what is in this can?,1,0.2658804953098297,0.0,0.35220178961753845,6.470016956329346,0.3486451506614685,4.644147872924805,0.7248703241348267,17.332962036132812
3223,502,What caliber is this bullet?,0,0.03676946461200714,0.0,0.03622005879878998,6.470016956329346,0.03676946461200714,3.4679605960845947,0.0792103260755539,18.014631271362305
3224,1668,What is this?,1,0.2146914154291153,0.0,0.29098084568977356,6.470016956329346,0.31742629408836365,6.192298889160156,0.45713675022125244,16.667123794555664
3225,3382,What kind of soup is this?,0,0.048136770725250244,0.0,0.04958902671933174,6.470016956329346,0.04958902671933174,3.4684460163116455,0.07640768587589264,17.76930046081543
3226,2335,Can you please tell me what this can says so I can figure out what's in it?,0,0.2393493503332138,0.0,0.2598256468772888,6.470016956329346,0.25091278553009033,3.476524591445923,0.11516223102807999,11.620380401611328
3227,3220,"Okay, what kind of jerky is this again?",0,0.20689405500888824,0.0,0.23651622235774994,6.470016956329346,0.2538610100746155,4.1081953048706055,0.18126320838928223,15.167431831359863
3228,635,Please tell me what this says.,0,0.1561049073934555,0.0,0.18010665476322174,6.470016956329346,0.16451644897460938,3.4704582691192627,0.3923368453979492,14.945419311523438
3229,4187,Is this peanut or almond flavor?,1,0.13296423852443695,0.0,0.14223188161849976,6.470016956329346,0.14414885640144348,4.015341758728027,0.11596070975065231,12.356632232666016
3230,3327,What is in this box?,1,0.15203224122524261,0.0,0.2018132209777832,6.470016956329346,0.17781086266040802,3.7717292308807373,0.1919327974319458,13.512680053710938
3231,3156,"Summary, what is on this page?",1,0.32423537969589233,0.0,0.36658975481987,6.470016956329346,0.37022536993026733,4.458935260772705,0.49609383940696716,14.938741683959961
3232,670,"Hi, I'm trying to solve this captcha. Can you help me out? Can you tell me what you see in the captcha on the screen? Thank you.",0,0.23370634019374847,0.0,0.25091278553009033,6.470016956329346,0.24508501589298248,3.5334954261779785,0.3106943964958191,14.551983833312988
3233,767,"I need to know specifically what is written across the screen on this computer, please.",1,0.2568320035934448,0.0,0.30074557662010193,6.470016956329346,0.2751297354698181,3.5671725273132324,0.2422056347131729,16.43408203125
3234,415,What's on the screen?,0,0.2628418505191803,0.0,0.33111974596977234,6.470016956329346,0.2845759987831116,3.891937732696533,0.1200256273150444,16.511634826660156
3235,3423,What is this package?,1,0.36658975481987,0.0,0.4532618820667267,6.470016956329346,0.4804786741733551,5.144865036010742,0.3106943964958191,13.945300102233887
3236,1267,What color is this?,1,0.3380771279335022,0.0,0.41869691014289856,6.470016956329346,0.4148988127708435,4.89171028137207,0.32766830921173096,12.07189655303955
3237,804,What colors are in this shirt?,1,0.37022536993026733,0.0,0.46490156650543213,6.470016956329346,0.43782350420951843,4.81151008605957,0.5195213556289673,16.017044067382812
3238,1747,What NASCAR driver is this?,1,0.2598256468772888,0.0,0.3073580265045166,6.470016956329346,0.30074557662010193,4.3117451667785645,0.32766830921173096,14.977758407592773
3239,4119,What's that?,1,0.20946969091892242,0.0,0.2568320035934448,6.470016956329346,0.29746994376182556,5.189021587371826,0.24508501589298248,15.280691146850586
3240,1591,What is this title?,1,0.2422056347131729,0.0,0.2689414322376251,6.470016956329346,0.2628418505191803,3.6123015880584717,0.2598256468772888,11.131270408630371
3241,2494,What's the color of this shirt?,1,0.5389832258224487,0.0,0.6150878667831421,6.470016956329346,0.6001883149147034,4.113309383392334,0.5736784338951111,11.814565658569336
3242,3372,What is in this can?,0,0.2146914154291153,0.0,0.27202457189559937,6.470016956329346,0.2422056347131729,3.498948097229004,0.1276526302099228,19.758180618286133
3243,780,What's this?,1,0.32423537969589233,0.0,0.36658975481987,6.470016956329346,0.3775406777858734,5.217705249786377,0.5774953961372375,14.335972785949707
3244,3799,I'm in a control study for the clothing,0,0.1127953976392746,0.0,0.11920291930437088,6.470016956329346,0.11920291930437088,3.471356153488159,0.2254166156053543,14.671462059020996
3245,4011,What page number is displayed? Thank you.,1,0.24508501589298248,0.0,0.3073580265045166,6.470016956329346,0.2689414322376251,3.8311426639556885,0.3812195658683777,10.842011451721191
3246,803,Does it have any writing on it?,1,0.29421496391296387,0.0,0.3775406777858734,6.470016956329346,0.3380771279335022,4.165177345275879,0.46101680397987366,12.149395942687988
3247,4263,What is it? I did.,1,0.2782568037509918,0.0,0.3380771279335022,6.470016956329346,0.32423537969589233,3.78190541267395,0.6791787147521973,13.210123062133789
3248,3340,What is this?,1,0.29098084568977356,0.0,0.38861799240112305,6.470016956329346,0.37387582659721375,4.975091457366943,0.6039317846298218,16.720903396606445
3249,2462,What am I looking at?,1,0.23651622235774994,0.0,0.32766830921173096,6.470016956329346,0.3593641519546509,6.02185583114624,0.4532618820667267,16.890941619873047
3250,4300,What is this?,1,0.20689405500888824,0.0,0.29421496391296387,6.470016956329346,0.30404165387153625,5.138632297515869,0.3593641519546509,16.985078811645508
3251,1634,"Hi, hopefully this is a better picture and right way up. Can you please tell me what the cooking instructions are?",0,0.3593641519546509,0.0,0.41111084818840027,6.470016956329346,0.3812195658683777,3.552968978881836,0.3208213150501251,15.086825370788574
3252,837,What does this card say?,0,0.3073580265045166,0.0,0.37022536993026733,6.470016956329346,0.35220178961753845,3.5237481594085693,0.17781086266040802,16.49689483642578
3253,4101,This is a skillet meal.  What type of skillet meal is this?,1,0.2845759987831116,0.0,0.3415825068950653,6.470016956329346,0.3415825068950653,4.039938449859619,0.32423537969589233,12.80806827545166
3254,3427,What is this?,1,0.3073580265045166,0.0,0.42250463366508484,6.470016956329346,0.4339814782142639,5.9025959968566895,0.6113819479942322,16.570159912109375
3255,2522,What is this?,1,0.24798743426799774,0.0,0.34510529041290283,6.470016956329346,0.36296921968460083,6.60418701171875,0.6150878667831421,16.929054260253906
3256,2571,"What color is this t-shirt, and what are the colors in it?",1,0.3849121630191803,0.0,0.44167301058769226,6.470016956329346,0.44167301058769226,4.365405559539795,0.44167301058769226,13.767936706542969
3257,1649,Hello there. What's written on that computer screen please? Thank you again.,1,0.4148988127708435,0.0,0.4843800961971283,6.470016956329346,0.4687906503677368,4.437633991241455,0.5851011276245117,16.664085388183594
3258,2525,What is this?,1,0.2689414322376251,0.0,0.3557748794555664,6.470016956329346,0.38861799240112305,6.232414722442627,0.4263215959072113,15.371789932250977
3259,4037,What is this?,0,0.230919748544693,0.0,0.314050555229187,6.470016956329346,0.2782568037509918,3.780465841293335,0.17781086266040802,16.836332321166992
3260,1682,What kind of dog is this?,1,0.314050555229187,0.0,0.3775406777858734,6.470016956329346,0.42250463366508484,5.35693359375,0.30404165387153625,15.103337287902832
3261,3605,Can this sweater work with business attire as well as with a more casual outfit?,1,0.3345894515514374,0.0,0.4073334336280823,6.470016956329346,0.38861799240112305,3.7462100982666016,0.23651622235774994,14.772322654724121
3262,3785,What flavor is this?,1,0.13660839200019836,0.0,0.17328819632530212,6.470016956329346,0.15203224122524261,3.4695470333099365,0.18952108919620514,14.18664264678955
3263,2456,"This is the display of the treadmill, can you tell me the distance off the top display please?",0,0.11596070975065231,0.0,0.13477592170238495,6.470016956329346,0.1208532303571701,3.490109443664551,0.28140559792518616,15.890165328979492
3264,783,Can you tell me the Captcha code in the ON Screen image please?,0,0.21733751893043518,0.0,0.2598256468772888,6.470016956329346,0.23651622235774994,3.4725077152252197,0.20689405500888824,13.213957786560059
3265,623,What is written here?,1,0.22270014882087708,0.0,0.29098084568977356,6.470016956329346,0.24508501589298248,3.480483293533325,0.4035668969154358,11.994869232177734
3266,3439,"piece of mail for, and where is it from?",0,0.24508501589298248,0.0,0.2845759987831116,6.470016956329346,0.2598256468772888,3.471356153488159,0.19682620465755463,17.449119567871094
3267,1687,What is this?,1,0.19436782598495483,0.0,0.2538610100746155,6.470016956329346,0.2658804953098297,5.55644416809082,0.2598256468772888,17.189491271972656
3268,2747,What are these?,1,0.31742629408836365,0.0,0.4493926465511322,6.470016956329346,0.5195213556289673,6.6288251876831055,0.36658975481987,18.08102798461914
3269,651,what can i hear on the screen.,1,0.13296423852443695,0.0,0.16238002479076385,6.470016956329346,0.13846179842948914,3.6930172443389893,0.2538610100746155,15.753593444824219
3270,4150,What is this?,1,0.18952108919620514,0.0,0.28776782751083374,6.470016956329346,0.28776782751083374,6.133193016052246,0.3123700022697449,16.631000518798828
3271,1534,What does it say?,1,0.35220178961753845,0.0,0.43014732003211975,6.470016956329346,0.4148988127708435,4.309633255004883,0.6548947095870972,15.983647346496582
3272,759,What three letter do I type to win the prize?,1,0.16026602685451508,0.0,0.1919327974319458,6.470016956329346,0.18010665476322174,3.4420902729034424,0.39606815576553345,12.649762153625488
3273,574,What is written on this computer screen please?,1,0.5,0.0,0.5926666259765625,6.470016956329346,0.5774953961372375,4.383903503417969,0.6619228720664978,14.23420524597168
3274,3332,What is this?,1,0.29746994376182556,0.0,0.3849121630191803,6.470016956329346,0.41111084818840027,5.654577732086182,0.5698526501655579,16.784738540649414
3275,4269,Id like to know whats contained in this can,1,0.1755380630493164,0.0,0.23370634019374847,6.470016956329346,0.23651622235774994,5.524463653564453,0.32423537969589233,18.106613159179688
3276,1640,What spice is that?,0,0.14223188161849976,0.0,0.18010665476322174,6.470016956329346,0.16026602685451508,3.4351534843444824,0.12252321094274521,16.342721939086914
3277,2424,What setting is this set for?,0,0.11757213622331619,0.0,0.16885696351528168,6.470016956329346,0.13117322325706482,3.489600658416748,0.167763352394104,17.28153419494629
3278,468,"Can you tell me what the number is on my King Soopers card, please?",0,0.08035746961832047,0.0,0.09401018917560577,6.470016956329346,0.08269733935594559,3.4978227615356445,0.1710611879825592,15.599166870117188
3279,3310,What is it?,1,0.24798743426799774,0.0,0.3486451506614685,6.470016956329346,0.3923368453979492,6.023412704467773,0.37387582659721375,16.194412231445312
3280,1678,What flavor is this?,0,0.15002882480621338,0.0,0.18476751446723938,6.470016956329346,0.1710611879825592,3.533566951751709,0.10017222166061401,15.851082801818848
3281,1708,What is this?,1,0.2393493503332138,0.0,0.3073580265045166,6.470016956329346,0.30074557662010193,4.673793792724609,0.5117166042327881,15.853609085083008
3282,4138,What is this?,1,0.13477592170238495,0.0,0.20946969091892242,6.470016956329346,0.2120688110589981,5.827943325042725,0.2658804953098297,17.16012954711914
3283,3342,What is this a picture of? ,1,0.16026602685451508,0.0,0.2146914154291153,6.470016956329346,0.20689405500888824,4.7036967277526855,0.3073580265045166,15.193587303161621
3284,2584,What is this object?,1,0.2146914154291153,0.0,0.28776782751083374,6.470016956329346,0.23370634019374847,3.579876661300659,0.46490156650543213,14.998798370361328
3285,1609,What is it?,1,0.2628418505191803,0.0,0.37387582659721375,6.470016956329346,0.36296921968460083,4.98228645324707,0.5389832258224487,16.07708168029785
3286,3757,How tall is the Washington Monument?,0,0.03358950465917587,0.0,0.03210070729255676,6.470016956329346,0.03308597952127457,3.5061564445495605,0.04672496020793915,18.50822639465332
3287,1697,What kind of chocolate chips are these?,1,0.230919748544693,0.0,0.2751297354698181,6.470016956329346,0.29421496391296387,4.633303165435791,0.27202457189559937,14.591606140136719
3288,2572,What color is this slip?,1,0.21733751893043518,0.0,0.2751297354698181,6.470016956329346,0.2689414322376251,3.9302592277526855,0.2120688110589981,12.289971351623535
3289,3102,Is this broke?,1,0.0838903859257698,0.0,0.09268777817487717,6.470016956329346,0.09009299427270889,3.943942070007324,0.08035746961832047,10.872305870056152
3290,3385,What is this object?,1,0.23370634019374847,0.0,0.3486451506614685,6.470016956329346,0.3415825068950653,5.732189178466797,0.3830641806125641,16.213529586791992
3291,3285,How long do I cook this for?,0,0.14223188161849976,0.0,0.15817435085773468,6.470016956329346,0.15002882480621338,3.4527082443237305,0.09807932376861572,19.576496124267578
3292,2502,What is the writing on this box.,1,0.4455295503139496,0.0,0.5234203934669495,6.470016956329346,0.5,3.662620782852173,0.6001883149147034,12.01174259185791
3293,2279,What color is this? ,1,0.39606815576553345,0.0,0.4687906503677368,6.470016956329346,0.4765796661376953,4.6187825202941895,0.4687906503677368,13.621914863586426
3294,2539,What is this please?,1,0.33111974596977234,0.0,0.42250463366508484,6.470016956329346,0.46101680397987366,6.225366115570068,0.47268345952033997,17.08662986755371
3295,4206,What flavor is this?,0,0.07159119844436646,0.0,0.09138210862874985,6.470016956329346,0.07477004081010818,3.471356153488159,0.06804042309522629,16.77569007873535
3296,1701,What is this?,1,0.15817435085773468,0.0,0.22000709176063538,6.470016956329346,0.20689405500888824,4.580303192138672,0.3486451506614685,15.547239303588867
3297,649,What am I going to do right now?,1,0.11124120652675629,0.0,0.14414885640144348,6.470016956329346,0.12252321094274521,3.5213258266448975,0.18242551386356354,16.875024795532227
3298,3364,What is the figure that is on this shirt?,0,0.09138210862874985,0.0,0.11436852067708969,6.470016956329346,0.09534946084022522,3.471356153488159,0.08694165199995041,15.750280380249023
3299,4225,Which one is apple cider?,1,0.7154240012168884,0.0,0.8104788661003113,6.470016956329346,0.7879312038421631,4.435314655303955,0.8902942538261414,13.751808166503906
3300,603,What name is this part of this video? Thank you.,1,0.2689414322376251,0.0,0.30404165387153625,6.470016956329346,0.29421496391296387,3.4399683475494385,0.32766830921173096,13.076925277709961
3301,772,What is on the screen?,1,0.28140559792518616,0.0,0.3775406777858734,6.470016956329346,0.3345894515514374,4.140051364898682,0.4687906503677368,16.400062561035156
3302,2578,What is in this package? What is it?,1,0.43782350420951843,0.0,0.5273165106773376,6.470016956329346,0.5583269596099854,5.555712699890137,0.6757646203041077,13.315593719482422
3303,698,What does this say?,0,0.20946969091892242,0.0,0.2598256468772888,6.470016956329346,0.23651622235774994,3.5339741706848145,0.23231014609336853,13.517290115356445
3304,486,What is this cream?,0,0.1561049073934555,0.0,0.18713268637657166,6.470016956329346,0.16451644897460938,3.4627254009246826,0.13296423852443695,14.226666450500488
3305,3335,What might this be?,1,0.32766830921173096,0.0,0.4339814782142639,6.470016956329346,0.41869691014289856,4.767213344573975,0.6039317846298218,15.492632865905762
3306,853,What is this?,1,0.1919327974319458,0.0,0.2538610100746155,6.470016956329346,0.27202457189559937,5.552258014678955,0.28140559792518616,16.661388397216797
3307,1684,Is there a button on the table? Is there a button on the table?,1,0.12940272688865662,0.0,0.14804719388484955,6.470016956329346,0.13846179842948914,3.5949766635894775,0.11596070975065231,11.097722053527832
3308,2448,What's this?,1,0.2422056347131729,0.0,0.2628418505191803,6.470016956329346,0.2782568037509918,4.665628910064697,0.38861799240112305,14.987998008728027
3309,2384,What kind of chips are these?,1,0.33111974596977234,0.0,0.41869691014289856,6.470016956329346,0.43782350420951843,4.629563808441162,0.29746994376182556,14.605880737304688
3310,858,What does this label say?,0,0.28776782751083374,0.0,0.3380771279335022,6.470016956329346,0.3106943964958191,3.463456153869629,0.1431877166032791,16.44280433654785
3311,1594,what show is this?,1,0.4455295503139496,0.0,0.5506073832511902,6.470016956329346,0.5467381477355957,5.14544677734375,0.4339814782142639,13.065438270568848
3312,3424,What's on the screen?,1,0.4073334336280823,0.0,0.5117166042327881,6.470016956329346,0.4843800961971283,4.582228660583496,0.49218812584877014,13.311269760131836
3313,4216,What is this?,1,0.16451644897460938,0.0,0.2393493503332138,6.470016956329346,0.2393493503332138,5.240388870239258,0.2613309323787689,16.734596252441406
3314,2454,What is the expiration date?,0,0.07369627058506012,0.0,0.09268777817487717,6.470016956329346,0.07696083933115005,3.471356153488159,0.12852513790130615,18.84503173828125
3315,3874,What is the picture on this box?,1,0.2568320035934448,0.0,0.30404165387153625,6.470016956329346,0.29746994376182556,3.9872019290924072,0.28140559792518616,16.453208923339844
3316,2352,What is this can? ,1,0.29746994376182556,0.0,0.34510529041290283,6.470016956329346,0.36296921968460083,4.539251804351807,0.4035668969154358,15.562496185302734
3317,1579,what type of meal is this?,0,0.03308597952127457,0.0,0.03963884338736534,6.470016956329346,0.034618839621543884,3.467729330062866,0.07477004081010818,16.09105682373047
3318,1707,What is this a can of?,0,0.14033624529838562,0.0,0.1710611879825592,6.470016956329346,0.1540575623512268,3.4698421955108643,0.14608724415302277,15.529946327209473
3319,1692,What is this item?,1,0.33111974596977234,0.0,0.42250463366508484,6.470016956329346,0.4263215959072113,5.225174903869629,0.4493926465511322,13.66026496887207
3320,800,What is this screen?,1,0.30404165387153625,0.0,0.3849121630191803,6.470016956329346,0.37387582659721375,4.124444484710693,0.25091278553009033,13.72596549987793
3321,4083,Can you tell me the order of the buttons on this remote control?,1,0.3073580265045166,0.0,0.35220178961753845,6.470016956329346,0.3486451506614685,3.9348087310791016,0.45713675022125244,16.972675323486328
3322,2459,What picture is this?,1,0.20689405500888824,0.0,0.2568320035934448,6.470016956329346,0.22815649211406708,3.5181729793548584,0.3486451506614685,13.684386253356934
3323,1206,Is this an Ipad one or an Ipad two?,0,0.1755380630493164,0.0,0.18010665476322174,6.470016956329346,0.18713268637657166,3.7345545291900635,0.314050555229187,14.654362678527832
3324,4214,Who's talking on the telly?,1,0.24508501589298248,0.0,0.28140559792518616,6.470016956329346,0.2658804953098297,3.4901559352874756,0.3812195658683777,11.826637268066406
3325,4127,What color is this shirt?,1,0.1259227693080902,0.0,0.15203224122524261,6.470016956329346,0.14804719388484955,3.7580268383026123,0.11124120652675629,11.6593599319458
3326,2457,What kind of spray is this?,0,0.06008664518594742,0.0,0.06008664518594742,6.470016956329346,0.06187598407268524,3.471356153488159,0.09467770159244537,17.273487091064453
3327,864,What card is this?,0,0.18952108919620514,0.0,0.2568320035934448,6.470016956329346,0.22270014882087708,3.659055471420288,0.16132023930549622,16.59343147277832
3328,851,what do you see?,1,0.2628418505191803,0.0,0.3106943964958191,6.470016956329346,0.3073580265045166,4.776208400726318,0.5195213556289673,15.328667640686035
3329,707,Can you tell me what color my shirt is?,0,0.0541987270116806,0.0,0.0627892017364502,6.470016956329346,0.06097518280148506,3.7586193084716797,0.07864238321781158,17.694570541381836
3330,2960,"Hi there, I was wondering what was in this can?  Thank you.  I was wondering if it's beer or a or a can of soda.  Thank you.",1,0.11124120652675629,0.0,0.13296423852443695,6.470016956329346,0.1208532303571701,4.186458587646484,0.18359363079071045,19.482358932495117
3331,3440,What is this instrument?,1,0.45713675022125244,0.0,0.5888891220092773,6.470016956329346,0.6076632142066956,5.672726631164551,0.47268345952033997,14.002074241638184
3332,4084,Hello there could you please tell me going from left to right on this dial what the temperate range is? ,1,0.28776782751083374,0.0,0.34510529041290283,6.470016956329346,0.3106943964958191,3.768566608428955,0.3593641519546509,16.968456268310547
3333,3805,What is the caller ID? Caller ID? Thank you.,1,0.32423537969589233,0.0,0.3849121630191803,6.470016956329346,0.37022536993026733,3.764061450958252,0.3415825068950653,12.489692687988281
3334,3405,What are my calories?,0,0.08151975274085999,0.0,0.10521053522825241,6.470016956329346,0.08151975274085999,3.50247859954834,0.06853749603033066,16.101118087768555
3335,1644,What's this photo of?,0,0.22135069966316223,0.0,0.2598256468772888,6.470016956329346,0.24508501589298248,3.4868216514587402,0.2254166156053543,15.767288208007812
3336,1717,Which one am I using? ,1,0.14804719388484955,0.0,0.1710611879825592,6.470016956329346,0.16885696351528168,3.6992852687835693,0.14414885640144348,13.760339736938477
3337,2535,"I'm not sure if this is the purple one you were talking about, but it should be. I don't know what color it is, but is it possible for you to make out what it is?",1,0.3106943964958191,0.0,0.33111974596977234,6.470016956329346,0.3380771279335022,3.6060304641723633,0.36296921968460083,15.425166130065918
3338,3917,What color is this?,1,0.29098084568977356,0.0,0.37022536993026733,6.470016956329346,0.35220178961753845,4.5408477783203125,0.3208213150501251,12.286319732666016
3339,3224,What color is this shirt?,1,0.3415825068950653,0.0,0.42250463366508484,6.470016956329346,0.41869691014289856,5.171206474304199,0.31742629408836365,11.697672843933105
3340,4280,Is the light on?,1,0.10818894952535629,0.0,0.13117322325706482,6.470016956329346,0.1259227693080902,4.125283241271973,0.19436782598495483,14.971311569213867
3341,1652,I know but what color?,1,0.1561049073934555,0.0,0.18010665476322174,6.470016956329346,0.17781086266040802,4.062615394592285,0.16451644897460938,13.385998725891113
3342,299,Can you see a bottle in this picture and if so what is it?,1,0.0541987270116806,0.0,0.06097518280148506,6.470016956329346,0.055005282163619995,3.5751516819000244,0.031143832951784134,14.797954559326172
3343,4290,What does this say?,0,0.16885696351528168,0.0,0.20434190332889557,6.470016956329346,0.17781086266040802,3.4649617671966553,0.3486451506614685,14.413849830627441
3344,1619,What color is this?,1,0.230919748544693,0.0,0.29098084568977356,6.470016956329346,0.2782568037509918,4.1793293952941895,0.230919748544693,11.836678504943848
3345,1636,"Okay, I think I have got the instructions right side up. There was actually a telephone call right when I read the message, and I believe I turned the box over. So I need to know what the conventional oven setting temperature is and... ",0,0.2018132209777832,0.0,0.230919748544693,6.470016956329346,0.22000709176063538,3.441453218460083,0.21866938471794128,15.057247161865234
3346,2240,What's in this photo?,1,0.29421496391296387,0.0,0.3208213150501251,6.470016956329346,0.32423537969589233,4.449995517730713,0.46490156650543213,14.500877380371094
3347,3430,"Tell me, what's the best meal there--I mean, in McDonald's. Because I'm a new customer.",1,0.16667540371418,0.0,0.20434190332889557,6.470016956329346,0.18242551386356354,3.839855432510376,0.34510529041290283,16.148801803588867
3348,3628,What is this?,1,0.2751297354698181,0.0,0.37387582659721375,6.470016956329346,0.37387582659721375,5.349936485290527,0.6187804341316223,15.9983549118042
3349,1478,Can you tell what's on this menu?,1,0.49609383940696716,0.0,0.581303060054779,6.470016956329346,0.5698526501655579,4.630300998687744,0.8633915781974792,16.955692291259766
3350,3992,Do you see any bread crumbs up there?,0,0.07477004081010818,0.0,0.08151975274085999,6.470016956329346,0.0792103260755539,3.545367956161499,0.1208532303571701,11.53524398803711
3351,1709,What's on this label?,1,0.35220178961753845,0.0,0.42250463366508484,6.470016956329346,0.4035668969154358,4.091588973999023,0.3849121630191803,11.344061851501465
3352,1659,"Yes I need a verbal description of the label on this bottle please, be as specific as possible, thank you.",1,0.4035668969154358,0.0,0.4843800961971283,6.470016956329346,0.47268345952033997,4.310089588165283,0.5583269596099854,8.517334938049316
3353,4246,What kind of K-Cup is this?,0,0.16026602685451508,0.0,0.18476751446723938,6.470016956329346,0.1710611879825592,3.4529356956481934,0.15921740233898163,16.705167770385742
3354,1274,What denomination is this dollar bill?,0,0.09807932376861572,0.0,0.10230470448732376,6.470016956329346,0.09947021305561066,3.471356153488159,0.10447731614112854,15.606729507446289
3355,2519,Can you help me? What is this?,1,0.29421496391296387,0.0,0.3486451506614685,6.470016956329346,0.34510529041290283,4.012238025665283,0.7431679368019104,17.735843658447266
3356,1664,What is the title of this cd?,1,0.41111084818840027,0.0,0.49218812584877014,6.470016956329346,0.45713675022125244,4.225033283233643,0.5156199336051941,10.657698631286621
3357,3169,What color is this shirt?,1,0.16885696351528168,0.0,0.19930800795555115,6.470016956329346,0.2018132209777832,3.8264870643615723,0.14608724415302277,11.404702186584473
3358,3420,Can you tell me what colors these pants are and the stripes that's in the pants?  Thank you.,1,0.5039061903953552,0.0,0.5698526501655579,6.470016956329346,0.596433162689209,5.146249294281006,0.8407825827598572,19.174129486083984
3359,2460,Could you please tell me what this shirt says? ,1,0.2751297354698181,0.0,0.33111974596977234,6.470016956329346,0.3380771279335022,4.614365100860596,0.6406359076499939,17.099308013916016
3360,860,What does this say?,1,0.2751297354698181,0.0,0.3380771279335022,6.470016956329346,0.31742629408836365,4.1164751052856445,0.5350984334945679,16.177734375
3361,1633,What's in the box?,1,0.12252321094274521,0.0,0.14804719388484955,6.470016956329346,0.13846179842948914,3.695868492126465,0.09807932376861572,11.82514762878418
3362,3352,What is this?,1,0.2393493503332138,0.0,0.32423537969589233,6.470016956329346,0.3380771279335022,5.658526420593262,0.4455295503139496,16.52042579650879
3363,3317,what is this,1,0.36296921968460083,0.0,0.4263215959072113,6.470016956329346,0.4882833957672119,6.112534046173096,0.5117166042327881,19.1282901763916
3364,4232,What color is this shirt?,1,0.2658804953098297,0.0,0.33111974596977234,6.470016956329346,0.3415825068950653,4.518250942230225,0.24508501589298248,12.107948303222656
3365,2317,What kind of Tassimo coffee is this? ,1,0.14033624529838562,0.0,0.16026602685451508,6.470016956329346,0.1561049073934555,3.4789953231811523,0.22000709176063538,14.262910842895508
3366,2582,What flavor is this?,0,0.08632348477840424,0.0,0.10669060051441193,6.470016956329346,0.09138210862874985,3.471356153488159,0.08269733935594559,16.935680389404297
3367,3406,could you tell me the sodium content of the food in this box thank you,0,0.1259227693080902,0.0,0.14414885640144348,6.470016956329346,0.13477592170238495,3.4432220458984375,0.2120688110589981,15.545741081237793
3368,4301,Please tell me what this is?,0,0.18952108919620514,0.0,0.2254166156053543,6.470016956329346,0.2146914154291153,4.040793418884277,0.14804719388484955,16.73990821838379
3369,2155,what kind of keyboard is this? who makes it?,1,0.5467381477355957,0.0,0.6261242032051086,6.470016956329346,0.6513549089431763,4.140835285186768,0.7154240012168884,13.557446479797363
3370,4282,"Can you tell me what kind of shampoo this is, or if it's conditioner? ",1,0.2018132209777832,0.0,0.2120688110589981,6.470016956329346,0.22270014882087708,4.15805196762085,0.2538610100746155,17.830352783203125
3371,512,What's on the screen?,1,0.3812195658683777,0.0,0.4804786741733551,6.470016956329346,0.4493926465511322,4.544045448303223,0.4882833957672119,14.0820894241333
3372,2950,Could you tell me color this is? What color is this please?,1,0.29421496391296387,0.0,0.3775406777858734,6.470016956329346,0.37387582659721375,4.559890270233154,0.20689405500888824,15.0640869140625
3373,3167,Is this shampoo or hand lotion?,1,0.13846179842948914,0.0,0.14804719388484955,6.470016956329346,0.1540575623512268,3.8179423809051514,0.1208532303571701,11.59782886505127
3374,1121,Is it nuts?,1,0.04023794084787369,0.0,0.039048291742801666,6.470016956329346,0.04146227240562439,3.5396175384521484,0.0446808747947216,11.161235809326172
3375,4202,Could you tell me what this can is please?,1,0.37022536993026733,0.0,0.4532618820667267,6.470016956329346,0.46101680397987366,5.221165657043457,0.562176525592804,17.68778419494629
3376,1725,What is this color please?,1,0.25091278553009033,0.0,0.30074557662010193,6.470016956329346,0.29421496391296387,4.010391712188721,0.3073580265045166,11.25792121887207
3377,1699,Please tell me the name of this snack.,1,0.32423537969589233,0.0,0.39606815576553345,6.470016956329346,0.42250463366508484,4.775534152984619,0.4843800961971283,11.84168815612793
3378,4193,What is this?,1,0.22000709176063538,0.0,0.2782568037509918,6.470016956329346,0.30074557662010193,5.126557350158691,0.46101680397987366,16.427940368652344
3379,1407,What is this picture of?,1,0.18476751446723938,0.0,0.23370634019374847,6.470016956329346,0.2598256468772888,5.477743148803711,0.38861799240112305,16.993316650390625
3380,1578,What's this? What's in the vegetables?,1,0.12940272688865662,0.0,0.14033624529838562,6.470016956329346,0.13296423852443695,3.584017753601074,0.14033624529838562,13.603547096252441
3381,2510,What is in this box?,1,0.3849121630191803,0.0,0.46490156650543213,6.470016956329346,0.49609383940696716,5.527551651000977,0.36658975481987,14.307982444763184
3382,4182,what is this pitting?,0,0.18242551386356354,0.0,0.21733751893043518,6.470016956329346,0.1919327974319458,3.5274245738983154,0.16451644897460938,15.009318351745605
3383,1320,Can you tell what this item is?,1,0.23651622235774994,0.0,0.29421496391296387,6.470016956329346,0.28776782751083374,5.012083530426025,0.4843800961971283,14.585009574890137
3384,347,What does that say?,0,0.3415825068950653,0.0,0.4035668969154358,6.470016956329346,0.4148988127708435,3.889648914337158,0.15102781355381012,17.275436401367188
3385,4241,What kind of note is that?,1,0.5888891220092773,0.0,0.6825737357139587,6.470016956329346,0.6893056035041809,4.981027603149414,0.6039317846298218,12.961518287658691
3386,3418,What is the label on this bottle say?,0,0.1276526302099228,0.0,0.15203224122524261,6.470016956329346,0.13477592170238495,3.471356153488159,0.13206614553928375,17.027223587036133
3387,1281,"Please help me, I need to know where the arrow is so that I can get to heavy load.",1,0.21733751893043518,0.0,0.2538610100746155,6.470016956329346,0.230919748544693,3.5381505489349365,0.2782568037509918,16.5698299407959
3388,629,What is the redemption code of this card?,0,0.18713268637657166,0.0,0.21733751893043518,6.470016956329346,0.19930800795555115,3.449456214904785,0.10087861120700836,16.454072952270508
3389,3446,can you please tell me what this item is in this can please? you guys do a great job,1,0.2689414322376251,0.0,0.3106943964958191,6.470016956329346,0.31742629408836365,4.0614824295043945,0.5888891220092773,18.71502685546875
3390,571,What was on the table?,1,0.4532618820667267,0.0,0.5736784338951111,6.470016956329346,0.562176525592804,4.790983200073242,0.4882833957672119,12.862719535827637
3391,4266,what type of cookies are these ,1,0.1710611879825592,0.0,0.19436782598495483,6.470016956329346,0.20946969091892242,4.200048923492432,0.16238002479076385,12.800902366638184
3392,789,"What does this screen say exactly, if you can read this?",0,0.19682620465755463,0.0,0.24798743426799774,6.470016956329346,0.20946969091892242,3.46661639213562,0.3380771279335022,16.873611450195312
3393,594,What does the sky look like in this photograph?,1,0.32766830921173096,0.0,0.4073334336280823,6.470016956329346,0.4263215959072113,4.942991256713867,0.33111974596977234,16.499290466308594
3394,2339,What kind of beer is this?,1,0.23370634019374847,0.0,0.2782568037509918,6.470016956329346,0.30074557662010193,4.8297648429870605,0.3106943964958191,13.744342803955078
3395,334,Does my computer screen need cleaning?,1,0.1710611879825592,0.0,0.22270014882087708,6.470016956329346,0.2018132209777832,3.8148887157440186,0.14414885640144348,14.213261604309082
3396,2511,What is this bill?,1,0.25091278553009033,0.0,0.3073580265045166,6.470016956329346,0.29746994376182556,3.7913200855255127,0.1919327974319458,13.169570922851562
3397,787,what's this?,1,0.3415825068950653,0.0,0.38861799240112305,6.470016956329346,0.39981165528297424,5.078041076660156,0.5660185217857361,14.938551902770996
3398,4251,Can you please describe the cards and its orientation thank you,1,0.34510529041290283,0.0,0.3849121630191803,6.470016956329346,0.4035668969154358,4.424853801727295,0.8633915781974792,16.963804244995117
3399,3916,What is this?,0,0.19682620465755463,0.0,0.29098084568977356,6.470016956329346,0.28776782751083374,4.959529399871826,0.21076630055904388,17.385927200317383
3400,2415,What's on the screen?,1,0.020177319645881653,0.0,0.021948255598545074,6.470016956329346,0.022977370768785477,3.52571702003479,0.01798621006309986,16.028154373168945
3401,1587,Which packet contains plain flower?,1,0.3557748794555664,0.0,0.4532618820667267,6.470016956329346,0.4035668969154358,3.6433067321777344,0.3208213150501251,11.97925090789795
3402,3321,What's this a picture of?,1,0.17781086266040802,0.0,0.21076630055904388,6.470016956329346,0.2240554690361023,4.4730963706970215,0.3123700022697449,12.276888847351074
3403,3379,What are the directions on this bottle?,0,0.13660839200019836,0.0,0.16026602685451508,6.470016956329346,0.13846179842948914,3.471356153488159,0.09073548763990402,16.842180252075195
3404,2569,What is this please?,0,0.24508501589298248,0.0,0.3106943964958191,6.470016956329346,0.30404165387153625,4.537751197814941,0.15203224122524261,16.224170684814453
3405,842,Can you tell what size this shirt is?,1,0.09009299427270889,0.0,0.09807932376861572,6.470016956329346,0.09534946084022522,3.48543381690979,0.0792103260755539,13.678776741027832
3406,3453,what is this card?,1,0.3073580265045166,0.0,0.41869691014289856,6.470016956329346,0.41111084818840027,4.733755111694336,0.46101680397987366,14.640571594238281
3407,2534,What type of food?,1,0.29746994376182556,0.0,0.4148988127708435,6.470016956329346,0.3849121630191803,4.230832576751709,0.3849121630191803,10.677142143249512
3408,811,This is Sandy Finley.,0,0.18713268637657166,0.0,0.19930800795555115,6.470016956329346,0.19682620465755463,3.4699254035949707,0.3593641519546509,14.310447692871094
3409,742,Can you please tell me the progress of the discount that's taking place?,1,0.09534946084022522,0.0,0.09807932376861572,6.470016956329346,0.09534946084022522,3.448899507522583,0.08269733935594559,14.532252311706543
3410,1593,What beer is that?,1,0.3775406777858734,0.0,0.4455295503139496,6.470016956329346,0.46490156650543213,4.561718940734863,0.37022536993026733,13.834027290344238
3411,3308,What is this spice?,1,0.25091278553009033,0.0,0.32423537969589233,6.470016956329346,0.33111974596977234,4.444259166717529,0.38861799240112305,11.875017166137695
3412,1608,Can you tell me if this looks like hamburger?,1,0.20946969091892242,0.0,0.25091278553009033,6.470016956329346,0.2598256468772888,4.404150485992432,0.2568320035934448,16.10468864440918
3413,2526,What is this box?,1,0.2658804953098297,0.0,0.35220178961753845,6.470016956329346,0.30074557662010193,3.7726573944091797,0.2628418505191803,14.07319450378418
3414,4306,Can you tell me what this box says?,1,0.43014732003211975,0.0,0.5078118443489075,6.470016956329346,0.49609383940696716,3.7305378913879395,0.7025300860404968,13.93891429901123
3415,499,What does this screen say on the laptop?,0,0.28776782751083374,0.0,0.3557748794555664,6.470016956329346,0.32766830921173096,3.7625954151153564,0.16238002479076385,18.202823638916016
3416,1650,Can you tell me what's written on this card?,1,0.16885696351528168,0.0,0.19682620465755463,6.470016956329346,0.18242551386356354,3.6943531036376953,0.32766830921173096,15.932106018066406
3417,1396,What is on this shelf?,1,0.41869691014289856,0.0,0.5195213556289673,6.470016956329346,0.5,4.306216716766357,0.33111974596977234,13.170668601989746
3418,3437,What is this?,0,0.2568320035934448,0.0,0.3380771279335022,6.470016956329346,0.33111974596977234,4.679039001464844,0.23651622235774994,17.350156784057617
3419,778,"Please tell me what's on the screen. It'll either be, well probably an error message. So, Please tell me what's on the screen.",1,0.41869691014289856,0.0,0.5389832258224487,6.470016956329346,0.49609383940696716,4.396862030029297,0.6825737357139587,13.930196762084961
3420,889,What is this?,1,0.20434190332889557,0.0,0.2689414322376251,6.470016956329346,0.2598256468772888,4.578207492828369,0.39981165528297424,16.38018226623535
3421,2467,What is in this picture?,1,0.2598256468772888,0.0,0.32766830921173096,6.470016956329346,0.314050555229187,4.484615325927734,0.5926666259765625,17.4456729888916
3422,4305,What is this?,1,0.19682620465755463,0.0,0.2628418505191803,6.470016956329346,0.2598256468772888,5.006175994873047,0.4532618820667267,14.887393951416016
3423,3421,What is this?,1,0.20434190332889557,0.0,0.28140559792518616,6.470016956329346,0.28776782751083374,5.626532554626465,0.49609383940696716,16.082429885864258
3424,3123,What is this identification card?,0,0.18952108919620514,0.0,0.24508501589298248,6.470016956329346,0.2146914154291153,3.5312764644622803,0.21601153910160065,17.1319580078125
3425,1681,What is this K-cup?,0,0.28140559792518616,0.0,0.31742629408836365,6.470016956329346,0.30404165387153625,3.4928977489471436,0.2523840367794037,15.740537643432617
3426,1493,What does this label on this pill bottle say?,0,0.33111974596977234,0.0,0.39981165528297424,6.470016956329346,0.3775406777858734,3.536593437194824,0.11676400899887085,17.819278717041016
3427,3451,What kind of K-cup is this?,0,0.14033624529838562,0.0,0.16026602685451508,6.470016956329346,0.14804719388484955,3.4744374752044678,0.13296423852443695,17.903072357177734
3428,2530,"What are the, what are the instructions on the screen?",0,0.39981165528297424,0.0,0.5078118443489075,6.470016956329346,0.46101680397987366,4.004696846008301,0.167763352394104,17.364471435546875
3429,2154,Can you tell me what tablets these are please? Thank you.,1,0.3345894515514374,0.0,0.41869691014289856,6.470016956329346,0.4035668969154358,3.9616143703460693,0.596433162689209,17.468421936035156
3430,3931,What movie is this?,1,0.3486451506614685,0.0,0.4493926465511322,6.470016956329346,0.4263215959072113,4.260181903839111,0.43014732003211975,11.639582633972168
3431,1669,Does Buddy's face look cute or not?,1,0.7853085398674011,0.0,0.8438951373100281,6.470016956329346,0.8397339582443237,4.456482887268066,0.9416541457176208,14.013033866882324
3432,3762,What is this flavor?,0,0.1259227693080902,0.0,0.16238002479076385,6.470016956329346,0.14033624529838562,3.6526925563812256,0.10087861120700836,15.256817817687988
3433,3276,what kind of tosimo coffee is this,1,0.2422056347131729,0.0,0.28140559792518616,6.470016956329346,0.28776782751083374,3.9472856521606445,0.20946969091892242,13.835590362548828
3434,2474,WHAT IS THIS?,1,0.22270014882087708,0.0,0.2658804953098297,6.470016956329346,0.2689414322376251,4.5474019050598145,0.47268345952033997,17.68043327331543
3435,2246,what is this?,1,0.230919748544693,0.0,0.29746994376182556,6.470016956329346,0.29421496391296387,4.689230918884277,0.39981165528297424,17.49842071533203
3436,1566,What does the boy in the photo look like?,0,0.10521053522825241,0.0,0.11596070975065231,6.470016956329346,0.10970577597618103,3.628872871398926,0.13296423852443695,18.980640411376953
3437,3325,What kind of vegetable is this?,1,0.2751297354698181,0.0,0.34510529041290283,6.470016956329346,0.37387582659721375,5.055606842041016,0.3208213150501251,14.212377548217773
3438,2307,Where is my black braille book?,1,0.12421300262212753,0.0,0.12940272688865662,6.470016956329346,0.12940272688865662,3.6017866134643555,0.14223188161849976,13.993056297302246
3439,1480,Can you tell me the content of this notice?,1,0.23651622235774994,0.0,0.2845759987831116,6.470016956329346,0.28776782751083374,4.275472640991211,0.581303060054779,13.893994331359863
3440,3980,What does this shirt say?,0,0.05665242671966553,0.0,0.06008664518594742,6.470016956329346,0.05921025201678276,3.471356153488159,0.15203224122524261,16.932098388671875
3441,2468,What's in this bottle?,1,0.20946969091892242,0.0,0.28776782751083374,6.470016956329346,0.24798743426799774,3.845073699951172,0.23370634019374847,10.733251571655273
3442,3077,What time is it?,1,0.2751297354698181,0.0,0.3593641519546509,6.470016956329346,0.3593641519546509,4.928300380706787,0.314050555229187,15.592340469360352
3443,3884,What kind of card is this?,1,0.28140559792518616,0.0,0.3557748794555664,6.470016956329346,0.3849121630191803,4.674560070037842,0.31742629408836365,11.732948303222656
3444,4016,What kind of pop is this can?,1,0.32766830921173096,0.0,0.3849121630191803,6.470016956329346,0.39981165528297424,3.9907143115997314,0.28776782751083374,11.976289749145508
3445,2387,Does this microwave say on it?,1,0.31742629408836365,0.0,0.3775406777858734,6.470016956329346,0.37387582659721375,4.3508429527282715,0.45713675022125244,14.795080184936523
3446,740,What is this?,0,0.2018132209777832,0.0,0.2628418505191803,6.470016956329346,0.22815649211406708,3.612490653991699,0.19436782598495483,17.288434982299805
3447,833,What does this say?,0,0.16885696351528168,0.0,0.19930800795555115,6.470016956329346,0.18952108919620514,3.6115808486938477,0.23370634019374847,16.43690299987793
3448,2550,Is this art?,1,0.30404165387153625,0.0,0.38861799240112305,6.470016956329346,0.3557748794555664,3.7802958488464355,0.43782350420951843,13.243688583374023
3449,2589,What is this?,1,0.27202457189559937,0.0,0.35220178961753845,6.470016956329346,0.3812195658683777,5.744226932525635,0.3849121630191803,16.065317153930664
3450,2900,What kind of spaghetti sauce jar is this? Thank you.,1,0.42250463366508484,0.0,0.4804786741733551,6.470016956329346,0.49609383940696716,4.150498867034912,0.5117166042327881,12.928529739379883
3451,1439,"Ok, this is the second time. I know there's peas in it, I've been told that. It's a microwave meal. Can you tell me what's in it, please?",0,0.3557748794555664,0.0,0.4073334336280823,6.470016956329346,0.39606815576553345,4.422737121582031,0.24077460169792175,14.777810096740723
3452,3389,Yes I need to know the captcha image in this picture? Thank you.,1,0.2689414322376251,0.0,0.3073580265045166,6.470016956329346,0.28776782751083374,3.6753814220428467,0.49609383940696716,16.08133316040039
3453,3360,What flavor of coffee is this please?,0,0.17328819632530212,0.0,0.2146914154291153,6.470016956329346,0.20946969091892242,3.8311588764190674,0.08632348477840424,16.639801025390625
3454,2586,Which meal is this?  It's waiting for time to run out?,1,0.2018132209777832,0.0,0.2254166156053543,6.470016956329346,0.2254166156053543,3.7041308879852295,0.16026602685451508,11.577685356140137
3455,3208,What color is the carpet?,1,0.3208213150501251,0.0,0.4073334336280823,6.470016956329346,0.38861799240112305,4.142952919006348,0.29746994376182556,11.389836311340332
3456,4250,Is this?,1,0.2422056347131729,0.0,0.30404165387153625,6.470016956329346,0.29421496391296387,4.177150726318359,0.39606815576553345,13.870916366577148
3457,4287,How can you tell the grass needs watering? What does it look like?,1,0.29421496391296387,0.0,0.38861799240112305,6.470016956329346,0.3486451506614685,3.71215558052063,0.7577943801879883,15.067367553710938
3458,2266,WHAT IS THIS?,1,0.28776782751083374,0.0,0.36296921968460083,6.470016956329346,0.3923368453979492,6.0115885734558105,0.5774953961372375,16.99390411376953
3459,756,What does this say? What does this say? What does it say?,0,0.18952108919620514,0.0,0.2393493503332138,6.470016956329346,0.20946969091892242,3.469778299331665,0.3225260078907013,14.846314430236816
3460,3386,What spice is this?  ,1,0.18476751446723938,0.0,0.2538610100746155,6.470016956329346,0.23651622235774994,3.8287508487701416,0.28298813104629517,15.532540321350098
3461,1583,What are these?,1,0.2018132209777832,0.0,0.29098084568977356,6.470016956329346,0.3106943964958191,5.883876323699951,0.34510529041290283,16.560253143310547
3462,3425,"Alright take a look at the remote, try to find the source or the input button and try to describe it in relation to other buttons so I can figure it out, thank you.",1,0.3775406777858734,0.0,0.44167301058769226,6.470016956329346,0.41111084818840027,3.964221477508545,0.7154240012168884,16.130760192871094
3463,567,What is my computer screen showing?,1,0.3073580265045166,0.0,0.43782350420951843,6.470016956329346,0.4035668969154358,4.1775102615356445,0.4073334336280823,14.902976036071777
3464,2392,What is it?,1,0.3923368453979492,0.0,0.5117166042327881,6.470016956329346,0.5273165106773376,6.045935153961182,0.6513549089431763,16.189411163330078
3465,1535,Please tell me the instructions on this shampoo bottle.,0,0.19436782598495483,0.0,0.21733751893043518,6.470016956329346,0.2018132209777832,3.471356153488159,0.14033624529838562,15.021452903747559
3466,4105,What color is this shirt? Thank you.,1,0.3073580265045166,0.0,0.37022536993026733,6.470016956329346,0.3849121630191803,4.819794178009033,0.27202457189559937,11.845053672790527
3467,2508,What color is this?,1,0.31742629408836365,0.0,0.39606815576553345,6.470016956329346,0.37022536993026733,4.2010111808776855,0.3923368453979492,12.00012493133545
3468,424,What is this a gift card for?,0,0.1276526302099228,0.0,0.14223188161849976,6.470016956329346,0.13296423852443695,3.471356153488159,0.12421300262212753,16.254154205322266
3469,3207,"Tell me, how big is it? ",1,0.18010665476322174,0.0,0.2146914154291153,6.470016956329346,0.19930800795555115,3.515986919403076,0.18010665476322174,13.423176765441895
3470,1531,Can you tell me if this cat is cute?,1,0.39981165528297424,0.0,0.4765796661376953,6.470016956329346,0.46490156650543213,4.052886962890625,0.39981165528297424,18.37338638305664
3471,2551,What is this?,1,0.24508501589298248,0.0,0.34510529041290283,6.470016956329346,0.35220178961753845,5.886591911315918,0.5,15.294086456298828
3472,1676,What is the expiration date?,0,0.07263670116662979,0.0,0.08035746961832047,6.470016956329346,0.07696083933115005,3.471356153488159,0.1037486270070076,16.479721069335938
3473,813,How the hell do i know? Dont send me stupid shit like that?,0,0.19930800795555115,0.0,0.230919748544693,6.470016956329346,0.2146914154291153,3.6286168098449707,0.2689414322376251,15.960531234741211
3474,3206,Is the light on in the dining room?,1,0.06754669547080994,0.0,0.08035746961832047,6.470016956329346,0.07807815819978714,3.8040807247161865,0.04742587357759476,15.301695823669434
3475,4181,What is this?  What is this product?,0,0.28140559792518616,0.0,0.3486451506614685,6.470016956329346,0.3345894515514374,3.9785163402557373,0.2422056347131729,15.059489250183105
3476,4248,What's this?,1,0.2751297354698181,0.0,0.30404165387153625,6.470016956329346,0.32766830921173096,5.482799053192139,0.42250463366508484,15.565694808959961
3477,1443,When does this expire?,0,0.2393493503332138,0.0,0.28776782751083374,6.470016956329346,0.2568320035934448,3.4650955200195312,0.2925953269004822,17.157228469848633
3478,2471,WHAT IS THIS?,1,0.2598256468772888,0.0,0.3345894515514374,6.470016956329346,0.37387582659721375,6.220337867736816,0.4339814782142639,16.198394775390625
3479,1715,What is the name of this book?,0,0.30569732189178467,0.0,0.36296921968460083,6.470016956329346,0.33111974596977234,3.501922369003296,0.2267836183309555,16.580249786376953
3480,3348,What is that?,1,0.13477592170238495,0.0,0.2146914154291153,6.470016956329346,0.20689405500888824,5.017831325531006,0.3486451506614685,14.672937393188477
3481,1157,can you please tell me what the captcha says,0,0.14511536061763763,0.0,0.169956237077713,6.470016956329346,0.15002882480621338,3.457555055618286,0.22270014882087708,14.331523895263672
3482,1099,What does this say?,0,0.20946969091892242,0.0,0.24798743426799774,6.470016956329346,0.230919748544693,3.517244338989258,0.2958398759365082,14.806971549987793
3483,4313,"What toppings are on this pizza? Is it a pepperoni pizza, is it pepperoni and sausage, is it a supreme?",1,0.2658804953098297,0.0,0.32423537969589233,6.470016956329346,0.3208213150501251,4.2599687576293945,0.41869691014289856,16.572376251220703
3484,4153,Which movie is this?,1,0.2568320035934448,0.0,0.30404165387153625,6.470016956329346,0.29098084568977356,3.513655424118042,0.3593641519546509,8.419772148132324
3485,3326,Tell me what is on this shirt,1,0.4035668969154358,0.0,0.49609383940696716,6.470016956329346,0.5117166042327881,5.310035228729248,0.859663724899292,19.06757354736328
3486,4170,What is this?,1,0.230919748544693,0.0,0.3208213150501251,6.470016956329346,0.32766830921173096,5.484808444976807,0.41111084818840027,15.534980773925781
3487,368,Does practice make perfect? We'll try this later again.,0,0.15002882480621338,0.0,0.16667540371418,6.470016956329346,0.1561049073934555,3.452061176300049,0.18713268637657166,16.14556884765625
3488,2546,How much of the page in this photo cross is visible? Thank you.,1,0.20689405500888824,0.0,0.23370634019374847,6.470016956329346,0.23370634019374847,3.7954118251800537,0.18952108919620514,11.977486610412598
3489,2301,Can you please identify this tin?,1,0.2751297354698181,0.0,0.31742629408836365,6.470016956329346,0.3073580265045166,3.4742484092712402,0.42250463366508484,13.933113098144531
3490,2710,what color are these shorts?,1,0.11920291930437088,0.0,0.13477592170238495,6.470016956329346,0.14033624529838562,3.917450189590454,0.06465348601341248,11.499293327331543
3491,2548,What is this a can of?,0,0.32423537969589233,0.0,0.4455295503139496,6.470016956329346,0.36658975481987,3.4832711219787598,0.20434190332889557,16.363561630249023
3492,1820,What is this bottle of?,1,0.08269733935594559,0.0,0.12252321094274521,6.470016956329346,0.09401018917560577,3.471356153488159,0.19072401523590088,13.953804969787598
3493,3185,what is in the box?,0,0.09877259284257889,0.0,0.1276526302099228,6.470016956329346,0.10970577597618103,3.4477295875549316,0.11357959359884262,17.881425857543945
3494,3442,What does this say?,0,0.18952108919620514,0.0,0.230919748544693,6.470016956329346,0.2146914154291153,3.5726077556610107,0.19072401523590088,15.169310569763184
3495,386,Can you tell me whose name tag this it? Thank you.,1,0.1755380630493164,0.0,0.1919327974319458,6.470016956329346,0.18010665476322174,3.451249599456787,0.18713268637657166,12.23886775970459
3496,550,Can you describe what this page looks like? Thank you.,1,0.20946969091892242,0.0,0.23651622235774994,6.470016956329346,0.24508501589298248,4.550004005432129,0.39606815576553345,10.964054107666016
3497,1497,What color is this?,1,0.23651622235774994,0.0,0.29746994376182556,6.470016956329346,0.28776782751083374,4.181596279144287,0.29746994376182556,12.325973510742188
3498,2316,What does this box contain?,1,0.2628418505191803,0.0,0.34510529041290283,6.470016956329346,0.314050555229187,3.732635498046875,0.2628418505191803,12.27800464630127
3499,1457,Can you see anything about these articles of clothing that does not match?,1,0.1259227693080902,0.0,0.14033624529838562,6.470016956329346,0.13477592170238495,3.79844331741333,0.09807932376861572,13.86194133758545
3500,224,What is the number on the back of this card?,0,0.1259227693080902,0.0,0.15203224122524261,6.470016956329346,0.13117322325706482,3.471356153488159,0.16559311747550964,17.480579376220703
3501,3920,Is it a box?,0,0.06853749603033066,0.0,0.07696083933115005,6.470016956329346,0.07159119844436646,3.4386813640594482,0.08756384998559952,10.15723705291748
3502,1702,What kind of spice is this?,1,0.2393493503332138,0.0,0.3073580265045166,6.470016956329346,0.3106943964958191,4.458169937133789,0.31742629408836365,13.001282691955566
3503,3324,What's the expiration date on the milk?,0,0.07807815819978714,0.0,0.08509904146194458,6.470016956329346,0.08035746961832047,3.471356153488159,0.14511536061763763,19.0672550201416
3504,807,Can you see where I need to go or arrow up or down or anything like that to make sure the box of checks so I can hid in it.,0,0.19682620465755463,0.0,0.22270014882087708,6.470016956329346,0.2146914154291153,3.478968858718872,0.21733751893043518,14.903288841247559
3505,632,What is this?,1,0.15817435085773468,0.0,0.230919748544693,6.470016956329346,0.20689405500888824,4.482382774353027,0.4035668969154358,16.151090621948242
3506,4209,For how long do I cook this in the microwave?,0,0.15002882480621338,0.0,0.16885696351528168,6.470016956329346,0.16238002479076385,3.467970132827759,0.16667540371418,19.967493057250977
3507,2473,Please confirm the oven setting.,1,0.2845759987831116,0.0,0.32766830921173096,6.470016956329346,0.3106943964958191,3.8018550872802734,0.42250463366508484,12.641618728637695
3508,1618,What is in the tin?,1,0.39606815576553345,0.0,0.5,6.470016956329346,0.4882833957672119,4.63145637512207,0.4882833957672119,13.818862915039062
3509,838,"What does it show on the screen of the computer?  Note it is an..it is an asus 56e computer, what does it show on the computer screen?  Thanks.",1,0.3208213150501251,0.0,0.4073334336280823,6.470016956329346,0.36658975481987,3.673445463180542,0.5,14.109089851379395
3510,2257,What's in the picture?,1,0.35220178961753845,0.0,0.39981165528297424,6.470016956329346,0.42250463366508484,5.499700546264648,0.5544704794883728,16.00084114074707
3511,3416,Is this the shampoo?,1,0.36296921968460083,0.0,0.43782350420951843,6.470016956329346,0.4339814782142639,4.168484687805176,0.2689414322376251,11.244405746459961
3512,1626,What's this?,0,0.2689414322376251,0.0,0.29746994376182556,6.470016956329346,0.29421496391296387,3.9767134189605713,0.3073580265045166,17.26537322998047
3513,2162,What is this bottle?,1,0.2120688110589981,0.0,0.30404165387153625,6.470016956329346,0.30404165387153625,5.039950370788574,0.32423537969589233,15.076986312866211
3514,1613,What color is this?,0,0.2845759987831116,0.0,0.3415825068950653,6.470016956329346,0.33111974596977234,3.73883318901062,0.24508501589298248,15.927583694458008
3515,4236,What is this?,1,0.16885696351528168,0.0,0.23651622235774994,6.470016956329346,0.2254166156053543,4.773396968841553,0.41869691014289856,16.5506649017334
3516,861,What kind of coffee is this?,1,0.2538610100746155,0.0,0.32423537969589233,6.470016956329346,0.3557748794555664,5.1872100830078125,0.3345894515514374,13.338587760925293
3517,2393,"What color is that, please?",1,0.2689414322376251,0.0,0.3380771279335022,6.470016956329346,0.3345894515514374,4.242387294769287,0.2658804953098297,10.323504447937012
3518,4316,Is this modern?,0,0.2689414322376251,0.0,0.3345894515514374,6.470016956329346,0.28776782751083374,3.4995269775390625,0.29421496391296387,13.358034133911133
3519,4163,What is returning this paper?  Why is it returning this paper?,0,0.2782568037509918,0.0,0.3380771279335022,6.470016956329346,0.29421496391296387,3.4707443714141846,0.22270014882087708,18.02190589904785
3520,775,What is this?,1,0.1561049073934555,0.0,0.2120688110589981,6.470016956329346,0.21733751893043518,5.437662601470947,0.34510529041290283,15.698352813720703
3521,781,Is there anything you could tell me about the screen? Do you see a percentage perhaps? I'm trying to figure out where this diagnostic is going.,0,0.25832599401474,0.0,0.32766830921173096,6.470016956329346,0.2925953269004822,3.6543776988983154,0.29098084568977356,13.600420951843262
3522,3902,What's in this picture?,1,0.2845759987831116,0.0,0.3073580265045166,6.470016956329346,0.30074557662010193,4.045151710510254,0.5078118443489075,16.141597747802734
3523,747,What is this item.,1,0.22270014882087708,0.0,0.27202457189559937,6.470016956329346,0.2422056347131729,3.5424704551696777,0.2845759987831116,13.974861145019531
3524,1372,Is mine fan on?,1,0.17781086266040802,0.0,0.22000709176063538,6.470016956329346,0.20689405500888824,4.082211017608643,0.1540575623512268,13.489313125610352
3525,674,Is the TV on right now?,1,0.5078118443489075,0.0,0.5926666259765625,6.470016956329346,0.5583269596099854,4.325984954833984,0.3073580265045166,15.836856842041016
3526,3691,What is this? ,1,0.2146914154291153,0.0,0.2782568037509918,6.470016956329346,0.2845759987831116,5.153617858886719,0.4843800961971283,15.939301490783691
3527,465,I am wondering what is happening with my computer?,1,0.16238002479076385,0.0,0.19436782598495483,6.470016956329346,0.2018132209777832,4.152956485748291,0.35220178961753845,16.89354133605957
3528,4194,what is this?,1,0.28140559792518616,0.0,0.37387582659721375,6.470016956329346,0.4073334336280823,6.142662048339844,0.5273165106773376,18.32748794555664
3529,2973,what kind of soft drink is this?,1,0.22815649211406708,0.0,0.2658804953098297,6.470016956329346,0.28776782751083374,4.992650508880615,0.25091278553009033,11.917414665222168
3530,859,What does it say?,1,0.2568320035934448,0.0,0.30074557662010193,6.470016956329346,0.29098084568977356,3.6908507347106934,0.4493926465511322,14.764178276062012
3531,2347,Please tell me what color shirt this is. Thank you. ,1,0.31742629408836365,0.0,0.3557748794555664,6.470016956329346,0.41111084818840027,5.043207168579102,0.4035668969154358,15.806527137756348
3532,816,Whats that?,1,0.28776782751083374,0.0,0.3593641519546509,6.470016956329346,0.3775406777858734,5.144627094268799,0.4532618820667267,15.141578674316406
3533,1303,What is this item?,1,0.2658804953098297,0.0,0.36296921968460083,6.470016956329346,0.35220178961753845,5.324072360992432,0.44167301058769226,12.181108474731445
3534,1625,Can you tell me what my weight is please?,0,0.07477004081010818,0.0,0.09670579433441162,6.470016956329346,0.08035746961832047,3.5485646724700928,0.06853749603033066,15.940491676330566
3535,819,What does it show on the screen of this computer?,0,0.29421496391296387,0.0,0.38861799240112305,6.470016956329346,0.3345894515514374,3.792656660079956,0.1766716092824936,19.211849212646484
3536,769,what is this cup?,1,0.28776782751083374,0.0,0.3593641519546509,6.470016956329346,0.39981165528297424,5.197304725646973,0.1919327974319458,13.846449851989746
3537,1706,Whats it say on the label?,0,0.17328819632530212,0.0,0.19930800795555115,6.470016956329346,0.18010665476322174,3.471356153488159,0.32423537969589233,17.54873275756836
3538,2565,What is the contents of this can?,1,0.22270014882087708,0.0,0.31742629408836365,6.470016956329346,0.314050555229187,4.977949619293213,0.32766830921173096,15.71744155883789
3539,724,What is the FCC ID of this wireless deck.,0,0.19682620465755463,0.0,0.23651622235774994,6.470016956329346,0.20434190332889557,3.471356153488159,0.16026602685451508,12.680126190185547
3540,3203,Is this card right side up or upside down? Thank you,1,0.2538610100746155,0.0,0.2598256468772888,6.470016956329346,0.27202457189559937,4.47428035736084,0.2120688110589981,13.63245964050293
3541,713,"How many calories are in Insure? Are you holding it down? Oh no. Am I supposed to hold it down? No, you just hit. I hit it once and then I talked. And then you hit it again when you're done.",0,0.25091278553009033,0.0,0.28776782751083374,6.470016956329346,0.2689414322376251,3.4260692596435547,0.25091278553009033,14.373932838439941
3542,4160,Color are the walls?,1,0.5156199336051941,0.0,0.5736784338951111,6.470016956329346,0.6187804341316223,4.846909046173096,0.3415825068950653,13.555059432983398
3543,4230,What color is my jacket?,1,0.08756384998559952,0.0,0.10521053522825241,6.470016956329346,0.09947021305561066,3.4890358448028564,0.07477004081010818,12.781742095947266
3544,1576,"Whats this shirt look like, thanks?",1,0.36296921968460083,0.0,0.43014732003211975,6.470016956329346,0.46101680397987366,4.906013011932373,0.5195213556289673,14.69623851776123
3545,2583,How many cups of milk and how many cups of water do I need to make this stuffing?,0,0.23651622235774994,0.0,0.29746994376182556,6.470016956329346,0.2782568037509918,3.826511859893799,0.2351084053516388,18.842634201049805
3546,2308,What does the dial indicate as the top facing number?,1,0.22000709176063538,0.0,0.28140559792518616,6.470016956329346,0.2538610100746155,3.670332431793213,0.3812195658683777,17.632976531982422
3547,2026,Is the dog lying on his bed?,1,0.2568320035934448,0.0,0.28140559792518616,6.470016956329346,0.28776782751083374,4.112648010253906,0.14804719388484955,11.755216598510742
3548,2193,What is this title?,0,0.21733751893043518,0.0,0.23370634019374847,6.470016956329346,0.2422056347131729,3.9873201847076416,0.29746994376182556,14.628290176391602
3549,4285,What is this?,0,0.1710611879825592,0.0,0.2422056347131729,6.470016956329346,0.2146914154291153,4.275521755218506,0.18476751446723938,17.91927719116211
3550,1627,Is this a regular coke or a diet coke?,1,0.3415825068950653,0.0,0.4455295503139496,6.470016956329346,0.4148988127708435,5.102920055389404,0.28776782751083374,12.6935396194458
3551,1698,What is this thing?,1,0.2845759987831116,0.0,0.41111084818840027,6.470016956329346,0.41869691014289856,5.933421611785889,0.4765796661376953,15.32076644897461
3552,1459,What's the label on this tiny bottle?,0,0.11436852067708969,0.0,0.12252321094274521,6.470016956329346,0.11596070975065231,3.471356153488159,0.14128142595291138,17.48394012451172
3553,1461,What kind of coffee is this?,1,0.24798743426799774,0.0,0.3073580265045166,6.470016956329346,0.32423537969589233,4.626931190490723,0.25091278553009033,13.690018653869629
3554,735,What color is this and what is it?,1,0.43782350420951843,0.0,0.5428633093833923,6.470016956329346,0.5234203934669495,4.330712795257568,0.6584175229072571,12.609506607055664
3555,846,"Yes, this is a Google Street View. I need a description,, as detailed as possible, of the image, and I need to know if there's a bus stop visible.",1,0.314050555229187,0.0,0.32423537969589233,6.470016956329346,0.33111974596977234,3.727052688598633,0.49218812584877014,10.818225860595703
3556,3282,WHat is this?,1,0.3380771279335022,0.0,0.42250463366508484,6.470016956329346,0.45713675022125244,5.74871301651001,0.4804786741733551,17.556304931640625
3557,729,One weak image on the screen.,0,0.14033624529838562,0.0,0.1540575623512268,6.470016956329346,0.14608724415302277,3.6107535362243652,0.14608724415302277,15.428123474121094
3558,1403,What color is this shirt?,1,0.37022536993026733,0.0,0.4455295503139496,6.470016956329346,0.46101680397987366,4.672603607177734,0.33111974596977234,11.442337989807129
3559,2887,what city is this?,0,0.08632348477840424,0.0,0.09807932376861572,6.470016956329346,0.09009299427270889,3.4633147716522217,0.052618954330682755,14.854865074157715
3560,3400,What is this movie?,1,0.2254166156053543,0.0,0.2751297354698181,6.470016956329346,0.2538610100746155,3.4375948905944824,0.37022536993026733,12.944846153259277
3561,4215,What is this photo of?,0,0.16026602685451508,0.0,0.22000709176063538,6.470016956329346,0.1919327974319458,3.6085994243621826,0.14804719388484955,15.517577171325684
3562,758,What is the code to be typed?,0,0.16451644897460938,0.0,0.20689405500888824,6.470016956329346,0.16885696351528168,3.471356153488159,0.11124120652675629,16.33670425415039
3563,4115,What color is this?,1,0.3345894515514374,0.0,0.43782350420951843,6.470016956329346,0.41111084818840027,4.487141132354736,0.4339814782142639,13.12170124053955
3564,1352,What is this?,1,0.22000709176063538,0.0,0.314050555229187,6.470016956329346,0.3593641519546509,6.7332611083984375,0.37022536993026733,17.23016357421875
3565,2186,what kind of soda is this?,1,0.2120688110589981,0.0,0.2628418505191803,6.470016956329346,0.2658804953098297,3.7392287254333496,0.2689414322376251,14.819558143615723
3566,1199,What does this label say?,1,0.20946969091892242,0.0,0.2598256468772888,6.470016956329346,0.21733751893043518,3.471356153488159,0.35220178961753845,13.754607200622559
3567,3296,In this picture.,1,0.2689414322376251,0.0,0.29421496391296387,6.470016956329346,0.3073580265045166,4.10075044631958,0.41111084818840027,15.017151832580566
3568,3059,What flavor is this?,1,0.2538610100746155,0.0,0.32423537969589233,6.470016956329346,0.3380771279335022,5.078665733337402,0.30404165387153625,13.97178840637207
3569,4107,What is this photo?,1,0.2393493503332138,0.0,0.2845759987831116,6.470016956329346,0.28140559792518616,4.4577836990356445,0.4532618820667267,16.730144500732422
3570,1288,what is in this box?,1,0.2598256468772888,0.0,0.35220178961753845,6.470016956329346,0.3775406777858734,5.548938274383545,0.35220178961753845,15.465982437133789
3571,3985,What brand printer is this?,0,0.2393493503332138,0.0,0.29098084568977356,6.470016956329346,0.28140559792518616,3.5423693656921387,0.10017222166061401,15.692320823669434
3572,2563,What is this shirt?,1,0.3415825068950653,0.0,0.44167301058769226,6.470016956329346,0.44167301058769226,4.472652435302734,0.3106943964958191,13.545369148254395
3573,487,What does this captcha say?,0,0.14033624529838562,0.0,0.1561049073934555,6.470016956329346,0.14414885640144348,3.470355749130249,0.14511536061763763,15.311610221862793
3574,2386,What does this say,1,0.4339814782142639,0.0,0.5234203934669495,6.470016956329346,0.531209409236908,5.505882740020752,0.8128673434257507,14.68447494506836
3575,3280,Does it say that? it says record a question. I think.,0,0.1755380630493164,0.0,0.18242551386356354,6.470016956329346,0.18010665476322174,3.447004556655884,0.17328819632530212,13.56843376159668
3576,557,Yes this is a Google Street View and I need as detailed a description as possible of the image. Thank you.,1,0.33111974596977234,0.0,0.3849121630191803,6.470016956329346,0.36296921968460083,3.849651336669922,0.6791787147521973,12.89681339263916
3577,3279,What is in this can?,1,0.14804719388484955,0.0,0.20689405500888824,6.470016956329346,0.16026602685451508,3.47106671333313,0.18952108919620514,13.051473617553711
3578,3221,Who's letter is this from?,0,0.10970577597618103,0.0,0.11596070975065231,6.470016956329346,0.11596070975065231,3.471356153488159,0.08694165199995041,11.855805397033691
3579,3409,Which kind of food is this?,1,0.22000709176063538,0.0,0.30074557662010193,6.470016956329346,0.2751297354698181,3.6200551986694336,0.28776782751083374,10.318958282470703
3580,2264,What is this?,1,0.27202457189559937,0.0,0.36296921968460083,6.470016956329346,0.37022536993026733,5.320094585418701,0.5039061903953552,16.45701026916504
3581,4295,In the bottle.,1,0.23370634019374847,0.0,0.2658804953098297,6.470016956329346,0.25091278553009033,3.7046236991882324,0.20689405500888824,11.632491111755371
3582,673,What is this?,0,0.16451644897460938,0.0,0.22270014882087708,6.470016956329346,0.1919327974319458,3.6513304710388184,0.13660839200019836,16.90916633605957
3583,1663,What is that?,1,0.22815649211406708,0.0,0.3415825068950653,6.470016956329346,0.3557748794555664,5.030948638916016,0.46101680397987366,14.895256996154785
3584,3827,Can you tell what this is?,1,0.30404165387153625,0.0,0.3849121630191803,6.470016956329346,0.4035668969154358,5.6595001220703125,0.8031737804412842,16.669931411743164
3585,2517,What is this a picture of?,1,0.29746994376182556,0.0,0.3849121630191803,6.470016956329346,0.38861799240112305,5.281276702880859,0.3849121630191803,14.155638694763184
3586,666,"Hi, which red box is a jam box speaker and I've got the underside facing up.  I'm wondering if you can read the serial number.  I think there are three or four lines of print.",0,0.29746994376182556,0.0,0.3208213150501251,6.470016956329346,0.33111974596977234,3.979780673980713,0.2643583416938782,16.624631881713867
3587,1448,What title is this?,1,0.22815649211406708,0.0,0.2628418505191803,6.470016956329346,0.24508501589298248,3.9452710151672363,0.47852882742881775,12.575459480285645
3588,776,Where are you?,1,0.13296423852443695,0.0,0.2120688110589981,6.470016956329346,0.18476751446723938,3.714311361312866,0.3208213150501251,13.094961166381836
3589,461,please let me know what's on my screen right now.,1,0.28776782751083374,0.0,0.3208213150501251,6.470016956329346,0.32423537969589233,3.826632261276245,0.24798743426799774,15.01236629486084
3590,3412,What is this?,1,0.22270014882087708,0.0,0.3073580265045166,6.470016956329346,0.32766830921173096,5.46181058883667,0.4455295503139496,16.327516555786133
3591,3454,What is in this chart,0,0.18713268637657166,0.0,0.22000709176063538,6.470016956329346,0.19930800795555115,3.5998198986053467,0.14706452190876007,16.137271881103516
3592,1999,What flavor is this?,0,0.08509904146194458,0.0,0.10970577597618103,6.470016956329346,0.09138210862874985,3.4569594860076904,0.0838903859257698,16.0033016204834
3593,4085,What is in the drawer and please describe.,1,0.3923368453979492,0.0,0.5156199336051941,6.470016956329346,0.4493926465511322,3.9848852157592773,0.6076632142066956,14.59157943725586
3594,1248,When does this expire?,1,0.16026602685451508,0.0,0.19436782598495483,6.470016956329346,0.1755380630493164,3.500781536102295,0.17781086266040802,15.918283462524414
3595,3265,What is this?,1,0.2689414322376251,0.0,0.37387582659721375,6.470016956329346,0.37022536993026733,5.442918300628662,0.6584175229072571,16.481952667236328
3596,2336,What is this?,1,0.18242551386356354,0.0,0.2568320035934448,6.470016956329346,0.24798743426799774,4.827010631561279,0.30074557662010193,15.89345645904541
3597,2391,Can you please tell me what's in that container?,0,0.10669060051441193,0.0,0.14033624529838562,6.470016956329346,0.11757213622331619,3.459493398666382,0.06608537584543228,17.53963279724121
3598,1700,What do I use this for?,1,0.10669060051441193,0.0,0.1710611879825592,6.470016956329346,0.12940272688865662,3.8281710147857666,0.1919327974319458,15.549537658691406
3599,4308,oven set to thanks?,1,0.2422056347131729,0.0,0.2689414322376251,6.470016956329346,0.24798743426799774,3.4840011596679688,0.42250463366508484,16.43222427368164
3600,3455,"This is the fifth napkin, the last one matching the place mat. Are the stripes in vertical or horizontal? Thanks, you've been so helpful and I'm so grateful for...",1,0.3849121630191803,0.0,0.3849121630191803,6.470016956329346,0.43014732003211975,4.049149036407471,0.29098084568977356,19.81560707092285
3601,2304,What kind of plant is this?,1,0.24798743426799774,0.0,0.3208213150501251,6.470016956329346,0.3380771279335022,4.73937463760376,0.2658804953098297,14.773955345153809
3602,1546,What does this say?,1,0.18242551386356354,0.0,0.230919748544693,6.470016956329346,0.20689405500888824,3.498818874359131,0.4532618820667267,16.48060417175293
3603,3143,Which medicine is this?,0,0.1755380630493164,0.0,0.20689405500888824,6.470016956329346,0.18952108919620514,3.4432992935180664,0.1208532303571701,16.54926872253418
3604,1629,What color is this and what is it?,1,0.4493926465511322,0.0,0.5583269596099854,6.470016956329346,0.5428633093833923,4.6040754318237305,0.6039317846298218,12.904562950134277
3605,3204,What color is this shirt?,1,0.2538610100746155,0.0,0.32766830921173096,6.470016956329346,0.3106943964958191,4.162598609924316,0.2751297354698181,11.596892356872559
3606,4239,What's this?,1,0.3415825068950653,0.0,0.3812195658683777,6.470016956329346,0.38861799240112305,5.024388790130615,0.665410578250885,15.453167915344238
3607,615,What is this?,1,0.19436782598495483,0.0,0.2845759987831116,6.470016956329346,0.28776782751083374,5.395092964172363,0.45713675022125244,16.468772888183594
3608,459,Is it a mobile?,1,0.029760094359517097,0.0,0.03210070729255676,6.470016956329346,0.031143832951784134,3.8878333568573,0.021287351846694946,11.15592098236084
3609,685,Please tell me what this is.,0,0.1540575623512268,0.0,0.19682620465755463,6.470016956329346,0.1710611879825592,3.645188570022583,0.1561049073934555,16.182537078857422
3610,1585,I'm looking for the sound category to be highlighted.  How far away am I?,0,0.17328819632530212,0.0,0.18952108919620514,6.470016956329346,0.18242551386356354,3.4392905235290527,0.2018132209777832,14.40477466583252
3611,814,What is written there?,0,0.1561049073934555,0.0,0.19682620465755463,6.470016956329346,0.16026602685451508,3.471356153488159,0.1208532303571701,16.443050384521484
3612,4242,This is product.,1,0.39981165528297424,0.0,0.4455295503139496,6.470016956329346,0.4532618820667267,3.7372207641601562,0.6039317846298218,13.501679420471191
3613,1694,What is this?,1,0.20689405500888824,0.0,0.29421496391296387,6.470016956329346,0.29098084568977356,5.054205417633057,0.3775406777858734,16.205974578857422
3614,680,What did that say?,0,0.23370634019374847,0.0,0.29421496391296387,6.470016956329346,0.2628418505191803,3.519085645675659,0.22000709176063538,13.677006721496582
3615,852,What does this sheet say?,0,0.1540575623512268,0.0,0.18476751446723938,6.470016956329346,0.16238002479076385,3.47377872467041,0.11920291930437088,18.146791458129883
3616,793,What does the text over the OK button say on this screen?,1,0.2568320035934448,0.0,0.35220178961753845,6.470016956329346,0.32423537969589233,3.932605028152466,0.4073334336280823,13.2522554397583
3617,4281,What's on this shirt?  Thanks.,1,0.39981165528297424,0.0,0.4687906503677368,6.470016956329346,0.4765796661376953,4.694615364074707,0.665410578250885,14.073043823242188
3618,2532,What is this?,1,0.22000709176063538,0.0,0.30404165387153625,6.470016956329346,0.32423537969589233,5.728181838989258,0.4339814782142639,17.56611442565918
3619,3150,Do I have to ho - oh. What is this? ,1,0.16885696351528168,0.0,0.18476751446723938,6.470016956329346,0.18476751446723938,3.4369728565216064,0.2598256468772888,13.992094039916992
3620,1674,What is this?,1,0.2782568037509918,0.0,0.3775406777858734,6.470016956329346,0.4148988127708435,6.175771236419678,0.43014732003211975,17.551584243774414
3621,830,I'm dealing with a Captcha but I can't see the screen and I need it to request something from a website.  Can you tell me what the Captcha is?,0,0.1710611879825592,0.0,0.18952108919620514,6.470016956329346,0.18010665476322174,3.4387049674987793,0.2628418505191803,15.05135440826416
3622,4038,How many ..,0,0.16026602685451508,0.0,0.18952108919620514,6.470016956329346,0.17781086266040802,3.6012964248657227,0.13660839200019836,13.32072639465332
3623,719,What did i just read on my pc?,1,0.18952108919620514,0.0,0.21733751893043518,6.470016956329346,0.2120688110589981,4.03786563873291,0.3415825068950653,13.320793151855469
3624,521,What does this sign say?,0,0.29746994376182556,0.0,0.3557748794555664,6.470016956329346,0.34510529041290283,3.9056715965270996,0.16132023930549622,16.93767547607422
3625,4303,What does this say?,1,0.18952108919620514,0.0,0.27202457189559937,6.470016956329346,0.2689414322376251,5.411726474761963,0.32423537969589233,15.314696311950684
3626,2500,What is this?,1,0.2146914154291153,0.0,0.2751297354698181,6.470016956329346,0.2598256468772888,4.153965950012207,0.5389832258224487,16.508094787597656
3627,2579,which pot pie is this?,1,0.18010665476322174,0.0,0.2120688110589981,6.470016956329346,0.19682620465755463,3.657261848449707,0.2658804953098297,11.448582649230957
3628,2545,What is in this box?,1,0.3380771279335022,0.0,0.4148988127708435,6.470016956329346,0.4493926465511322,5.209054470062256,0.32766830921173096,14.937582969665527
3629,798,What is the computer screen showing?,1,0.32423537969589233,0.0,0.4532618820667267,6.470016956329346,0.41111084818840027,4.467975616455078,0.43014732003211975,14.35778522491455
3630,2570,Can you tell me what this food item is? ,1,0.2598256468772888,0.0,0.33111974596977234,6.470016956329346,0.3415825068950653,5.016515731811523,0.562176525592804,16.765439987182617
3631,4144,What does this pregnancy test show?,1,0.12421300262212753,0.0,0.14804719388484955,6.470016956329346,0.13660839200019836,3.760352611541748,0.11676400899887085,15.754958152770996
3632,3096,What is this? ,0,0.1919327974319458,0.0,0.23370634019374847,6.470016956329346,0.23651622235774994,4.653589248657227,0.20689405500888824,17.054893493652344
3633,862,"I need to know the captcha code if anyone could, please. Thanks.",1,0.20946969091892242,0.0,0.23651622235774994,6.470016956329346,0.22000709176063538,3.449498176574707,0.3486451506614685,13.041946411132812
3634,4293,Do these socks match?,1,0.13477592170238495,0.0,0.14033624529838562,6.470016956329346,0.14414885640144348,3.593106746673584,0.09268777817487717,14.184286117553711
3635,2576,what is this,1,0.41111084818840027,0.0,0.49609383940696716,6.470016956329346,0.5350984334945679,6.138544082641602,0.8354835510253906,18.563005447387695
3636,1689,What is the writing on the screen?,0,0.1540575623512268,0.0,0.1710611879825592,6.470016956329346,0.1561049073934555,3.4696927070617676,0.16559311747550964,18.208099365234375
3637,2575,What color is this t-shirt?,1,0.14608724415302277,0.0,0.16451644897460938,6.470016956329346,0.1755380630493164,3.8663294315338135,0.11124120652675629,11.660369873046875
3638,753,Could you please tell me if this is a good picture of the tv stand?,1,0.36658975481987,0.0,0.3923368453979492,6.470016956329346,0.41869691014289856,4.069645881652832,0.15002882480621338,15.524626731872559
3639,1610,What is this package? ,1,0.29098084568977356,0.0,0.35220178961753845,6.470016956329346,0.37022536993026733,5.434709072113037,0.2658804953098297,15.221813201904297
3640,569,What is the picture?,1,0.3106943964958191,0.0,0.3775406777858734,6.470016956329346,0.36296921968460083,3.7123055458068848,0.4339814782142639,14.145017623901367
3641,2573,what is in this jar?,0,0.055005282163619995,0.0,0.06097518280148506,6.470016956329346,0.05749327689409256,3.4575304985046387,0.07316471636295319,17.722436904907227
3642,3377,What is this a picture of?,1,0.19436782598495483,0.0,0.27202457189559937,6.470016956329346,0.3106943964958191,5.855538368225098,0.22270014882087708,15.781081199645996
3643,1245,What is this?,1,0.2751297354698181,0.0,0.3923368453979492,6.470016956329346,0.4263215959072113,6.478525161743164,0.6113819479942322,17.730119705200195
3644,982,What is this?  ,1,0.2751297354698181,0.0,0.37387582659721375,6.470016956329346,0.36296921968460083,5.319559574127197,0.531209409236908,14.519195556640625
3645,815,What is it?,1,0.28140559792518616,0.0,0.38861799240112305,6.470016956329346,0.3812195658683777,5.23308801651001,0.5506073832511902,15.373871803283691
3646,2217,Is there any text on this side of the paper please?,1,0.0534033328294754,0.0,0.055005282163619995,6.470016956329346,0.05582313984632492,3.437321424484253,0.06754669547080994,12.529927253723145
3647,738,What does this screen say?,0,0.30404165387153625,0.0,0.37387582659721375,6.470016956329346,0.3345894515514374,3.534623384475708,0.16451644897460938,16.47356414794922
3648,2404,"Can you tell me how long I need to cook this for, please?",0,0.1755380630493164,0.0,0.19930800795555115,6.470016956329346,0.18242551386356354,3.4879298210144043,0.2393493503332138,16.704198837280273
3649,3370,What biscuits are these?,0,0.15203224122524261,0.0,0.18242551386356354,6.470016956329346,0.1710611879825592,3.4472548961639404,0.200557678937912,18.071088790893555
3650,4240,What is it?,1,0.2658804953098297,0.0,0.34510529041290283,6.470016956329346,0.33111974596977234,4.640108108520508,0.6757646203041077,16.016693115234375
3651,2475,"These are all 5 DVDs again, which on is The Sound of Music?",0,0.20434190332889557,0.0,0.22815649211406708,6.470016956329346,0.22000709176063538,3.645021677017212,0.2538610100746155,14.490687370300293
3652,4183,Would you say this room is illuminated?,1,0.1259227693080902,0.0,0.14033624529838562,6.470016956329346,0.13846179842948914,3.7961502075195312,0.06656918674707413,12.27803897857666
3653,706,What is this?,1,0.230919748544693,0.0,0.29746994376182556,6.470016956329346,0.29746994376182556,4.938827991485596,0.3593641519546509,15.372864723205566
3654,3222,What is it?,1,0.3106943964958191,0.0,0.41111084818840027,6.470016956329346,0.4339814782142639,5.654378414154053,0.5698526501655579,17.07579803466797
3655,3044,Is this pepper mill red or black? Thank you.,0,0.12940272688865662,0.0,0.12421300262212753,6.470016956329346,0.13477592170238495,3.5598127841949463,0.13386750221252441,13.497204780578613
3656,827,Do you tell me what kind of car this is?,1,0.20689405500888824,0.0,0.230919748544693,6.470016956329346,0.2845759987831116,5.545449256896973,0.3593641519546509,18.826791763305664
3657,648,What does this capthca say?,0,0.14804719388484955,0.0,0.1710611879825592,6.470016956329346,0.1540575623512268,3.4618747234344482,0.20434190332889557,15.266648292541504
3658,4102,What's the color?,0,0.28776782751083374,0.0,0.36658975481987,6.470016956329346,0.3380771279335022,4.046372890472412,0.3023911118507385,16.3250789642334
3659,3242,"This is Brooklyn Beans coffee, what flavor is it? ",1,0.19436782598495483,0.0,0.22815649211406708,6.470016956329346,0.2393493503332138,4.23044490814209,0.3106943964958191,15.597929000854492
3660,1675,I believe this is silver oak.  What year is it?,1,0.4073334336280823,0.0,0.4765796661376953,6.470016956329346,0.4843800961971283,4.553358554840088,0.43782350420951843,17.894554138183594
3661,2201,What is the label on this spice?,1,0.5467381477355957,0.0,0.6261242032051086,6.470016956329346,0.622459352016449,4.0564188957214355,0.5926666259765625,15.732619285583496
3662,723,"I just took a picture of what I am sure is a charger but i don't know what device it says that its for, does it say on this charger what its suppose to be for? Thank you.",0,0.16238002479076385,0.0,0.16667540371418,6.470016956329346,0.16885696351528168,3.4407010078430176,0.20689405500888824,14.771814346313477
3663,1582,What is in this bottle?,1,0.14804719388484955,0.0,0.2538610100746155,6.470016956329346,0.21733751893043518,4.456172943115234,0.37022536993026733,12.43282413482666
3664,3436,What is this?,1,0.2146914154291153,0.0,0.28776782751083374,6.470016956329346,0.3073580265045166,5.66431188583374,0.5117166042327881,16.669824600219727
3665,849,what is this?,1,0.30404165387153625,0.0,0.3812195658683777,6.470016956329346,0.4035668969154358,5.831138610839844,0.6187804341316223,16.91054916381836
3666,1350,What is this?,1,0.27202457189559937,0.0,0.35220178961753845,6.470016956329346,0.38861799240112305,5.966779708862305,0.5851011276245117,16.553003311157227
3667,3171,What color is this shoe?,1,0.36296921968460083,0.0,0.4532618820667267,6.470016956329346,0.43014732003211975,5.143809795379639,0.38861799240112305,12.382014274597168
3668,3116,What is the color?,1,0.1755380630493164,0.0,0.23651622235774994,6.470016956329346,0.19930800795555115,3.8331704139709473,0.22815649211406708,13.23263168334961
3669,399,What's on the screen,1,0.20817893743515015,0.0,0.2613309323787689,6.470016956329346,0.2393493503332138,4.105011463165283,0.2422056347131729,12.143094062805176
3670,2327,What is this? ,0,0.19436782598495483,0.0,0.24508501589298248,6.470016956329346,0.25091278553009033,4.995683193206787,0.17781086266040802,16.900768280029297
3671,2574,What is the expiration date?,1,0.2598256468772888,0.0,0.33111974596977234,6.470016956329346,0.2751297354698181,3.4710147380828857,0.2598256468772888,14.719461441040039
3672,2382,How does this picture look?,1,0.27202457189559937,0.0,0.33111974596977234,6.470016956329346,0.31742629408836365,4.321066379547119,0.4148988127708435,14.826837539672852
3673,3445,"Is this a pepperoni pizza, pepperoni and sausage, supreme, what kind? ",1,0.18242551386356354,0.0,0.22000709176063538,6.470016956329346,0.2120688110589981,4.016636848449707,0.3345894515514374,14.621932983398438
3674,3765,What is this ?,0,0.13846179842948914,0.0,0.2018132209777832,6.470016956329346,0.19682620465755463,4.876124858856201,0.16885696351528168,16.885623931884766
3675,3899,What color are these pants?,1,0.1208532303571701,0.0,0.14608724415302277,6.470016956329346,0.14414885640144348,4.014769554138184,0.08756384998559952,10.951844215393066
3676,1171,What kind of pastries are these?,1,0.41111084818840027,0.0,0.5039061903953552,6.470016956329346,0.531209409236908,4.531286239624023,0.4804786741733551,16.006668090820312
3677,3419,What kind of meat is this?,1,0.08632348477840424,0.0,0.11436852067708969,6.470016956329346,0.09947021305561066,3.48187255859375,0.06903792917728424,14.37631607055664
3678,2423,What is this?,1,0.2628418505191803,0.0,0.3557748794555664,6.470016956329346,0.37022536993026733,5.480639457702637,0.3486451506614685,16.389875411987305
3679,2332,What type of nuts are in this package?,1,0.2782568037509918,0.0,0.3380771279335022,6.470016956329346,0.3593641519546509,4.640625,0.22815649211406708,14.188030242919922
3680,745,What is this thing?,0,0.10230470448732376,0.0,0.16451644897460938,6.470016956329346,0.14223188161849976,4.259269714355469,0.10743747651576996,15.569429397583008
3681,2939,What brand of wine is that box? And thanks for your help in advance.,1,0.5888891220092773,0.0,0.6619228720664978,6.470016956329346,0.6893056035041809,4.8826093673706055,0.531209409236908,12.376233100891113
3682,4270,What week is this? Not sure if you'll be able to tell or not.,0,0.16238002479076385,0.0,0.15817435085773468,6.470016956329346,0.16667540371418,3.46103835105896,0.28937169909477234,14.665257453918457
3683,477,Can you tell what this dialogue box says?,1,0.1276526302099228,0.0,0.15203224122524261,6.470016956329346,0.14033624529838562,3.547083854675293,0.27202457189559937,13.553647994995117
3684,3395,What is this? What is this?,1,0.30404165387153625,0.0,0.35220178961753845,6.470016956329346,0.38861799240112305,5.404555797576904,0.39981165528297424,13.436559677124023
3685,631,What's this?,1,0.27202457189559937,0.0,0.31742629408836365,6.470016956329346,0.30074557662010193,4.219186305999756,0.4687906503677368,13.915197372436523
3686,2343,What kind of wine is this?,1,0.17328819632530212,0.0,0.22000709176063538,6.470016956329346,0.2120688110589981,4.141047477722168,0.2254166156053543,14.116775512695312
3687,4314,What is this in front of the camera?,1,0.29098084568977356,0.0,0.3380771279335022,6.470016956329346,0.36296921968460083,4.928592681884766,0.3208213150501251,13.71261978149414
3688,4222,What is this object?,1,0.16451644897460938,0.0,0.23651622235774994,6.470016956329346,0.23651622235774994,5.36688232421875,0.21733751893043518,15.431777000427246
3689,4070,What denomination is this dollar bill?,0,0.10669060051441193,0.0,0.11436852067708969,6.470016956329346,0.10818894952535629,3.4654078483581543,0.13386750221252441,16.376258850097656
3690,1499,What is this?,1,0.2598256468772888,0.0,0.3557748794555664,6.470016956329346,0.3923368453979492,6.365586280822754,0.4765796661376953,17.570396423339844
3691,495,What does this dialog box say?,0,0.2538610100746155,0.0,0.3106943964958191,6.470016956329346,0.28776782751083374,3.542264699935913,0.18242551386356354,15.368879318237305
3692,2455,Is this better? Can you tell the flavor?,1,0.19930800795555115,0.0,0.230919748544693,6.470016956329346,0.19682620465755463,3.538656234741211,0.12852513790130615,14.000521659851074
3693,2422,what product is this please and thank you.,1,0.3486451506614685,0.0,0.4148988127708435,6.470016956329346,0.4073334336280823,3.8446686267852783,0.4843800961971283,11.650263786315918
3694,4271,What kind of pop is in this can?,1,0.24798743426799774,0.0,0.29746994376182556,6.470016956329346,0.29421496391296387,3.6866772174835205,0.2422056347131729,12.23323917388916
3695,411,"I pushed the finish button, or at least pressed enter, but nothing seems to be happening.  What does the computer want me to do now?",1,0.17328819632530212,0.0,0.2120688110589981,6.470016956329346,0.18952108919620514,3.5386221408843994,0.21733751893043518,14.698331832885742
3696,1498,What is this?,1,0.23370634019374847,0.0,0.3106943964958191,6.470016956329346,0.34510529041290283,5.937722206115723,0.5195213556289673,17.07619857788086
3697,611,Can you tell the stuff I need to type into the computer?,0,0.16451644897460938,0.0,0.19682620465755463,6.470016956329346,0.18242551386356354,3.553825616836548,0.13660839200019836,16.727758407592773
3698,1359,can you tell me what my weight is please?,0,0.12421300262212753,0.0,0.16238002479076385,6.470016956329346,0.13846179842948914,3.7096469402313232,0.1200256273150444,16.6214656829834
3699,863,"Come on, you guys, please tell me what's on my screen?",0,0.11920291930437088,0.0,0.13846179842948914,6.470016956329346,0.13117322325706482,3.567531108856201,0.1490352898836136,16.1242733001709
3700,2400,What dinner is this?,1,0.2598256468772888,0.0,0.33111974596977234,6.470016956329346,0.3486451506614685,4.994583606719971,0.34510529041290283,14.057995796203613
3701,3397,What color is it please?,1,0.36658975481987,0.0,0.4687906503677368,6.470016956329346,0.4493926465511322,4.489312171936035,0.4532618820667267,11.809748649597168
3702,2590,What color is this t-shirt?,1,0.1561049073934555,0.0,0.18242551386356354,6.470016956329346,0.18242551386356354,3.8606603145599365,0.12940272688865662,12.233489036560059
3703,2547,What is this?,1,0.19930800795555115,0.0,0.28140559792518616,6.470016956329346,0.29746994376182556,5.850519180297852,0.39606815576553345,17.28009605407715
3704,1648,What is that?,1,0.14608724415302277,0.0,0.20434190332889557,6.470016956329346,0.22270014882087708,5.40316104888916,0.24508501589298248,15.991363525390625
3705,3339,What color is this bottle?,1,0.18476751446723938,0.0,0.24798743426799774,6.470016956329346,0.22000709176063538,4.131473064422607,0.14223188161849976,10.841651916503906
3706,4213,What is this?,1,0.2598256468772888,0.0,0.3557748794555664,6.470016956329346,0.3593641519546509,5.390110015869141,0.5660185217857361,16.260427474975586
3707,3404,What is it?,1,0.29421496391296387,0.0,0.38861799240112305,6.470016956329346,0.4073334336280823,5.31085729598999,0.562176525592804,17.12078857421875
3708,3394,What is this please?,0,0.22270014882087708,0.0,0.2689414322376251,6.470016956329346,0.24798743426799774,3.7909228801727295,0.1561049073934555,15.800376892089844
3709,607,What is this?,0,0.18476751446723938,0.0,0.24798743426799774,6.470016956329346,0.22000709176063538,3.850522518157959,0.1755380630493164,17.490509033203125
3710,3447,Read what kind of coffee is in this K-cup.,0,0.13846179842948914,0.0,0.15817435085773468,6.470016956329346,0.15002882480621338,3.465287446975708,0.14223188161849976,16.852771759033203
3711,1371,What is this?,1,0.18713268637657166,0.0,0.2628418505191803,6.470016956329346,0.28776782751083374,6.034076690673828,0.2845759987831116,16.609054565429688
3712,4058,What temperature is this?,0,0.11124120652675629,0.0,0.1276526302099228,6.470016956329346,0.1259227693080902,3.5437989234924316,0.14608724415302277,18.039112091064453
3713,3443,"Can you tell me what's in this can, please?",1,0.4148988127708435,0.0,0.5,6.470016956329346,0.531209409236908,5.852806568145752,0.7154240012168884,17.2644100189209
3714,710,What is this medicine?,0,0.12252321094274521,0.0,0.1755380630493164,6.470016956329346,0.14223188161849976,3.449969530105591,0.13939638435840607,17.314393997192383
3715,3813,What's the five digit number?,1,0.1259227693080902,0.0,0.14223188161849976,6.470016956329346,0.13846179842948914,4.008111953735352,0.2254166156053543,15.963519096374512
3716,1556,Is this Life is Beautiful?,1,0.08269733935594559,0.0,0.0792103260755539,6.470016956329346,0.08269733935594559,3.517159938812256,0.04672496020793915,11.603836059570312
3717,1488,What does the coffee cup say?,1,0.41869691014289856,0.0,0.5156199336051941,6.470016956329346,0.49218812584877014,4.112063884735107,0.665410578250885,15.700485229492188
3718,1705,What kind of cookies are these?,1,0.22815649211406708,0.0,0.2782568037509918,6.470016956329346,0.32766830921173096,5.012813568115234,0.2538610100746155,14.397259712219238
3719,4196,What is the security code?,0,0.09009299427270889,0.0,0.11124120652675629,6.470016956329346,0.09401018917560577,3.4391098022460938,0.0753123089671135,16.597965240478516
3720,3963,What is on this computer screen?,1,0.03514484688639641,0.0,0.04958902671933174,6.470016956329346,0.0427221953868866,3.669595956802368,0.04023794084787369,16.549243927001953
3721,831,Can you tell what the security warning is saying on this screen?,0,0.15203224122524261,0.0,0.18476751446723938,6.470016956329346,0.15817435085773468,3.702877998352051,0.2845759987831116,15.900202751159668
3722,1734,Can you tell what flavor this is?,0,0.11596070975065231,0.0,0.13477592170238495,6.470016956329346,0.13296423852443695,4.0400495529174805,0.11757213622331619,15.108798027038574
3723,3009,"I know it says the Ten Commandments, but what are the Ten Commandments?",0,0.22270014882087708,0.0,0.28776782751083374,6.470016956329346,0.2538610100746155,3.630676507949829,0.16885696351528168,16.395709991455078
3724,1557,What color is this shirt?,1,0.230919748544693,0.0,0.2782568037509918,6.470016956329346,0.28140559792518616,4.376612663269043,0.1710611879825592,11.616195678710938
3725,1721,Which coffee is this?,1,0.20434190332889557,0.0,0.24798743426799774,6.470016956329346,0.2568320035934448,4.89562463760376,0.30074557662010193,12.944401741027832
3726,1390,What is this?,1,0.1919327974319458,0.0,0.27202457189559937,6.470016956329346,0.2782568037509918,5.6749701499938965,0.4035668969154358,16.684965133666992
3727,4260,What does this say?,1,0.2422056347131729,0.0,0.29098084568977356,6.470016956329346,0.2568320035934448,3.471356153488159,0.5428633093833923,14.505953788757324
3728,832,The code on this iTunes gift card.,0,0.30074557662010193,0.0,0.3415825068950653,6.470016956329346,0.3486451506614685,3.812317132949829,0.3073580265045166,16.32971954345703
3729,4147,Tell me what color this yarn is please.,1,0.37387582659721375,0.0,0.4532618820667267,6.470016956329346,0.4765796661376953,4.7894439697265625,0.49218812584877014,15.216658592224121
3730,4093,Which color is it?,1,0.28776782751083374,0.0,0.3486451506614685,6.470016956329346,0.3415825068950653,3.906694173812866,0.34510529041290283,9.007026672363281
3731,2346,What type of eye drop is this?,1,0.1710611879825592,0.0,0.22815649211406708,6.470016956329346,0.2120688110589981,3.853940486907959,0.2751297354698181,12.613386154174805
3732,2493,What is in this can?,1,0.22270014882087708,0.0,0.3106943964958191,6.470016956329346,0.2393493503332138,3.5211503505706787,0.39981165528297424,14.22603988647461
3733,1335,What is in this can?  I hope I got a good picture of it.,0,0.15002882480621338,0.0,0.1561049073934555,6.470016956329346,0.16238002479076385,3.471356153488159,0.18010665476322174,17.177474975585938
3734,1716,What's in this box?  ,1,0.1755380630493164,0.0,0.22270014882087708,6.470016956329346,0.2146914154291153,4.162791728973389,0.24508501589298248,10.0794095993042
3735,736,What is this?,0,0.13117322325706482,0.0,0.18242551386356354,6.470016956329346,0.15002882480621338,3.644005537033081,0.14414885640144348,17.813457489013672
3736,1696,What bill is this?,1,0.22270014882087708,0.0,0.2751297354698181,6.470016956329346,0.2568320035934448,3.8655405044555664,0.29421496391296387,15.134087562561035
3737,2490,What is a tattoo? ,0,0.034100428223609924,0.0,0.0384661927819252,6.470016956329346,0.03358950465917587,3.5281147956848145,0.07159119844436646,17.022289276123047
3738,1764,What color is this dog ornament?,1,0.33111974596977234,0.0,0.3923368453979492,6.470016956329346,0.4073334336280823,4.49940824508667,0.29746994376182556,12.3178071975708
3739,3113,What is this?,1,0.30404165387153625,0.0,0.42250463366508484,6.470016956329346,0.46101680397987366,6.468990802764893,0.37937837839126587,16.896329879760742
3740,1549,What is this?,1,0.2018132209777832,0.0,0.28776782751083374,6.470016956329346,0.2782568037509918,5.303801536560059,0.5583269596099854,15.849466323852539
3741,711,What is this item?,1,0.2689414322376251,0.0,0.3593641519546509,6.470016956329346,0.37022536993026733,5.5222883224487305,0.4804786741733551,13.84613037109375
3742,2496,Which coffee is this?,1,0.16885696351528168,0.0,0.19682620465755463,6.470016956329346,0.20689405500888824,4.509096145629883,0.22000709176063538,11.730237007141113
3743,1872,What is it?,1,0.33111974596977234,0.0,0.46490156650543213,6.470016956329346,0.4339814782142639,4.092586994171143,0.4455295503139496,14.150269508361816
3744,3255,What flavor is this?,0,0.08632348477840424,0.0,0.1037486270070076,6.470016956329346,0.09009299427270889,3.471356153488159,0.07696083933115005,17.02910614013672
3745,4279,What kind of soup is this?,1,0.07807815819978714,0.0,0.08756384998559952,6.470016956329346,0.08882028609514236,3.732862710952759,0.08151975274085999,14.831950187683105
3746,843,What is in this picture?,1,0.3208213150501251,0.0,0.4035668969154358,6.470016956329346,0.3923368453979492,4.825189113616943,0.6334102749824524,15.8093900680542
3747,1726,What color is this hair?,1,0.29098084568977356,0.0,0.3486451506614685,6.470016956329346,0.3486451506614685,4.3431010246276855,0.230919748544693,11.282313346862793
3748,4191,What is this?,1,0.29746994376182556,0.0,0.3923368453979492,6.470016956329346,0.4263215959072113,6.221541881561279,0.5273165106773376,16.512170791625977
3749,2566,what is this item,0,0.22270014882087708,0.0,0.2782568037509918,6.470016956329346,0.2689414322376251,3.9527266025543213,0.19930800795555115,16.309492111206055
3750,3456,What kind of flower is this?,1,0.0534033328294754,0.0,0.06371499598026276,6.470016956329346,0.06465348601341248,4.063311576843262,0.06465348601341248,14.774094581604004
3751,1532,"Is this a box of sudafed, can you tell?",0,0.17781086266040802,0.0,0.19930800795555115,6.470016956329346,0.19436782598495483,3.524149179458618,0.15203224122524261,12.377527236938477
3752,4025,Try to focus thi,0,0.28140559792518616,0.0,0.31742629408836365,6.470016956329346,0.30074557662010193,3.526585340499878,0.1919327974319458,14.297800064086914
3753,2322,What is this product?,1,0.1259227693080902,0.0,0.19930800795555115,6.470016956329346,0.1540575623512268,3.6061313152313232,0.28616926074028015,14.162384033203125
3754,2585,Please can you tell me what item this is?,1,0.36296921968460083,0.0,0.41869691014289856,6.470016956329346,0.43014732003211975,4.7735466957092285,0.39981165528297424,14.289183616638184
3755,3225,I want to know what this is.  I'm sorry didn't use the front facing camera the first time.  Ignore the first picture.,0,0.2598256468772888,0.0,0.2782568037509918,6.470016956329346,0.28776782751083374,4.061662197113037,0.2254166156053543,14.88886547088623
3756,4299,C'mon. I'm getting the wait thing.,0,0.29098084568977356,0.0,0.3073580265045166,6.470016956329346,0.314050555229187,3.5847620964050293,0.41111084818840027,16.879701614379883
3757,1680,What is this item?,1,0.32423537969589233,0.0,0.41111084818840027,6.470016956329346,0.43014732003211975,5.604823112487793,0.4493926465511322,12.452878952026367
3758,1752,What is this image?,1,0.3345894515514374,0.0,0.4035668969154358,6.470016956329346,0.41111084818840027,5.489793300628662,0.6825737357139587,16.408159255981445
3759,802,What is it?,1,0.35220178961753845,0.0,0.46101680397987366,6.470016956329346,0.4532618820667267,5.08758544921875,0.6442251205444336,15.930044174194336
3760,2449,"I'm trying to learn to take better pictures. So, can you tell me in basic terms, which items are visible in the picture. Thanks.",1,0.4035668969154358,0.0,0.42250463366508484,6.470016956329346,0.46490156650543213,4.457637310028076,0.793105959892273,14.645559310913086
3761,3262,What is this item?,1,0.2782568037509918,0.0,0.3775406777858734,6.470016956329346,0.37022536993026733,5.320775032043457,0.39606815576553345,12.324030876159668
3762,1651,What kind of wine is this?,1,0.18476751446723938,0.0,0.23651622235774994,6.470016956329346,0.23370634019374847,4.325316429138184,0.2393493503332138,14.686930656433105
3763,3403,what brand water is this?,1,0.4148988127708435,0.0,0.4882833957672119,6.470016956329346,0.5,4.239038467407227,0.5389832258224487,15.539392471313477
3764,3166,What color is this scarf?,1,0.23370634019374847,0.0,0.29421496391296387,6.470016956329346,0.29098084568977356,4.317490100860596,0.2628418505191803,11.300801277160645
3765,3450,What color is this shirt?,1,0.4532618820667267,0.0,0.5428633093833923,6.470016956329346,0.5544704794883728,5.035790920257568,0.47268345952033997,11.601216316223145
3766,2420,What is this please? ,1,0.2845759987831116,0.0,0.36296921968460083,6.470016956329346,0.36658975481987,4.954458713531494,0.5117166042327881,17.55683708190918
3767,4233,"Can you see the whole sofa in this picture? If not, what do i need to do to make the whole sofa appear in the picture?",1,0.16238002479076385,0.0,0.18010665476322174,6.470016956329346,0.17328819632530212,3.7472455501556396,0.1276526302099228,12.52324104309082
3768,4120,What is this?,1,0.18952108919620514,0.0,0.2568320035934448,6.470016956329346,0.28776782751083374,5.8838911056518555,0.30074557662010193,16.88166618347168
3769,3775,What color are my shoes?,1,0.28776782751083374,0.0,0.3593641519546509,6.470016956329346,0.3775406777858734,4.999905586242676,0.3345894515514374,14.801923751831055
3770,4081,When does this expire?,0,0.07477004081010818,0.0,0.08632348477840424,6.470016956329346,0.08151975274085999,3.427657127380371,0.1037486270070076,16.470050811767578
3771,1399,What is this package?,1,0.24508501589298248,0.0,0.31742629408836365,6.470016956329346,0.3208213150501251,4.602185249328613,0.2628418505191803,14.26671028137207
3772,4254,what color is this couch?,1,0.1755380630493164,0.0,0.2146914154291153,6.470016956329346,0.21733751893043518,4.857132434844971,0.15203224122524261,13.32933235168457
3773,1665,What's in the bag?,0,0.16238002479076385,0.0,0.2018132209777832,6.470016956329346,0.17781086266040802,3.5984690189361572,0.12940272688865662,21.33626365661621
3774,4298,"Yeah, I just need to determine, for sure, the characters in this captcha. Thank You. ",1,0.32423537969589233,0.0,0.3415825068950653,6.470016956329346,0.35220178961753845,3.859128475189209,0.6548947095870972,16.13024139404297
3775,1667,What is the date on this milk?,0,0.13477592170238495,0.0,0.1561049073934555,6.470016956329346,0.14033624529838562,3.449463367462158,0.1490352898836136,17.956632614135742
3776,1662,When does this expire?,0,0.14608724415302277,0.0,0.14608724415302277,6.470016956329346,0.1540575623512268,3.4596364498138428,0.11838509887456894,16.278854370117188
3777,3307,What is in this can?,1,0.09670579433441162,0.0,0.1208532303571701,6.470016956329346,0.1037486270070076,3.4662389755249023,0.15817435085773468,14.669905662536621
3778,663,Is that chocolate?,1,0.04885777831077576,0.0,0.04885777831077576,6.470016956329346,0.04885777831077576,3.53108549118042,0.0427221953868866,11.61830997467041
3779,1272,what is this?,1,0.18476751446723938,0.0,0.23651622235774994,6.470016956329346,0.230919748544693,4.712095260620117,0.3812195658683777,16.748828887939453
3780,2540,"What's in the bottle, please?",0,0.03185885772109032,0.0,0.03358950465917587,6.470016956329346,0.034618839621543884,3.471356153488159,0.048136770725250244,17.304931640625
3781,1711,what is this?,1,0.19930800795555115,0.0,0.25091278553009033,6.470016956329346,0.2538610100746155,5.105412006378174,0.4148988127708435,17.43663787841797
3782,2426,What's in this container?,1,0.17328819632530212,0.0,0.2120688110589981,6.470016956329346,0.2018132209777832,4.348662853240967,0.16451644897460938,11.818925857543945
3783,4133,What setting is this?,1,0.3486451506614685,0.0,0.43014732003211975,6.470016956329346,0.36658975481987,3.6615517139434814,0.6406359076499939,13.905987739562988
3784,2413,Where is this plane from? What airline?,0,0.04401865229010582,0.0,0.04672496020793915,6.470016956329346,0.04742587357759476,3.4643452167510986,0.05921025201678276,15.780935287475586
3785,4268,"What is this a picture of, and thank you web worker",1,0.4455295503139496,0.0,0.49218812584877014,6.470016956329346,0.531209409236908,5.1534247398376465,0.709019124507904,14.656600952148438
3786,4278,Is someone standing at the door?,1,0.039048291742801666,0.0,0.043365802615880966,6.470016956329346,0.04146227240562439,3.7744970321655273,0.027585284784436226,13.63973331451416
3787,3191,What's in this box?,1,0.12421300262212753,0.0,0.14033624529838562,6.470016956329346,0.13117322325706482,3.4858691692352295,0.14804719388484955,12.967875480651855
3788,777,What does it say now on the screen?,0,0.16238002479076385,0.0,0.19682620465755463,6.470016956329346,0.1710611879825592,3.471356153488159,0.1919327974319458,18.440736770629883
3789,2497,What is the expiration date?,0,0.15203224122524261,0.0,0.1755380630493164,6.470016956329346,0.1561049073934555,3.4709784984588623,0.13477592170238495,18.22791290283203
3790,1654,What color is my hand?,1,0.2598256468772888,0.0,0.30404165387153625,6.470016956329346,0.3106943964958191,4.405158042907715,0.24798743426799774,13.6483793258667
3791,720,What are the numbers on this product key?,0,0.29746994376182556,0.0,0.3593641519546509,6.470016956329346,0.3106943964958191,3.4648854732513428,0.2393493503332138,18.2560977935791
3792,839,What is this?,0,0.16026602685451508,0.0,0.23370634019374847,6.470016956329346,0.20689405500888824,4.328132629394531,0.1540575623512268,17.20414161682129
3793,2554,What's on this shirt?,0,0.1919327974319458,0.0,0.22270014882087708,6.470016956329346,0.20434190332889557,3.617741107940674,0.11596070975065231,17.77702522277832
3794,1540,What is this?,1,0.18242551386356354,0.0,0.2598256468772888,6.470016956329346,0.28776782751083374,6.380302906036377,0.3593641519546509,16.38251304626465
3795,3383,What kind of beer is this?,1,0.2628418505191803,0.0,0.3345894515514374,6.470016956329346,0.3345894515514374,4.184423446655273,0.3106943964958191,15.50525951385498
3796,4121,What is it?,0,0.20689405500888824,0.0,0.29746994376182556,6.470016956329346,0.29098084568977356,5.141743183135986,0.2146914154291153,19.466201782226562
3797,616,"How many, hey, hey listen. How many ounces is this container?",0,0.20689405500888824,0.0,0.2393493503332138,6.470016956329346,0.22270014882087708,3.5072920322418213,0.16026602685451508,18.09544563293457
3798,2536,i understand that but does the back of the white truck look dented,0,0.08509904146194458,0.0,0.08756384998559952,6.470016956329346,0.09138210862874985,3.9814372062683105,0.17328819632530212,15.045748710632324
3799,2458,What's in this?,1,0.2658804953098297,0.0,0.3486451506614685,6.470016956329346,0.3415825068950653,4.622150897979736,0.3486451506614685,11.856218338012695
3800,2210,What color is the coat in the picture?,1,0.3380771279335022,0.0,0.41111084818840027,6.470016956329346,0.4148988127708435,4.476125717163086,0.3557748794555664,12.714325904846191
3801,854,What is this?,1,0.230919748544693,0.0,0.3380771279335022,6.470016956329346,0.314050555229187,4.806952953338623,0.4765796661376953,16.823719024658203
3802,1543,"Given AC parallel to DF, and angle ABE equals to 26, find BDE",0,0.19682620465755463,0.0,0.2568320035934448,6.470016956329346,0.2120688110589981,3.538280963897705,0.18242551386356354,17.374465942382812
3803,1655,What's in this basket?,1,0.43014732003211975,0.0,0.531209409236908,6.470016956329346,0.5234203934669495,4.894961357116699,0.4455295503139496,13.905614852905273
3804,1672,What is on this page of the Avon book?,1,0.43014732003211975,0.0,0.5273165106773376,6.470016956329346,0.4882833957672119,4.026647090911865,0.622459352016449,12.846319198608398
3805,857,What does this code say?,0,0.2254166156053543,0.0,0.2598256468772888,6.470016956329346,0.2658804953098297,3.778090238571167,0.1859472095966339,16.49814224243164
3806,791,What is this?,1,0.2568320035934448,0.0,0.35220178961753845,6.470016956329346,0.37022536993026733,5.9136881828308105,0.6113819479942322,16.622957229614258
3807,752,What does this CAPTCHA say?,1,0.16026602685451508,0.0,0.18713268637657166,6.470016956329346,0.18242551386356354,3.8073315620422363,0.1919327974319458,13.202383041381836
3808,4257,What is this item?,1,0.23651622235774994,0.0,0.30404165387153625,6.470016956329346,0.3073580265045166,4.778787612915039,0.24798743426799774,13.921235084533691
3809,4124,What is it?,1,0.2598256468772888,0.0,0.3775406777858734,6.470016956329346,0.3812195658683777,5.645235538482666,0.5583269596099854,15.892460823059082
3810,3351,What kind of medication is this?,0,0.1276526302099228,0.0,0.1755380630493164,6.470016956329346,0.14414885640144348,3.4568748474121094,0.1200256273150444,17.668254852294922
3811,473,What is that a picture of?,1,0.2146914154291153,0.0,0.29098084568977356,6.470016956329346,0.30074557662010193,4.973280429840088,0.5544704794883728,15.106884956359863
3812,2447,What is this fox?,1,0.17328819632530212,0.0,0.19682620465755463,6.470016956329346,0.18713268637657166,3.5726888179779053,0.1540575623512268,13.545899391174316
3813,2505,what cereal is this?,1,0.21733751893043518,0.0,0.2628418505191803,6.470016956329346,0.2538610100746155,3.787277936935425,0.2628418505191803,13.146727561950684
3814,1518,What is this?,1,0.2254166156053543,0.0,0.30404165387153625,6.470016956329346,0.33111974596977234,5.732372283935547,0.3073580265045166,16.416749954223633
3815,4217,What does the mug say?,1,0.5467381477355957,0.0,0.637030839920044,6.470016956329346,0.6297746300697327,5.064539909362793,0.8198933005332947,16.85232162475586
3816,786,What is the security code?,0,0.08632348477840424,0.0,0.10521053522825241,6.470016956329346,0.09138210862874985,3.4448277950286865,0.07477004081010818,16.9603271484375
3817,626,Can you tell me what sort of card this is?,1,0.3923368453979492,0.0,0.49609383940696716,6.470016956329346,0.5,4.712802410125732,0.6001883149147034,18.38874053955078
3818,1615,What does the thermostat say?,1,0.2658804953098297,0.0,0.31742629408836365,6.470016956329346,0.29746994376182556,3.853321075439453,0.5544704794883728,16.036149978637695
3819,722,And another try.  Did I get the model number this time?,0,0.20946969091892242,0.0,0.2393493503332138,6.470016956329346,0.2254166156053543,3.45333194732666,0.21601153910160065,16.387592315673828
3820,1364,Can you read anything on this label?,1,0.42250463366508484,0.0,0.5039061903953552,6.470016956329346,0.5078118443489075,4.784749507904053,0.6791787147521973,13.729561805725098
3821,3130,What is this?,1,0.2254166156053543,0.0,0.3208213150501251,6.470016956329346,0.31742629408836365,5.330042839050293,0.4493926465511322,17.064247131347656
3822,1476,Is it a sofa or a table?,1,0.12252321094274521,0.0,0.15002882480621338,6.470016956329346,0.13117322325706482,3.9264614582061768,0.13117322325706482,11.662543296813965
3823,1622,What's the name of this perfume?,1,0.5428633093833923,0.0,0.5926666259765625,6.470016956329346,0.5888891220092773,4.091426372528076,0.6334102749824524,14.016741752624512
3824,316,what is this?,1,0.1919327974319458,0.0,0.29098084568977356,6.470016956329346,0.3073580265045166,6.190320014953613,0.31742629408836365,17.096050262451172
3825,2591,What kind of TV dinner is this? I know it's Stoffer's but what flavor? Thanks.,1,0.27202457189559937,0.0,0.29421496391296387,6.470016956329346,0.29421496391296387,3.589420795440674,0.38861799240112305,15.787834167480469
3826,4060,How clear is this picture?,1,0.22270014882087708,0.0,0.2422056347131729,6.470016956329346,0.2422056347131729,3.644831418991089,0.13846179842948914,13.566009521484375
3827,126,Can you tell me what this is a picture of?,1,0.314050555229187,0.0,0.39981165528297424,6.470016956329346,0.39606815576553345,4.875794410705566,0.7690802216529846,18.719858169555664
3828,2608,What is this product?,1,0.3106943964958191,0.0,0.4148988127708435,6.470016956329346,0.39981165528297424,5.147202491760254,0.44167301058769226,13.359560012817383
3829,562,What does the screen say?,1,0.32766830921173096,0.0,0.4148988127708435,6.470016956329346,0.37387582659721375,3.709110736846924,0.4339814782142639,12.699394226074219
3830,657,"Okay, I've taken a new exposure of the laptop back. Again, the question is, can anyone see the serial number and tell me what it is? Thank you",0,0.20946969091892242,0.0,0.2393493503332138,6.470016956329346,0.21733751893043518,3.5679845809936523,0.4765796661376953,15.228732109069824
3831,2453,What color is my dog?,1,0.28776782751083374,0.0,0.3593641519546509,6.470016956329346,0.3775406777858734,4.880002498626709,0.25091278553009033,14.642282485961914
3832,1957,WHat is this a picture of?,0,0.19930800795555115,0.0,0.2782568037509918,6.470016956329346,0.2538610100746155,4.3549394607543945,0.21733751893043518,15.454041481018066
3833,794,What is this?,1,0.19436782598495483,0.0,0.28140559792518616,6.470016956329346,0.2782568037509918,5.438782691955566,0.4339814782142639,16.015920639038086
3834,2427,What's in the collage?,0,0.18010665476322174,0.0,0.2120688110589981,6.470016956329346,0.19436782598495483,3.8396763801574707,0.16559311747550964,19.2896785736084
3835,3413,What movie is this poster for?,1,0.44167301058769226,0.0,0.5117166042327881,6.470016956329346,0.5156199336051941,4.4154558181762695,0.4532618820667267,12.463668823242188
3836,4131,"What time is it? And, what's the temperature in Dallas Texas?",0,0.20946969091892242,0.0,0.2568320035934448,6.470016956329346,0.23651622235774994,4.136418342590332,0.18242551386356354,16.247529983520508
3837,2412,What color was it and what was the view please?,0,0.29098084568977356,0.0,0.3775406777858734,6.470016956329346,0.3345894515514374,3.503138303756714,0.28298813104629517,15.020456314086914
3838,4203,What color is this?,1,0.3557748794555664,0.0,0.43014732003211975,6.470016956329346,0.4148988127708435,4.098892688751221,0.32766830921173096,10.737454414367676
3839,1581,What is this?,1,0.22000709176063538,0.0,0.314050555229187,6.470016956329346,0.30074557662010193,5.3790106773376465,0.4532618820667267,15.341458320617676
3840,755,Can you tell me what screen this is? ,1,0.37022536993026733,0.0,0.44167301058769226,6.470016956329346,0.4455295503139496,4.782893180847168,0.4765796661376953,16.542783737182617
3841,1624,What do you say?,1,0.2845759987831116,0.0,0.32423537969589233,6.470016956329346,0.314050555229187,3.587094783782959,0.7122321724891663,17.023393630981445
3842,850,Which laptop is this?,0,0.17781086266040802,0.0,0.2120688110589981,6.470016956329346,0.19930800795555115,3.979221820831299,0.11838509887456894,14.08869743347168
3843,3474,What is on this can?,1,0.41111084818840027,0.0,0.5,6.470016956329346,0.49218812584877014,4.2777099609375,0.5117166042327881,10.900496482849121
3844,4264,What do you see? ,1,0.27202457189559937,0.0,0.31742629408836365,6.470016956329346,0.314050555229187,4.411658763885498,0.6261242032051086,16.223209381103516
3845,4100,What is this?,1,0.2538610100746155,0.0,0.3345894515514374,6.470016956329346,0.37022536993026733,5.940279483795166,0.5117166042327881,16.342180252075195
3846,3448,What kind of gum is this?,1,0.29098084568977356,0.0,0.3486451506614685,6.470016956329346,0.38861799240112305,5.052430629730225,0.33111974596977234,13.484278678894043
3847,750,What is it?,1,0.3557748794555664,0.0,0.4493926465511322,6.470016956329346,0.44167301058769226,4.650980472564697,0.5698526501655579,15.656091690063477
3848,3876,What color is that please?,1,0.17781086266040802,0.0,0.2120688110589981,6.470016956329346,0.20946969091892242,3.556709051132202,0.17781086266040802,9.971505165100098
3849,1691,What is this?,1,0.31742629408836365,0.0,0.4035668969154358,6.470016956329346,0.43014732003211975,5.567099094390869,0.581303060054779,15.631668090820312
3850,2955,What brand is this?,1,0.3415825068950653,0.0,0.44167301058769226,6.470016956329346,0.4263215959072113,3.5832910537719727,0.22135069966316223,10.46359920501709
3851,3149,Where's the shirt of the person in the photo?,1,0.37387582659721375,0.0,0.43782350420951843,6.470016956329346,0.43014732003211975,3.6010682582855225,0.41111084818840027,10.47534465789795
3852,2527,What color was that please?,1,0.2018132209777832,0.0,0.25091278553009033,6.470016956329346,0.24508501589298248,3.8131818771362305,0.2146914154291153,10.385825157165527
3853,309,Can you please tell me in detail what's on this computer screen? Thank you very much. ,0,0.47268345952033997,0.0,0.5428633093833923,6.470016956329346,0.5234203934669495,4.189864635467529,0.30074557662010193,11.289766311645508
3854,1584,What is this?,1,0.32423537969589233,0.0,0.4263215959072113,6.470016956329346,0.4493926465511322,5.787267684936523,0.5156199336051941,16.31223487854004
3855,1685,What does this look like?,1,0.2393493503332138,0.0,0.3106943964958191,6.470016956329346,0.29421496391296387,4.688667297363281,0.37022536993026733,15.785347938537598
3856,785,Yes this is a google street view and I just want a description of the image please be as detailed as possible.,1,0.4073334336280823,0.0,0.46101680397987366,6.470016956329346,0.4532618820667267,4.004792213439941,0.7662936449050903,13.431807518005371
3857,3840,Describe this shirt to me.,1,0.46490156650543213,0.0,0.531209409236908,6.470016956329346,0.5544704794883728,5.535167694091797,0.8354835510253906,19.277376174926758
3858,1418,What is this?,1,0.25091278553009033,0.0,0.3345894515514374,6.470016956329346,0.35220178961753845,5.5983991622924805,0.43014732003211975,15.419841766357422
3859,3870,What is in this?,1,0.2120688110589981,0.0,0.3106943964958191,6.470016956329346,0.28776782751083374,4.731668472290039,0.22000709176063538,12.336712837219238
3860,1620,"I rotated the can so it's showing just right of the seam. Can you, is this a better location to see what this is? Thank you.",0,0.37022536993026733,0.0,0.4035668969154358,6.470016956329346,0.41111084818840027,3.780146837234497,0.314050555229187,12.55594539642334
3861,1449,What kind of soda is this?,1,0.2782568037509918,0.0,0.34510529041290283,6.470016956329346,0.3775406777858734,5.229382514953613,0.2689414322376251,12.992193222045898
3862,3132,What color is this shirt?,1,0.15817435085773468,0.0,0.19436782598495483,6.470016956329346,0.19682620465755463,4.185761451721191,0.11124120652675629,10.879758834838867
3863,3181,What are the uses instructions on this bottle?,0,0.42250463366508484,0.0,0.5,6.470016956329346,0.45713675022125244,3.4906556606292725,0.18242551386356354,17.298593521118164
3864,4013,What is shown in the little rectangular window?,0,0.1208532303571701,0.0,0.14804719388484955,6.470016956329346,0.13477592170238495,3.5961875915527344,0.15817435085773468,20.02389144897461
3865,3271,What color is this please? ,1,0.2393493503332138,0.0,0.29098084568977356,6.470016956329346,0.29421496391296387,4.379980564117432,0.2393493503332138,13.407876014709473
3866,3434,What is this?,1,0.28776782751083374,0.0,0.37022536993026733,6.470016956329346,0.3849121630191803,5.148098468780518,0.6150878667831421,16.679973602294922
3867,754,What is this?,1,0.18010665476322174,0.0,0.2598256468772888,6.470016956329346,0.2422056347131729,4.693369388580322,0.5467381477355957,15.717848777770996
3868,810,"Do you guys see the word mac ID? And if you do, what's the Mac ID number?",0,0.2120688110589981,0.0,0.2422056347131729,6.470016956329346,0.22815649211406708,3.5872576236724854,0.33982762694358826,14.8314847946167
3869,4275,Is this chicken or celery?,1,0.08151975274085999,0.0,0.08756384998559952,6.470016956329346,0.08882028609514236,3.656247138977051,0.08151975274085999,10.035476684570312
3870,3374,"Can you tell the information on this bottle, please?",0,0.4339814782142639,0.0,0.5195213556289673,6.470016956329346,0.4804786741733551,3.644256591796875,0.23651622235774994,14.20637035369873
3871,1436,How many degree of temperature on this remote control?,0,0.18476751446723938,0.0,0.23370634019374847,6.470016956329346,0.20946969091892242,3.646442174911499,0.15102781355381012,19.274410247802734
3872,2823,What kind of Mr Clean is this?,1,0.2689414322376251,0.0,0.3380771279335022,6.470016956329346,0.36296921968460083,4.788493633270264,0.3415825068950653,13.919524192810059
3873,3417,mrs abibseed,0,0.3345894515514374,0.0,0.38861799240112305,6.470016956329346,0.3486451506614685,3.461483955383301,0.36658975481987,15.86621379852295
3874,765,What's in this bottle?,0,0.04054073989391327,0.0,0.04535257816314697,6.470016956329346,0.04177388176321983,3.471356153488159,0.048496004194021225,18.412349700927734
3875,2425,Are you able to tell what kind this one is?,1,0.1755380630493164,0.0,0.2018132209777832,6.470016956329346,0.19436782598495483,3.9016873836517334,0.21733751893043518,14.575620651245117
3876,4091,Is the label showing? And what is in this bottle?,0,0.44167301058769226,0.0,0.5078118443489075,6.470016956329346,0.49218812584877014,3.9191644191741943,0.25534364581108093,13.717467308044434
3877,2587,Can you please describe this card and its orientation? Thank you.,1,0.4073334336280823,0.0,0.4532618820667267,6.470016956329346,0.47268345952033997,4.46750545501709,0.8633915781974792,14.821393966674805
3878,821,What color is my Mac? ,1,0.3486451506614685,0.0,0.39981165528297424,6.470016956329346,0.43014732003211975,4.626780986785889,0.37387582659721375,13.429348945617676
3879,1703,Can you please describe this tie.,1,0.37387582659721375,0.0,0.4339814782142639,6.470016956329346,0.47268345952033997,5.279499530792236,0.6001883149147034,17.004411697387695
3880,3266,What color is this blouse?,1,0.2782568037509918,0.0,0.34510529041290283,6.470016956329346,0.3486451506614685,4.486144542694092,0.24798743426799774,11.689786911010742
3881,3239,"Ok, so there's a vibration, which means there's recording. What is the color? Then...Stop...",1,0.18242551386356354,0.0,0.2120688110589981,6.470016956329346,0.19682620465755463,3.7427055835723877,0.2568320035934448,16.44251823425293
3882,2544,Is this juice?,1,0.10087861120700836,0.0,0.11920291930437088,6.470016956329346,0.11124120652675629,4.150171756744385,0.07807815819978714,11.344799041748047
3883,2560,"What does, what does this say?",1,0.4035668969154358,0.0,0.4765796661376953,6.470016956329346,0.49609383940696716,4.751789569854736,0.7310585379600525,14.638483047485352
3884,2230,Can you please tell me what's in this bottle?,1,0.0838903859257698,0.0,0.1037486270070076,6.470016956329346,0.08756384998559952,3.456477642059326,0.3380771279335022,16.999370574951172
3885,3240,What is this?,1,0.23651622235774994,0.0,0.314050555229187,6.470016956329346,0.3486451506614685,6.113069534301758,0.4263215959072113,16.004596710205078
3886,3354,what is on this shirt?,1,0.32423537969589233,0.0,0.41869691014289856,6.470016956329346,0.38861799240112305,4.317020893096924,0.5195213556289673,13.219354629516602
3887,3901,What is this box?,1,0.3380771279335022,0.0,0.41869691014289856,6.470016956329346,0.4073334336280823,4.046992301940918,0.22815649211406708,13.443940162658691
3888,3426,What is this?,1,0.1755380630493164,0.0,0.24798743426799774,6.470016956329346,0.2422056347131729,4.875345230102539,0.34334173798561096,16.20523452758789
3889,450,"Yes, I need a summary of the information that is on the screen as text of a website.  Thank you.",1,0.30074557662010193,0.0,0.3486451506614685,6.470016956329346,0.314050555229187,3.5001659393310547,0.22000709176063538,11.335213661193848
3890,3378,Can you tell me what kind of box this is please?,1,0.4339814782142639,0.0,0.5,6.470016956329346,0.5156199336051941,4.427340030670166,0.5078118443489075,16.417327880859375
3891,2516,What's in this can?,1,0.2568320035934448,0.0,0.32423537969589233,6.470016956329346,0.3073580265045166,4.835266590118408,0.31742629408836365,11.385696411132812
3892,2513,What card is this and is it right side up or upside down thank you.,1,0.31742629408836365,0.0,0.3593641519546509,6.470016956329346,0.37387582659721375,3.9400503635406494,0.4687906503677368,12.636642456054688
3893,4087,What type of dog is this?,0,0.10087861120700836,0.0,0.13846179842948914,6.470016956329346,0.12252321094274521,3.7598652839660645,0.1550784707069397,19.913211822509766
3894,2417,"Can you tell me what this little sticker says, everything on it. Thank you.",0,0.36296921968460083,0.0,0.4148988127708435,6.470016956329346,0.39981165528297424,3.7197749614715576,0.19682620465755463,14.546770095825195
3895,1724,What color is this?,1,0.34510529041290283,0.0,0.42250463366508484,6.470016956329346,0.41869691014289856,4.4878644943237305,0.46101680397987366,12.957613945007324
3896,3004,What kind of coffee is this?,1,0.2689414322376251,0.0,0.3345894515514374,6.470016956329346,0.37022536993026733,5.096890449523926,0.30074557662010193,13.564860343933105
3897,624,What kind of soup is this?,0,0.06853749603033066,0.0,0.06954174488782883,6.470016956329346,0.07159119844436646,3.449617385864258,0.09947021305561066,17.503376007080078
3898,4318,What kind of mix is this?,1,0.2751297354698181,0.0,0.33111974596977234,6.470016956329346,0.35220178961753845,4.187650680541992,0.2751297354698181,11.59807014465332
3899,3190,What is this item?,1,0.2538610100746155,0.0,0.32766830921173096,6.470016956329346,0.3345894515514374,4.7141900062561035,0.31742629408836365,13.537900924682617
3900,2556,Is my light on,1,0.29098084568977356,0.0,0.33111974596977234,6.470016956329346,0.3380771279335022,4.023281097412109,0.531209409236908,16.29816436767578
3901,1061,Is it a fax? Is it a box?,1,0.07477004081010818,0.0,0.07807815819978714,6.470016956329346,0.08151975274085999,3.437140703201294,0.06853749603033066,11.165599822998047
3902,2245,What is this?,1,0.19436782598495483,0.0,0.2689414322376251,6.470016956329346,0.28140559792518616,5.552045822143555,0.4263215959072113,16.640838623046875
3903,1718,What does this shirt say?,1,0.531209409236908,0.0,0.622459352016449,6.470016956329346,0.6187804341316223,4.506540775299072,0.7154240012168884,14.185033798217773
3904,2489,Can you tell me what the conventional oven preheat temperature is and for how many minutes?,1,0.15817435085773468,0.0,0.2120688110589981,6.470016956329346,0.1710611879825592,3.648599147796631,0.2782568037509918,14.761612892150879
3905,2302,what does the display say?,0,0.16026602685451508,0.0,0.19682620465755463,6.470016956329346,0.16451644897460938,3.471356153488159,0.16026602685451508,18.579652786254883
3906,1642,"Can you see the phone number that is on the paper? It is a toll free number. What is that number, please?",0,0.2568320035934448,0.0,0.3106943964958191,6.470016956329346,0.2689414322376251,3.4619712829589844,0.22815649211406708,15.67070484161377
3907,4234,just a quick idea on this please,1,0.29098084568977356,0.0,0.32423537969589233,6.470016956329346,0.3208213150501251,3.9594128131866455,0.7690802216529846,17.95477294921875
3908,4288,What's the color of her shirt?,1,0.30074557662010193,0.0,0.34510529041290283,6.470016956329346,0.3486451506614685,4.251936912536621,0.29421496391296387,12.17724609375
3909,4223,What is the expiration date on this cheese? ,0,0.18713268637657166,0.0,0.22270014882087708,6.470016956329346,0.19682620465755463,3.4690589904785156,0.17441026866436005,19.678115844726562
3910,812,"Can you read this paper, please? ",0,0.24798743426799774,0.0,0.2845759987831116,6.470016956329346,0.2782568037509918,3.6802616119384766,0.2254166156053543,14.822731971740723
3911,2592,What type of dinner is this?,0,0.05921025201678276,0.0,0.06097518280148506,6.470016956329346,0.06187598407268524,3.4686384201049805,0.18952108919620514,17.374923706054688
3912,1756,What color is the drink in my cup?,1,0.1561049073934555,0.0,0.1919327974319458,6.470016956329346,0.18952108919620514,3.867304801940918,0.17328819632530212,14.878579139709473
3913,1526,How much is this?,0,0.10970577597618103,0.0,0.12252321094274521,6.470016956329346,0.1127953976392746,3.6409451961517334,0.10087861120700836,15.732508659362793
3914,763,What is this?,1,0.24508501589298248,0.0,0.32423537969589233,6.470016956329346,0.31742629408836365,4.932327747344971,0.5,15.9954195022583
3915,1326,what is this?,1,0.3073580265045166,0.0,0.3849121630191803,6.470016956329346,0.41111084818840027,5.633391380310059,0.5926666259765625,17.502639770507812
3916,1719,What color are these socks? ,1,0.1276526302099228,0.0,0.16451644897460938,6.470016956329346,0.1540575623512268,3.890138626098633,0.18010665476322174,14.87063980102539
3917,1311,What voltage and wattage are on this power supply?,1,0.16026602685451508,0.0,0.18476751446723938,6.470016956329346,0.1710611879825592,3.4582600593566895,0.16885696351528168,14.242249488830566
3918,3153,What medicine is in this bottle?,0,0.16667540371418,0.0,0.22815649211406708,6.470016956329346,0.18476751446723938,3.4697132110595703,0.10017222166061401,17.933366775512695
3919,2437,What does this microwave say?,1,0.2018132209777832,0.0,0.2393493503332138,6.470016956329346,0.21733751893043518,3.473641872406006,0.29421496391296387,14.80964183807373
3920,4173,"Can you tell me what this says, please?",1,0.2393493503332138,0.0,0.29746994376182556,6.470016956329346,0.2689414322376251,3.6917028427124023,0.39606815576553345,13.206158638000488
3921,2472,What's this?,1,0.3208213150501251,0.0,0.36658975481987,6.470016956329346,0.37387582659721375,4.934399604797363,0.49609383940696716,16.830785751342773
3922,3692,What kind of soda is this? And thank you so much for your time in answering.,1,0.581303060054779,0.0,0.6757646203041077,6.470016956329346,0.6791787147521973,5.190016269683838,0.6791787147521973,11.922000885009766
3923,2187,What is this?,1,0.23651622235774994,0.0,0.33111974596977234,6.470016956329346,0.3593641519546509,6.271946430206299,0.5195213556289673,16.883872985839844
3924,4292,What is the expiration date?,1,0.20434190332889557,0.0,0.2628418505191803,6.470016956329346,0.22000709176063538,3.4611024856567383,0.2689414322376251,15.70984935760498
3925,1720,Is there any tomatoes in the burger?,1,0.23651622235774994,0.0,0.2751297354698181,6.470016956329346,0.28776782751083374,4.864996910095215,0.16667540371418,15.093549728393555
3926,773,What title is this?,1,0.230919748544693,0.0,0.2598256468772888,6.470016956329346,0.2538610100746155,3.716614007949829,0.49609383940696716,13.698074340820312
3927,4184,Is this a can of milk,0,0.07585817575454712,0.0,0.08035746961832047,6.470016956329346,0.08269733935594559,3.746011972427368,0.11596070975065231,11.080224990844727
3928,3795,What color is this shirt?,1,0.28776782751083374,0.0,0.36296921968460083,6.470016956329346,0.3593641519546509,4.4554829597473145,0.2782568037509918,11.392704963684082
3929,1714,Where is displayed?,0,0.2146914154291153,0.0,0.2845759987831116,6.470016956329346,0.23370634019374847,3.4861950874328613,0.10669060051441193,14.1793794631958
3930,4178,What is in this box?,1,0.24508501589298248,0.0,0.3208213150501251,6.470016956329346,0.3486451506614685,5.671971321105957,0.30404165387153625,12.300256729125977
3931,1927,What is this saying?,0,0.2120688110589981,0.0,0.2568320035934448,6.470016956329346,0.2254166156053543,3.4542436599731445,0.19682620465755463,15.579522132873535
3932,3343,"Hey there, what's in this bottle?",1,0.12421300262212753,0.0,0.13660839200019836,6.470016956329346,0.13477592170238495,3.5090951919555664,0.2538610100746155,14.508414268493652
3933,1590,Can you tell me if there are any photos on the CD cover and if so can you give me a description of them?,1,0.2658804953098297,0.0,0.32423537969589233,6.470016956329346,0.30404165387153625,3.8520610332489014,0.36658975481987,17.04055404663086
3934,3414,is this strawberry pudding,1,0.14608724415302277,0.0,0.16238002479076385,6.470016956329346,0.16451644897460938,3.7498281002044678,0.11920291930437088,12.92040729522705
3935,3297,What does it say on the screen?,0,0.08819004893302917,0.0,0.09670579433441162,6.470016956329346,0.09334687888622284,3.471356153488159,0.18713268637657166,17.837148666381836
3936,3947,What's in the picture?,1,0.3557748794555664,0.0,0.41869691014289856,6.470016956329346,0.43014732003211975,5.923996448516846,0.622459352016449,16.340566635131836
3937,3278,What kind of yogurt is this?,0,0.32766830921173096,0.0,0.3923368453979492,6.470016956329346,0.39606815576553345,4.000129699707031,0.230919748544693,16.977123260498047
3938,2108,What is this?,1,0.18242551386356354,0.0,0.24798743426799774,6.470016956329346,0.23651622235774994,4.671783447265625,0.4843800961971283,16.16952133178711
3939,3054,Is this chicken stock?  Is this chicken stock?,1,0.048136770725250244,0.0,0.04742587357759476,6.470016956329346,0.04742587357759476,3.606949806213379,0.031143832951784134,10.619776725769043
3940,1639,What is this can?,1,0.3415825068950653,0.0,0.4073334336280823,6.470016956329346,0.39981165528297424,4.186875343322754,0.4339814782142639,14.270005226135254
3941,2533,Can you tell what's in this tin? ,1,0.10818894952535629,0.0,0.1208532303571701,6.470016956329346,0.12252321094274521,4.652830123901367,0.2845759987831116,16.697021484375
3942,3091,What is this?,1,0.22270014882087708,0.0,0.3073580265045166,6.470016956329346,0.3345894515514374,6.027393817901611,0.4073334336280823,16.256528854370117
3943,741,What is the computer screen showing?,1,0.2782568037509918,0.0,0.41111084818840027,6.470016956329346,0.35220178961753845,4.094640731811523,0.39606815576553345,13.801209449768066
3944,4317,"I need to buy this battery for my cordless phone, can you see the model and the name?",0,0.17328819632530212,0.0,0.19436782598495483,6.470016956329346,0.18476751446723938,3.4608476161956787,0.2422056347131729,15.381771087646484
3945,365,What does this label say? Come on.,0,0.2782568037509918,0.0,0.3208213150501251,6.470016956329346,0.3106943964958191,3.55484938621521,0.22000709176063538,14.372271537780762
3946,3329,What is this?  What CD is this?,0,0.14414885640144348,0.0,0.1755380630493164,6.470016956329346,0.1540575623512268,3.4683516025543213,0.13846179842948914,14.166045188903809
3947,3070,What is this?,1,0.2845759987831116,0.0,0.36658975481987,6.470016956329346,0.4148988127708435,6.056730270385742,0.44167301058769226,16.238561630249023
3948,3173,What is this?,1,0.20434190332889557,0.0,0.2751297354698181,6.470016956329346,0.2568320035934448,4.017862796783447,0.39606815576553345,15.195168495178223
3949,3198,Are you able to tell me how far the water is from the top of this pool?,1,0.11436852067708969,0.0,0.13117322325706482,6.470016956329346,0.1208532303571701,3.641191005706787,0.18952108919620514,16.171913146972656
3950,3341,What kind is this?,1,0.2845759987831116,0.0,0.37022536993026733,6.470016956329346,0.36296921968460083,4.061569690704346,0.3073580265045166,11.177373886108398
3951,671,What does this receipt say.,0,0.20946969091892242,0.0,0.2568320035934448,6.470016956329346,0.22270014882087708,3.466892719268799,0.13117322325706482,17.82137680053711
3952,2501,What is this?,1,0.11596070975065231,0.0,0.17328819632530212,6.470016956329346,0.16026602685451508,4.954095840454102,0.2735743820667267,16.32651138305664
3953,2142,Looking what I get after the recording screen.,0,0.2393493503332138,0.0,0.2658804953098297,6.470016956329346,0.2658804953098297,3.548179864883423,0.25091278553009033,15.315437316894531
3954,2295,Can you see what's on this label please?  ,1,0.43014732003211975,0.0,0.4765796661376953,6.470016956329346,0.49218812584877014,4.4241251945495605,0.6261242032051086,14.549420356750488
3955,4297,What is this and what is it used for?,0,0.3106943964958191,0.0,0.41869691014289856,6.470016956329346,0.3923368453979492,4.0195698738098145,0.10894504189491272,17.04890251159668
3956,4151,What is this?,1,0.3593641519546509,0.0,0.4804786741733551,6.470016956329346,0.5389832258224487,7.198160171508789,0.6757646203041077,16.87982749938965
3957,2562,What kind of coffee is this?,1,0.14804719388484955,0.0,0.18476751446723938,6.470016956329346,0.2146914154291153,4.928979396820068,0.12940272688865662,13.908269882202148
3958,882,Which sieve is healthy choice?,1,0.3415825068950653,0.0,0.39606815576553345,6.470016956329346,0.3923368453979492,4.226471424102783,0.33111974596977234,12.603516578674316
3959,1630,This is a headphone. Can you tell me if it says...if you see the left or the right side of the headphone? There should be an L that indicates that it's the left ear as opposed to the right ear. Thank you.,0,0.2598256468772888,0.0,0.29098084568977356,6.470016956329346,0.2751297354698181,3.4806554317474365,0.2704802453517914,16.544578552246094
3960,1686,i dont know if this will work but will you read the washing directions for this t-shirt?,1,0.27202457189559937,0.0,0.30404165387153625,6.470016956329346,0.28140559792518616,3.511518716812134,0.2658804953098297,14.69477653503418
3961,572,What is this screen telling me or asking me to do?,0,0.3208213150501251,0.0,0.4073334336280823,6.470016956329346,0.3849121630191803,3.8707478046417236,0.16344544291496277,17.438873291015625
3962,1723,What flavor are these pringles?,1,0.22815649211406708,0.0,0.2782568037509918,6.470016956329346,0.2845759987831116,4.56623649597168,0.2782568037509918,14.490912437438965
3963,848,What does this say?,1,0.2254166156053543,0.0,0.28140559792518616,6.470016956329346,0.2598256468772888,3.649019241333008,0.4843800961971283,15.161004066467285
3964,2892,What kind of dog is this?,1,0.3486451506614685,0.0,0.41869691014289856,6.470016956329346,0.4687906503677368,5.728675365447998,0.3849121630191803,14.796128273010254
3965,4309,and how big is it?,1,0.29421496391296387,0.0,0.3486451506614685,6.470016956329346,0.3380771279335022,3.59049391746521,0.2845759987831116,13.805368423461914
3966,2552,what is the expiration date,0,0.13296423852443695,0.0,0.15817435085773468,6.470016956329346,0.14223188161849976,3.5868659019470215,0.07864238321781158,16.61386489868164
3967,4007,"What is this, please?",1,0.20434190332889557,0.0,0.2782568037509918,6.470016956329346,0.2658804953098297,4.9138922691345215,0.36296921968460083,15.214101791381836
3968,835,hello could you tell me if there is any text on this computer screen please.,0,0.25091278553009033,0.0,0.30404165387153625,6.470016956329346,0.29098084568977356,3.814701795578003,0.1710611879825592,14.712068557739258
3969,3126,Is there a picture forming on this map?,1,0.22270014882087708,0.0,0.2598256468772888,6.470016956329346,0.2538610100746155,4.072024345397949,0.2782568037509918,13.27440071105957
3970,4252,What is this?,1,0.2393493503332138,0.0,0.3106943964958191,6.470016956329346,0.33111974596977234,5.63722038269043,0.3775406777858734,16.16513442993164
3971,4315,what is this?,1,0.2422056347131729,0.0,0.3208213150501251,6.470016956329346,0.3557748794555664,5.824099063873291,0.30569732189178467,17.29947280883789
3972,4284,What color is this shirt?,1,0.2393493503332138,0.0,0.3073580265045166,6.470016956329346,0.29098084568977356,4.467416763305664,0.18713268637657166,11.420546531677246
3973,4272,What does this screen say?,1,0.2751297354698181,0.0,0.3415825068950653,6.470016956329346,0.31742629408836365,3.8285510540008545,0.5350984334945679,15.702310562133789
3974,2485,What color is this shirt?,1,0.12252321094274521,0.0,0.14223188161849976,6.470016956329346,0.14033624529838562,3.623070240020752,0.09947021305561066,11.339062690734863
3975,691,What does the captcha say?,0,0.17328819632530212,0.0,0.19436782598495483,6.470016956329346,0.1755380630493164,3.471356153488159,0.1710611879825592,16.7933292388916
3976,734,What was that?,0,0.14804719388484955,0.0,0.2018132209777832,6.470016956329346,0.16885696351528168,3.5905842781066895,0.18010665476322174,15.780783653259277
3977,790,What is this?,1,0.23651622235774994,0.0,0.3106943964958191,6.470016956329346,0.3380771279335022,5.3646135330200195,0.41869691014289856,16.630998611450195
3978,3905,What is the photo on the shirt and what does it say?,1,0.2845759987831116,0.0,0.3415825068950653,6.470016956329346,0.32423537969589233,3.803363084793091,0.6406359076499939,17.20628547668457
3979,3388,What language is currently selected?,1,0.20946969091892242,0.0,0.22815649211406708,6.470016956329346,0.22270014882087708,3.4617738723754883,0.17781086266040802,11.175448417663574
3980,2075,What CD is this?,1,0.20946969091892242,0.0,0.25091278553009033,6.470016956329346,0.2422056347131729,3.5840795040130615,0.28776782751083374,15.450908660888672
3981,1505,Can you tell me what is written on the coin holder? Thank you. ,0,0.2689414322376251,0.0,0.3106943964958191,6.470016956329346,0.28140559792518616,3.4704954624176025,0.1550784707069397,16.711910247802734
3982,3391,What's that?,1,0.20689405500888824,0.0,0.2658804953098297,6.470016956329346,0.25091278553009033,4.700303554534912,0.42250463366508484,17.330528259277344
3983,1509,What kind of seasoning is this?,1,0.31742629408836365,0.0,0.39606815576553345,6.470016956329346,0.4035668969154358,4.27982234954834,0.39606815576553345,14.252906799316406
3984,4171,What is the paper?,0,0.20434190332889557,0.0,0.2628418505191803,6.470016956329346,0.230919748544693,3.492784023284912,0.18242551386356354,16.299686431884766
3985,2377,What does this label say?,0,0.18242551386356354,0.0,0.20434190332889557,6.470016956329346,0.18713268637657166,3.471356153488159,0.28298813104629517,16.38545036315918
3986,1356,checked what color is it? alright got it on.,1,0.3415825068950653,0.0,0.38861799240112305,6.470016956329346,0.37387582659721375,3.505276679992676,0.5195213556289673,16.32345199584961
3987,1469,What is this shirt look like,1,0.4073334336280823,0.0,0.5078118443489075,6.470016956329346,0.5234203934669495,5.109679698944092,0.6548947095870972,15.572627067565918
3988,822,How much is this monitor?,0,0.13296423852443695,0.0,0.15203224122524261,6.470016956329346,0.13660839200019836,3.450944185256958,0.1490352898836136,16.682607650756836
3989,4302,What is in this can?,1,0.14033624529838562,0.0,0.16885696351528168,6.470016956329346,0.15817435085773468,3.879859685897827,0.20434190332889557,15.015069007873535
3990,3410,What is it?,1,0.2422056347131729,0.0,0.36296921968460083,6.470016956329346,0.3486451506614685,4.868007659912109,0.4455295503139496,15.430588722229004
3991,1586,What does it say exactly on this coupon?,1,0.3106943964958191,0.0,0.3849121630191803,6.470016956329346,0.3849121630191803,4.059911251068115,0.41111084818840027,14.50525951385498
3992,4227,Could you please tell me the name and possibly the model number of the coffee maker in this picture? Thank you.,0,0.230919748544693,0.0,0.27202457189559937,6.470016956329346,0.24508501589298248,3.4757182598114014,0.2598256468772888,13.597122192382812
3993,4245,What is this?,1,0.30404165387153625,0.0,0.3923368453979492,6.470016956329346,0.4687906503677368,7.011524677276611,0.5273165106773376,16.46009635925293
3994,847,What's on screen?,1,0.3812195658683777,0.0,0.46101680397987366,6.470016956329346,0.4455295503139496,4.467910289764404,0.4532618820667267,13.227540016174316
3995,2549,What am I looking at?,1,0.3208213150501251,0.0,0.4339814782142639,6.470016956329346,0.45713675022125244,5.502176284790039,0.6548947095870972,16.561800003051758
3996,1265,what is the shape of this cookie cutter?,0,0.21733751893043518,0.0,0.28776782751083374,6.470016956329346,0.28140559792518616,4.355623722076416,0.13477592170238495,18.9448184967041
3997,4201,What is in this package?,1,0.2845759987831116,0.0,0.3593641519546509,6.470016956329346,0.3775406777858734,5.123412132263184,0.3486451506614685,13.391559600830078
3998,1661,"Does anyone know what this is and what its use is?  A student of mine had it, it looks like a perfect fidget but someone said it might be for sailing.",1,0.09670579433441162,0.0,0.1127953976392746,6.470016956329346,0.10970577597618103,3.7898752689361572,0.19436782598495483,16.803478240966797
3999,1547,What is this photo?,1,0.24798743426799774,0.0,0.29421496391296387,6.470016956329346,0.2782568037509918,4.3332905769348145,0.6757646203041077,17.441347122192383
4000,3066,What's in this tin?,1,0.20434190332889557,0.0,0.2568320035934448,6.470016956329346,0.23651622235774994,4.068281650543213,0.230919748544693,12.173322677612305
4001,908,what is this,0,0.19682620465755463,0.0,0.230919748544693,6.470016956329346,0.2254166156053543,3.94515323638916,0.19930800795555115,16.35649299621582
4002,2239,What is this? Foreign Language,1,0.18713268637657166,0.0,0.20434190332889557,6.470016956329346,0.18713268637657166,3.640834331512451,0.2845759987831116,13.578570365905762
4003,4310,How many tablets are in this box?,1,0.2598256468772888,0.0,0.30074557662010193,6.470016956329346,0.30074557662010193,4.456539630889893,0.23370634019374847,15.190328598022461
4004,4237,What is this item?,1,0.29746994376182556,0.0,0.3849121630191803,6.470016956329346,0.39981165528297424,5.534072399139404,0.41869691014289856,14.364192962646484
4005,1677,How do you take care of a bird?,1,0.20946969091892242,0.0,0.27202457189559937,6.470016956329346,0.23651622235774994,3.533545970916748,0.21733751893043518,13.935392379760742
4006,1381,What made you this,0,0.22270014882087708,0.0,0.24077460169792175,6.470016956329346,0.24364244937896729,3.5355069637298584,0.1859472095966339,11.141255378723145
4007,1688,What kind of Dr. Pepper is this?,0,0.19436782598495483,0.0,0.230919748544693,6.470016956329346,0.20434190332889557,3.460657835006714,0.1490352898836136,16.20707130432129
4008,2463,Please can you tell me what flavor these cookies are.,1,0.18476751446723938,0.0,0.23370634019374847,6.470016956329346,0.2538610100746155,5.664791107177734,0.3208213150501251,16.56043815612793
4009,50,What kind of pop is this?,1,0.2393493503332138,0.0,0.27202457189559937,6.470016956329346,0.29421496391296387,3.990652561187744,0.19436782598495483,12.098756790161133
4010,2577,Which color has it?,1,0.3415825068950653,0.0,0.39981165528297424,6.470016956329346,0.3775406777858734,3.8788583278656006,0.41111084818840027,8.264447212219238
4011,226,What is on the screen?,1,0.32766830921173096,0.0,0.4493926465511322,6.470016956329346,0.3849121630191803,4.148307800292969,0.4765796661376953,14.621479988098145
4012,817,"Yes, I just need a description of this Google satellite view.  Please be as specific as possible.  Thank you.",0,0.43014732003211975,0.0,0.49609383940696716,6.470016956329346,0.4687906503677368,3.803659677505493,0.39981165528297424,8.976146697998047
4013,732,"ok I moved back a little further taking the photo again.  My speech has stopped, so I don't know whether the screen is frozen or not but maybe you can tell me",1,0.22815649211406708,0.0,0.22270014882087708,6.470016956329346,0.23651622235774994,4.040935516357422,0.2658804953098297,16.031047821044922
4014,1605,What color is this? ,1,0.3812195658683777,0.0,0.4532618820667267,6.470016956329346,0.4532618820667267,4.287386894226074,0.49218812584877014,13.63699722290039
4015,2482,"Please tell me what this says on the screen, thank you. ",0,0.15817435085773468,0.0,0.18242551386356354,6.470016956329346,0.16667540371418,3.4667117595672607,0.13568954169750214,11.994163513183594
4016,1693,What is this?,0,0.18010665476322174,0.0,0.2538610100746155,6.470016956329346,0.22000709176063538,3.9866044521331787,0.16667540371418,16.320823669433594
4017,2123,What color is this ear pod case?,1,0.24798743426799774,0.0,0.29098084568977356,6.470016956329346,0.2782568037509918,3.580542802810669,0.22270014882087708,11.597305297851562
4018,1423,What color is this suitcase?,1,0.23370634019374847,0.0,0.29421496391296387,6.470016956329346,0.2751297354698181,3.8015048503875732,0.24798743426799774,11.62166976928711
4019,1646,What is this?,1,0.37022536993026733,0.0,0.4843800961971283,6.470016956329346,0.5117166042327881,6.3393874168396,0.6584175229072571,16.589811325073242
4020,3866,What page number is this?,1,0.27202457189559937,0.0,0.3208213150501251,6.470016956329346,0.28776782751083374,3.9125897884368896,0.3593641519546509,14.4629487991333
4021,4256,What's in this red envelope?  ,1,0.09739039838314056,0.0,0.12940272688865662,6.470016956329346,0.12940272688865662,4.262505054473877,0.15203224122524261,13.300636291503906
4022,1292,What is it?,1,0.3486451506614685,0.0,0.4765796661376953,6.470016956329346,0.4882833957672119,5.653472423553467,0.596433162689209,15.987854957580566
4023,4176,What is it?,1,0.38861799240112305,0.0,0.5,6.470016956329346,0.5389832258224487,6.000540733337402,0.5467381477355957,16.66840934753418
4024,1603,What is this?,1,0.20434190332889557,0.0,0.28776782751083374,6.470016956329346,0.2658804953098297,4.464640140533447,0.3923368453979492,15.833152770996094
4025,2542,What color is this?,1,0.32766830921173096,0.0,0.41111084818840027,6.470016956329346,0.3923368453979492,4.265380859375,0.3775406777858734,11.722259521484375
4026,694,"Can you please tell me if this laptop is coming up or if the screen is blank, thank you.",1,0.23651622235774994,0.0,0.2538610100746155,6.470016956329346,0.2658804953098297,4.343107223510742,0.22270014882087708,15.48317813873291
4027,2588,Does this stack look too big?,0,0.10087861120700836,0.0,0.10521053522825241,6.470016956329346,0.11124120652675629,3.5723607540130615,0.20561504364013672,13.766850471496582
4028,1632,What kind of pop is inside this can?,0,0.1919327974319458,0.0,0.23370634019374847,6.470016956329346,0.2120688110589981,3.4656755924224854,0.11436852067708969,15.2728853225708
4029,2281,It's also a possibility that it rolled onto my floor. Did it?,0,0.15817435085773468,0.0,0.18010665476322174,6.470016956329346,0.17781086266040802,3.5962209701538086,0.34510529041290283,14.966667175292969
4030,2129,What does this can contain?,0,0.09268777817487717,0.0,0.11596070975065231,6.470016956329346,0.09670579433441162,3.4576845169067383,0.08819004893302917,17.645954132080078
4031,3432,What is my desktop showing?,1,0.16451644897460938,0.0,0.2146914154291153,6.470016956329346,0.20434190332889557,3.886371374130249,0.2568320035934448,12.900774002075195
4032,543,How much is this?,0,0.07055959850549698,0.0,0.08035746961832047,6.470016956329346,0.06853749603033066,3.476952314376831,0.08035746961832047,15.932735443115234
4033,3780,What can you see in the picture?,1,0.37022536993026733,0.0,0.4804786741733551,6.470016956329346,0.49218812584877014,5.879417419433594,0.8267117738723755,19.385746002197266
4034,3411,Are there any stones missing out of this?,0,0.11920291930437088,0.0,0.13477592170238495,6.470016956329346,0.13477592170238495,3.910109519958496,0.20946969091892242,14.073461532592773
4035,1375,What is this item?,1,0.2018132209777832,0.0,0.28776782751083374,6.470016956329346,0.2689414322376251,4.538480758666992,0.3208213150501251,13.220282554626465
4036,2146,Read the name for this chocolate.,0,0.2782568037509918,0.0,0.3208213150501251,6.470016956329346,0.30404165387153625,3.4771993160247803,0.1276526302099228,13.236735343933105
4037,2445,"I'm sorry ???, this is just a quick test. Seems to be an issue with my camera; could someone describe to me what they're seeing through the picture they're looking at? Thanks!",1,0.2628418505191803,0.0,0.2782568037509918,6.470016956329346,0.29421496391296387,4.504410266876221,0.6513549089431763,15.11906909942627
4038,4294,Identify this package.,1,0.42250463366508484,0.0,0.47268345952033997,6.470016956329346,0.4882833957672119,4.124020099639893,0.5774953961372375,10.999687194824219
4039,1495,What is this?,1,0.20689405500888824,0.0,0.2782568037509918,6.470016956329346,0.28140559792518616,5.326152801513672,0.562176525592804,16.088043212890625
4040,1243,What is in this box?,1,0.29421496391296387,0.0,0.37387582659721375,6.470016956329346,0.38861799240112305,4.985098361968994,0.29098084568977356,15.231965065002441
4041,2488,"OK, how about this angle here? Curious if this is low-fat and what brand of yogurt this is. Thanks, sorry about the other angle.",1,0.22815649211406708,0.0,0.2598256468772888,6.470016956329346,0.24508501589298248,3.5440139770507812,0.531209409236908,16.995861053466797
4042,693,What can you see?,1,0.22270014882087708,0.0,0.31742629408836365,6.470016956329346,0.2751297354698181,4.167724132537842,0.6893056035041809,18.339191436767578
4043,2408,What is this?,1,0.20946969091892242,0.0,0.28776782751083374,6.470016956329346,0.29098084568977356,5.398787975311279,0.46490156650543213,15.622014045715332
4044,761,Alright. I'm trying to get a number off of this card and I was wondering if you could be able to read that to me. ,1,0.29098084568977356,0.0,0.32423537969589233,6.470016956329346,0.3208213150501251,3.917454957962036,0.32766830921173096,16.04029655456543
4045,4117,What color are the lids of the bottles?,1,0.46101680397987366,0.0,0.531209409236908,6.470016956329346,0.5389832258224487,4.518139839172363,0.5,13.707109451293945
4046,782,What is the price of the french fries?,1,0.30404165387153625,0.0,0.3593641519546509,6.470016956329346,0.3486451506614685,4.03842830657959,0.3345894515514374,15.850400924682617
4047,3303,What type of earl is this?,0,0.2120688110589981,0.0,0.24798743426799774,6.470016956329346,0.2568320035934448,3.970675230026245,0.15713685750961304,14.828986167907715
4048,3399,What kind of coffee is this? ,1,0.2568320035934448,0.0,0.31742629408836365,6.470016956329346,0.35220178961753845,4.9245123863220215,0.30074557662010193,14.715243339538574
4049,4304,What is in this jar?,1,0.07159119844436646,0.0,0.09947021305561066,6.470016956329346,0.07477004081010818,3.4645349979400635,0.16026602685451508,15.328033447265625
4050,2231,"Hello, well I hope you can read this picture, now see if it stops it.",1,0.4263215959072113,0.0,0.46490156650543213,6.470016956329346,0.45713675022125244,3.6205501556396484,0.4843800961971283,13.315705299377441
4051,4220,What kind of chips are these?,0,0.10087861120700836,0.0,0.1276526302099228,6.470016956329346,0.11124120652675629,3.4510133266448975,0.14033624529838562,17.06818389892578
4052,3560,"What specifically is on this card, and is it right side up or upside down?",1,0.3557748794555664,0.0,0.43014732003211975,6.470016956329346,0.4073334336280823,3.9356801509857178,0.6187804341316223,14.80313491821289
4053,3316,WHAT COLOR IS THIS?,1,0.2751297354698181,0.0,0.34510529041290283,6.470016956329346,0.34510529041290283,4.944573879241943,0.37387582659721375,12.986458778381348
4054,4108,Hello can you please tell me what this is or is it still-is this really blurry? Thank you very much.,1,0.2845759987831116,0.0,0.33111974596977234,6.470016956329346,0.32766830921173096,4.1767778396606445,0.5698526501655579,15.903690338134766
4055,2464,Could you please read this?,1,0.3345894515514374,0.0,0.37022536993026733,6.470016956329346,0.36658975481987,3.7419662475585938,0.44167301058769226,14.049757957458496
4056,739,What is the wallpaper on this phone?,0,0.18476751446723938,0.0,0.2254166156053543,6.470016956329346,0.19682620465755463,3.4663729667663574,0.1859472095966339,19.50244903564453
4057,688,What's this?,1,0.27202457189559937,0.0,0.3073580265045166,6.470016956329346,0.32423537969589233,5.159079551696777,0.5,15.54243278503418
4058,844,What does the captcha say?,0,0.11757213622331619,0.0,0.13117322325706482,6.470016956329346,0.11920291930437088,3.471356153488159,0.15304216742515564,16.61725616455078
4059,646,Please tell me what this says. Please tell me what this says.,0,0.2628418505191803,0.0,0.3073580265045166,6.470016956329346,0.2782568037509918,3.5571014881134033,0.16451644897460938,11.699686050415039
4060,1695,What can is this?,1,0.12421300262212753,0.0,0.1540575623512268,6.470016956329346,0.15203224122524261,3.974914073944092,0.13296423852443695,14.274088859558105
4061,3042,Ok recording a question.,0,0.2628418505191803,0.0,0.2845759987831116,6.470016956329346,0.2782568037509918,3.4935519695281982,0.32766830921173096,17.237812042236328
4062,2529,What is the name of this lotion?,0,0.16026602685451508,0.0,0.19682620465755463,6.470016956329346,0.17328819632530212,3.471356153488159,0.09268777817487717,15.197662353515625
4063,565,Please tell me any visible text on this screen.,0,0.14033624529838562,0.0,0.16667540371418,6.470016956329346,0.14608724415302277,3.4667201042175293,0.10087861120700836,14.049715995788574
4064,4111,What kind of chips are these?,0,0.15203224122524261,0.0,0.18476751446723938,6.470016956329346,0.1755380630493164,3.5041563510894775,0.17328819632530212,18.432125091552734
4065,3157,What is this?,1,0.2845759987831116,0.0,0.3775406777858734,6.470016956329346,0.39981165528297424,5.872730731964111,0.6113819479942322,16.507259368896484
4066,3217,"Okay, the camera's about four inches from this thing, I don't really know how close to get. Can you tell me the serial number on this red box? I hope you can read it. Thanks.",0,0.3208213150501251,0.0,0.35220178961753845,6.470016956329346,0.3486451506614685,3.8582000732421875,0.314050555229187,16.09746742248535
4067,3302,Could you tell me what kind of chips these are please,1,0.2845759987831116,0.0,0.3380771279335022,6.470016956329346,0.3775406777858734,4.903101921081543,0.49218812584877014,17.971826553344727
4068,4199,Is that milk?,1,0.11757213622331619,0.0,0.13660839200019836,6.470016956329346,0.13117322325706482,3.98575758934021,0.10521053522825241,12.432838439941406
4069,4261,What is this?,1,0.29746994376182556,0.0,0.4073334336280823,6.470016956329346,0.41111084818840027,5.4013261795043945,0.6001883149147034,16.318891525268555
4070,1710,What is this and what does it look like?,1,0.37387582659721375,0.0,0.4804786741733551,6.470016956329346,0.4765796661376953,4.73014497756958,0.7057850360870361,15.348544120788574
4071,3381,What numbers are displayed?,1,0.29746994376182556,0.0,0.3593641519546509,6.470016956329346,0.3486451506614685,4.559488773345947,0.5078118443489075,16.27995491027832
4072,2430,Can you tell me what this is?,1,0.29746994376182556,0.0,0.3923368453979492,6.470016956329346,0.39981165528297424,5.624436855316162,0.7826625108718872,19.290464401245117
4073,4104,What kind of cologne is this/,0,0.05921025201678276,0.0,0.06656918674707413,6.470016956329346,0.06371499598026276,3.468662738800049,0.09268777817487717,17.391761779785156
4074,4247,What color is this shirt.,0,0.08151975274085999,0.0,0.09138210862874985,6.470016956329346,0.08756384998559952,3.4333646297454834,0.07477004081010818,15.41118335723877
4075,695,What gift card is this?,0,0.19682620465755463,0.0,0.2422056347131729,6.470016956329346,0.20946969091892242,3.469602346420288,0.14706452190876007,16.63813591003418
4076,2298,What are the oven cooking instructions for this hot pie? ,1,0.28140559792518616,0.0,0.32766830921173096,6.470016956329346,0.29421496391296387,3.4592719078063965,0.4263215959072113,15.249902725219727
4077,2389,What is this?,1,0.2845759987831116,0.0,0.37387582659721375,6.470016956329346,0.4148988127708435,6.0502238273620605,0.5195213556289673,16.852033615112305
4078,823,is there anything on the screen that has to do with windows 8 install?,1,0.1540575623512268,0.0,0.18476751446723938,6.470016956329346,0.18010665476322174,3.76212477684021,0.1919327974319458,13.003841400146484
4079,672,Who is this mail for?  Who is it addressed to?,0,0.230919748544693,0.0,0.2658804953098297,6.470016956329346,0.24798743426799774,3.4356114864349365,0.14608724415302277,14.928753852844238
4080,4149,Which flavor was this?,1,0.24798743426799774,0.0,0.3073580265045166,6.470016956329346,0.3073580265045166,4.413248538970947,0.37022536993026733,11.584632873535156
4081,808,What this?,1,0.20689405500888824,0.0,0.2628418505191803,6.470016956329346,0.2689414322376251,4.996493816375732,0.43782350420951843,15.865889549255371
4082,109,What does this screen say?,1,0.4035668969154358,0.0,0.46101680397987366,6.470016956329346,0.4532618820667267,3.9843552112579346,0.6187804341316223,13.662805557250977
4083,3330,Is this cheddar cheese?,1,0.09009299427270889,0.0,0.09138210862874985,6.470016956329346,0.09807932376861572,4.0479912757873535,0.04603390023112297,10.997374534606934
4084,856,Can you tell me what this screen says? Thank you.,0,0.2568320035934448,0.0,0.3073580265045166,6.470016956329346,0.31742629408836365,4.7089457511901855,0.36296921968460083,15.03081226348877
4085,2353,"What kind of soup is this, please?",1,0.18476751446723938,0.0,0.20689405500888824,6.470016956329346,0.23370634019374847,4.523443222045898,0.15203224122524261,12.130514144897461
4086,2061,What color is this t-shirt?,1,0.13660839200019836,0.0,0.1561049073934555,6.470016956329346,0.16238002479076385,3.9950013160705566,0.09947021305561066,11.86744499206543
4087,1722,What's this?,1,0.36658975481987,0.0,0.4073334336280823,6.470016956329346,0.44167301058769226,5.62069034576416,0.6477982401847839,15.77491569519043
4088,4022,What is this?,1,0.22000709176063538,0.0,0.30404165387153625,6.470016956329346,0.2658804953098297,4.221821308135986,0.45713675022125244,15.616021156311035
4089,504,What letters do I enter in to win the prize?,1,0.14608724415302277,0.0,0.17781086266040802,6.470016956329346,0.16026602685451508,3.5174553394317627,0.2689414322376251,12.238190650939941
4090,1465,What kind of beer is this?,0,0.1208532303571701,0.0,0.14804719388484955,6.470016956329346,0.12940272688865662,3.457655668258667,0.1259227693080902,18.309228897094727
4091,3304,"Ya, I just got this apple on my phone and I'm blind and to find what's in this can. Let's sell it.",1,0.15002882480621338,0.0,0.15203224122524261,6.470016956329346,0.15817435085773468,3.5581839084625244,0.2751297354698181,17.449270248413086
4092,3087,What's the date of this paper?,0,0.2782568037509918,0.0,0.3345894515514374,6.470016956329346,0.30074557662010193,3.972114086151123,0.2393493503332138,15.827547073364258
4093,3380,What is the color on the bottle?,1,0.38861799240112305,0.0,0.4882833957672119,6.470016956329346,0.4455295503139496,3.9867424964904785,0.44167301058769226,14.3204345703125
4094,2918,Thanks for all the help. Can you tell what this is now?,1,0.3557748794555664,0.0,0.38861799240112305,6.470016956329346,0.4073334336280823,4.7242536544799805,0.7718434929847717,17.01157569885254
4095,2538,Can you do what the semi useless upc databases have failed to do and identify this?,1,0.4532618820667267,0.0,0.531209409236908,6.470016956329346,0.5273165106773376,3.7903451919555664,0.7718434929847717,13.767792701721191
4096,1321,What is this?,1,0.1276526302099228,0.0,0.19436782598495483,6.470016956329346,0.18242551386356354,5.034364223480225,0.39606815576553345,16.723987579345703
4097,4319,What kind of spice is this?,1,0.2254166156053543,0.0,0.3073580265045166,6.470016956329346,0.3208213150501251,4.7080488204956055,0.28140559792518616,15.186816215515137
4098,1637,Flavor is this?,0,0.09138210862874985,0.0,0.10669060051441193,6.470016956329346,0.09534946084022522,3.4655404090881348,0.13296423852443695,17.03669548034668
4099,3954,How much sodium is in each serving of these beans?,0,0.1755380630493164,0.0,0.21733751893043518,6.470016956329346,0.1919327974319458,3.4578261375427246,0.13117322325706482,17.727005004882812
4100,2553,What is this?,1,0.23370634019374847,0.0,0.32766830921173096,6.470016956329346,0.37022536993026733,6.75813627243042,0.41869691014289856,17.231721878051758
4101,2414,"Yes, hi, could you tell me what these templates are please? ",0,0.29421496391296387,0.0,0.3486451506614685,6.470016956329346,0.32423537969589233,3.563349485397339,0.18952108919620514,13.608448028564453
4102,696,What is the letter on the wall?,1,0.14804719388484955,0.0,0.18242551386356354,6.470016956329346,0.15817435085773468,3.4486587047576904,0.27202457189559937,15.228447914123535
4103,941,Can you tell me the color of the screen or if there's any writing on it?,1,0.39606815576553345,0.0,0.4804786741733551,6.470016956329346,0.45713675022125244,4.558806419372559,0.4882833957672119,14.119269371032715
4104,1671,Please read the contents of the box. ,1,0.29098084568977356,0.0,0.34510529041290283,6.470016956329346,0.32766830921173096,3.6930956840515137,0.42250463366508484,10.384296417236328
4105,3390,What is this product? ,1,0.3593641519546509,0.0,0.46101680397987366,6.470016956329346,0.4843800961971283,5.4408111572265625,0.6001883149147034,13.233292579650879
4106,4311,what color is this?,1,0.3106943964958191,0.0,0.39606815576553345,6.470016956329346,0.3849121630191803,4.793492794036865,0.3380771279335022,12.886812210083008
4107,2066,What is this called? ,0,0.22815649211406708,0.0,0.2845759987831116,6.470016956329346,0.29098084568977356,4.3045735359191895,0.15002882480621338,16.604801177978516
4108,2499,What is this?,0,0.1561049073934555,0.0,0.22815649211406708,6.470016956329346,0.20946969091892242,4.517933368682861,0.16667540371418,17.02676773071289
4109,699,is this screen on the desktop or is there any word on here involving installing updates,1,0.15817435085773468,0.0,0.17781086266040802,6.470016956329346,0.18010665476322174,3.5919322967529297,0.1919327974319458,11.42854118347168
4110,1683,What kind of cereal is this?,1,0.43014732003211975,0.0,0.49609383940696716,6.470016956329346,0.5389832258224487,5.446882247924805,0.3849121630191803,12.964072227478027
4111,2130,What book is this?,0,0.16451644897460938,0.0,0.2018132209777832,6.470016956329346,0.1710611879825592,3.477759599685669,0.1561049073934555,15.696365356445312
4112,2355,What is in this bottle?,1,0.1919327974319458,0.0,0.29746994376182556,6.470016956329346,0.2689414322376251,4.679726600646973,0.37022536993026733,14.315969467163086
4113,1460,What color jewelry should I wear with this outfit?,1,0.16026602685451508,0.0,0.19930800795555115,6.470016956329346,0.18713268637657166,3.5912744998931885,0.16238002479076385,16.356504440307617
4114,2234,What type of bag is this?,0,0.042087726294994354,0.0,0.04603390023112297,6.470016956329346,0.0446808747947216,3.4668259620666504,0.06008664518594742,16.082855224609375
4115,3375,What is the replacement for R22?,1,0.20689405500888824,0.0,0.2751297354698181,6.470016956329346,0.230919748544693,3.896089553833008,0.2845759987831116,12.147770881652832
4116,4172,Could you please tell me what that is. Thank you.,1,0.29746994376182556,0.0,0.37387582659721375,6.470016956329346,0.41111084818840027,5.830471992492676,0.6619228720664978,17.25621795654297
4117,1571,What is this?,1,0.20946969091892242,0.0,0.29098084568977356,6.470016956329346,0.29746994376182556,5.338083744049072,0.3812195658683777,15.876287460327148
4118,4276,"Can you tell if this is flavored coffee or decaf? And if it is flavored, what flavor is it?",0,0.15002882480621338,0.0,0.18242551386356354,6.470016956329346,0.16885696351528168,3.606038808822632,0.19436782598495483,14.506353378295898
4119,4253,i just wanted to know what this is and the cooking instructions if posible,0,0.37022536993026733,0.0,0.4493926465511322,6.470016956329346,0.44167301058769226,4.07233190536499,0.15817435085773468,13.875275611877441
4120,1679,What is this?,1,0.22815649211406708,0.0,0.31742629408836365,6.470016956329346,0.3486451506614685,5.9530558586120605,0.37022536993026733,15.853485107421875
4121,2735,who is this addressed to?,0,0.2538610100746155,0.0,0.2782568037509918,6.470016956329346,0.2751297354698181,3.470047950744629,0.17781086266040802,13.311649322509766
4122,3328,"Is this some kind of bone?  Or a horn, by chance?",1,0.16667540371418,0.0,0.19930800795555115,6.470016956329346,0.20434190332889557,4.303765773773193,0.15817435085773468,13.883895874023438
4123,1275,What kind of dog is this?,1,0.16885696351528168,0.0,0.2146914154291153,6.470016956329346,0.23651622235774994,5.257358551025391,0.230919748544693,16.958141326904297
4124,400,What does this screen say please?,0,0.23651622235774994,0.0,0.2782568037509918,6.470016956329346,0.2628418505191803,3.526500940322876,0.2422056347131729,15.637483596801758
4125,1623,What does this label say?,0,0.1276526302099228,0.0,0.15203224122524261,6.470016956329346,0.13296423852443695,3.471356153488159,0.23792991042137146,16.762569427490234
4126,675,What is the title and page number?,0,0.3208213150501251,0.0,0.3363310396671295,6.470016956329346,0.32766830921173096,3.5022900104522705,0.2925953269004822,16.667009353637695
4127,4042,What does this computer screen say?  I'm trying to log in and I have no speech.,0,0.19930800795555115,0.0,0.2120688110589981,6.470016956329346,0.2120688110589981,3.470820426940918,0.2538610100746155,13.91937255859375
4128,3438,Is my iPad on the table?,1,0.17781086266040802,0.0,0.2018132209777832,6.470016956329346,0.21733751893043518,4.9080047607421875,0.15817435085773468,13.414471626281738
4129,4195,What color is this tablet?,1,0.15817435085773468,0.0,0.19436782598495483,6.470016956329346,0.18476751446723938,3.7552521228790283,0.13117322325706482,10.065282821655273
4130,840,What letters do I type in to win?,1,0.19682620465755463,0.0,0.23651622235774994,6.470016956329346,0.2146914154291153,3.5317983627319336,0.3415825068950653,11.943476676940918
4131,3353,What is it?,0,0.22000709176063538,0.0,0.32766830921173096,6.470016956329346,0.33111974596977234,5.378725528717041,0.18242551386356354,19.97625732421875
4132,1759,What is this product?,1,0.2782568037509918,0.0,0.36296921968460083,6.470016956329346,0.36296921968460083,5.0108723640441895,0.2658804953098297,14.355191230773926
4133,1638,What is the title of this book?,0,0.2393493503332138,0.0,0.2613309323787689,6.470016956329346,0.24508501589298248,3.471356153488159,0.27202457189559937,11.661425590515137
4134,4169,"Can you tell me what kind of Keurig flavor coffee this is? I know it's Keurig, what flavor please. Thank you",1,0.1259227693080902,0.0,0.14223188161849976,6.470016956329346,0.13846179842948914,3.6123297214508057,0.19436782598495483,16.609792709350586
4135,402,"What does this label say? Before you said China, can you try and give me more information please",0,0.24508501589298248,0.0,0.28776782751083374,6.470016956329346,0.2628418505191803,3.4531383514404297,0.17328819632530212,14.412757873535156
4136,1501,This is an advertisement?,1,0.09268777817487717,0.0,0.09670579433441162,6.470016956329346,0.09268777817487717,3.534358501434326,0.037326883524656296,13.216083526611328
4137,2365,"what are these? They are magnetic, two beads",1,0.39606815576553345,0.0,0.4765796661376953,6.470016956329346,0.4687906503677368,4.296003818511963,0.5774953961372375,12.606172561645508
4138,2121,What is this?,1,0.22270014882087708,0.0,0.3106943964958191,6.470016956329346,0.35220178961753845,6.493241310119629,0.3486451506614685,16.803985595703125
4139,2557,"Now can you see the order number for this necklace and bracelet, and this Avon booklet?",1,0.3593641519546509,0.0,0.41869691014289856,6.470016956329346,0.41111084818840027,3.6729531288146973,0.581303060054779,13.458186149597168
4140,4224,You read the highlighted text.,1,0.3557748794555664,0.0,0.4148988127708435,6.470016956329346,0.3849121630191803,3.5301966667175293,0.41111084818840027,14.248668670654297
4141,1573,Which chocolate bar is it? Snickers or Mars?,1,0.16238002479076385,0.0,0.19930800795555115,6.470016956329346,0.1919327974319458,4.843391418457031,0.23370634019374847,10.981401443481445
4142,3061,What color is this shirt and does it have striped? Thank you.,1,0.19436782598495483,0.0,0.2120688110589981,6.470016956329346,0.2146914154291153,4.432829856872559,0.14804719388484955,12.097161293029785
4143,2465,What color is this please?,1,0.18952108919620514,0.0,0.23651622235774994,6.470016956329346,0.22815649211406708,3.984027624130249,0.20689405500888824,12.56171989440918
4144,588,What is this?,1,0.15817435085773468,0.0,0.23651622235774994,6.470016956329346,0.22815649211406708,4.9572248458862305,0.38861799240112305,16.375709533691406
4145,796,Can you read me the gift code on this card? ,0,0.08035746961832047,0.0,0.08882028609514236,6.470016956329346,0.08269733935594559,3.4518799781799316,0.08269733935594559,15.70939826965332
4146,3139,what is this bottle?,0,0.04672496020793915,0.0,0.04885777831077576,6.470016956329346,0.048136770725250244,3.4571001529693604,0.14414885640144348,16.287090301513672
4147,4258,"What is this, please?",1,0.2393493503332138,0.0,0.30404165387153625,6.470016956329346,0.3345894515514374,5.908328056335449,0.33111974596977234,16.333932876586914
4148,3333,"Sorry, cleaning out my cupboard what kind of can, box is this? I'm sorry. ",1,0.29746994376182556,0.0,0.314050555229187,6.470016956329346,0.3345894515514374,4.104783058166504,0.39981165528297424,14.865082740783691
4149,900,What is this?,1,0.22270014882087708,0.0,0.3073580265045166,6.470016956329346,0.32423537969589233,6.066775321960449,0.4765796661376953,16.08957862854004
4150,4286,What color is this?,1,0.3557748794555664,0.0,0.4455295503139496,6.470016956329346,0.44167301058769226,4.805352210998535,0.39606815576553345,11.966474533081055
4151,112,what is this,0,0.2393493503332138,0.0,0.2845759987831116,6.470016956329346,0.28140559792518616,4.27202033996582,0.22270014882087708,17.403949737548828
4152,1596,What is on this page?,1,0.34510529041290283,0.0,0.4263215959072113,6.470016956329346,0.37387582659721375,3.8249380588531494,0.4339814782142639,14.412206649780273
4153,829,What is this?,1,0.3345894515514374,0.0,0.4532618820667267,6.470016956329346,0.4804786741733551,5.9359049797058105,0.6406359076499939,16.622108459472656
4154,828,What does the sheet of paper say?,0,0.2393493503332138,0.0,0.30404165387153625,6.470016956329346,0.2568320035934448,3.4604461193084717,0.12252321094274521,18.23876953125
4155,4167,Can you please tell me what this bottle say what this bottle is please?,1,0.5506073832511902,0.0,0.6334102749824524,6.470016956329346,0.6297746300697327,4.3215813636779785,0.7490872144699097,16.91876792907715
4156,3881,you tell if the screen says it is downloading updates or installing updates? It's supposed to be shutting off.,1,0.13477592170238495,0.0,0.14414885640144348,6.470016956329346,0.14223188161849976,3.8585474491119385,0.18952108919620514,15.583776473999023
4157,3930,What order did the controls appear in Low-high warm or high-low warm?,1,0.18476751446723938,0.0,0.22000709176063538,6.470016956329346,0.20946969091892242,4.323164463043213,0.2422056347131729,14.758435249328613
4158,841,Can you please tell me what the captcha says?,0,0.169956237077713,0.0,0.20434190332889557,6.470016956329346,0.17895591259002686,3.4505012035369873,0.23370634019374847,14.557912826538086
4159,4228,Can you please tell me what canned food item this is?,1,0.2538610100746155,0.0,0.3208213150501251,6.470016956329346,0.31742629408836365,4.169172763824463,0.38861799240112305,16.923463821411133
4160,4162,How much money is this?,1,0.2254166156053543,0.0,0.29098084568977356,6.470016956329346,0.2845759987831116,4.571933746337891,0.33111974596977234,16.433242797851562
4161,1152,What does this screen say? ,1,0.30074557662010193,0.0,0.3775406777858734,6.470016956329346,0.3415825068950653,3.680434465408325,0.5078118443489075,14.460590362548828
4162,805,what is this?,1,0.18010665476322174,0.0,0.2422056347131729,6.470016956329346,0.2568320035934448,5.5526933670043945,0.2658804953098297,16.675065994262695
4163,1464,What is the expiration date?,0,0.06754669547080994,0.0,0.07696083933115005,6.470016956329346,0.06954174488782883,3.471356153488159,0.12940272688865662,18.874691009521484
4164,1580,Can you tell me what this is?,1,0.31742629408836365,0.0,0.4073334336280823,6.470016956329346,0.43782350420951843,5.424330234527588,0.6893056035041809,18.06527328491211
4165,3275,What this is picture please.,1,0.2120688110589981,0.0,0.24798743426799774,6.470016956329346,0.22815649211406708,3.636697769165039,0.24798743426799774,15.371001243591309
4166,1713,What kind of yogurt is this?,0,0.08509904146194458,0.0,0.08035746961832047,6.470016956329346,0.08882028609514236,3.470386266708374,0.10087861120700836,16.894166946411133
4167,1527,What is this?,1,0.3415825068950653,0.0,0.4532618820667267,6.470016956329346,0.4804786741733551,5.556565761566162,0.5926666259765625,15.928990364074707
4168,1903,What is the expiration date?,1,0.21733751893043518,0.0,0.28140559792518616,6.470016956329346,0.23370634019374847,3.5686147212982178,0.2845759987831116,16.049863815307617
4169,768,I need directions. Thank you.,0,0.30074557662010193,0.0,0.3345894515514374,6.470016956329346,0.314050555229187,3.4687559604644775,0.25091278553009033,15.139225959777832
4170,809,Can you tell me what this says?,0,0.20434190332889557,0.0,0.24508501589298248,6.470016956329346,0.22270014882087708,3.573145627975464,0.28140559792518616,14.374040603637695
4171,1560,What is this can?,0,0.24798743426799774,0.0,0.29421496391296387,6.470016956329346,0.29746994376182556,4.114447593688965,0.3191213607788086,16.844099044799805
4172,2303,What color is this?,1,0.3415825068950653,0.0,0.42250463366508484,6.470016956329346,0.41111084818840027,4.562248229980469,0.3486451506614685,11.522951126098633
4173,2512,what is this?,1,0.230919748544693,0.0,0.32423537969589233,6.470016956329346,0.32423537969589233,5.029143333435059,0.41869691014289856,17.079423904418945
4174,2444,What is this?,1,0.24508501589298248,0.0,0.34510529041290283,6.470016956329346,0.3415825068950653,5.3684468269348145,0.531209409236908,15.289252281188965
4175,4053,Color is this shirt?,1,0.32423537969589233,0.0,0.39606815576553345,6.470016956329346,0.4035668969154358,4.586984634399414,0.29098084568977356,14.281861305236816
4176,593,"Hi, can you tell me what this captcha says?  I'm trying to figure out this captcha.  Can you tell me what it says on the screen?  Thank you.",0,0.23370634019374847,0.0,0.25091278553009033,6.470016956329346,0.2393493503332138,3.462348699569702,0.3415825068950653,14.990930557250977
4177,3196,what is in this bag?,0,0.1037486270070076,0.0,0.12421300262212753,6.470016956329346,0.11124120652675629,3.4427926540374756,0.05877656117081642,17.059873580932617
4178,1544,What is that building?,0,0.15203224122524261,0.0,0.2146914154291153,6.470016956329346,0.18242551386356354,3.718238353729248,0.16132023930549622,18.965381622314453
4179,3357,"Okay, I held the camera further away. I think it should be black. Could you tell me if it's black or blue, please? Thank you.",1,0.27202457189559937,0.0,0.2658804953098297,6.470016956329346,0.29421496391296387,3.783139228820801,0.20689405500888824,19.137420654296875
4180,3431,Can you please tell me the brand and name of these cookies?,1,0.38861799240112305,0.0,0.45713675022125244,6.470016956329346,0.43782350420951843,3.7760205268859863,0.5273165106773376,15.27554988861084
4181,1602,What is this nondescript object?,0,0.18010665476322174,0.0,0.2254166156053543,6.470016956329346,0.19436782598495483,3.4945316314697266,0.23651622235774994,15.929328918457031
4182,1558,What's this picture about?,1,0.31742629408836365,0.0,0.35220178961753845,6.470016956329346,0.3486451506614685,4.678863048553467,0.8267117738723755,18.014265060424805
4183,2729,The container in the picture contains body butter. I would like to know the flavor of the body butter.,1,0.10970577597618103,0.0,0.12421300262212753,6.470016956329346,0.11920291930437088,3.858100175857544,0.27202457189559937,15.952241897583008
4184,1727,i would like to know what this item is and what it may be valued at,0,0.1259227693080902,0.0,0.15203224122524261,6.470016956329346,0.14608724415302277,3.622783660888672,0.14033624529838562,16.184110641479492
4185,2491,what color is this pair of pants?,1,0.09401018917560577,0.0,0.10669060051441193,6.470016956329346,0.11124120652675629,4.0766754150390625,0.07055959850549698,11.243633270263672
4186,2520,What color is this fabric?,1,0.33111974596977234,0.0,0.4035668969154358,6.470016956329346,0.39981165528297424,4.868989944458008,0.3557748794555664,12.268187522888184
4187,537,Please number and matters?,0,0.3380771279335022,0.0,0.3923368453979492,6.470016956329346,0.37022536993026733,3.5214998722076416,0.23651622235774994,13.308749198913574
4188,4296,what color is this shirt,1,0.3415825068950653,0.0,0.41869691014289856,6.470016956329346,0.4493926465511322,4.842355728149414,0.22815649211406708,13.19749641418457
4189,1492,What is in this package please?  Pudding or apple sauce?,1,0.14414885640144348,0.0,0.16238002479076385,6.470016956329346,0.17328819632530212,4.430001258850098,0.13846179842948914,10.403875350952148
4190,2559,What color are these socks?,1,0.1540575623512268,0.0,0.18010665476322174,6.470016956329346,0.18952108919620514,3.969715118408203,0.11920291930437088,11.827282905578613
4191,3441,What is this?,0,0.15203224122524261,0.0,0.2120688110589981,6.470016956329346,0.18010665476322174,3.8413639068603516,0.1561049073934555,17.274505615234375
4192,2360,what color is my bag?,1,0.29746994376182556,0.0,0.3849121630191803,6.470016956329346,0.3775406777858734,4.323844909667969,0.24508501589298248,14.342960357666016
4193,2278,What is this?,1,0.18476751446723938,0.0,0.25091278553009033,6.470016956329346,0.2628418505191803,5.222166061401367,0.45713675022125244,15.793094635009766
4194,751,What is this?,1,0.21733751893043518,0.0,0.29098084568977356,6.470016956329346,0.2782568037509918,5.216822624206543,0.5350984334945679,16.48509407043457
4195,2651,What is this floor made out of?,1,0.1276526302099228,0.0,0.18713268637657166,6.470016956329346,0.16026602685451508,3.6726138591766357,0.18952108919620514,14.651679992675781
4196,1728,What kind of food is this?,1,0.20434190332889557,0.0,0.2628418505191803,6.470016956329346,0.2538610100746155,3.6702425479888916,0.24798743426799774,13.713724136352539
4197,555,Is the restore processing or waiting for input from me?,1,0.2120688110589981,0.0,0.230919748544693,6.470016956329346,0.23370634019374847,3.5462567806243896,0.1561049073934555,12.773794174194336
4198,686,What does the screen say?,0,0.230919748544693,0.0,0.29098084568977356,6.470016956329346,0.230919748544693,3.503288745880127,0.1490352898836136,18.96098518371582
4199,3452,What color is my shirt?,1,0.1561049073934555,0.0,0.19436782598495483,6.470016956329346,0.1919327974319458,3.8939907550811768,0.16238002479076385,13.042147636413574
4200,2399,What in the photo?,1,0.4687906503677368,0.0,0.5428633093833923,6.470016956329346,0.5774953961372375,5.61257791519165,0.6619228720664978,18.07176971435547
4201,1658,What is this?,1,0.30404165387153625,0.0,0.4035668969154358,6.470016956329346,0.4148988127708435,5.594814777374268,0.4493926465511322,15.933808326721191
4202,4020,What is this?,1,0.19682620465755463,0.0,0.2658804953098297,6.470016956329346,0.29421496391296387,6.085536956787109,0.3328523337841034,16.598291397094727
4203,3994,What words are in the image?,1,0.3486451506614685,0.0,0.41869691014289856,6.470016956329346,0.4148988127708435,4.693154335021973,0.5234203934669495,14.05106258392334
4204,3195,What color is this chair? ,1,0.28140559792518616,0.0,0.3208213150501251,6.470016956329346,0.35220178961753845,4.447525501251221,0.24798743426799774,12.673291206359863
4205,3361,What CD is this?  ,0,0.15817435085773468,0.0,0.19930800795555115,6.470016956329346,0.16885696351528168,3.471356153488159,0.16026602685451508,15.171013832092285
4206,3624,read the instructions for this dip how to prepare it,0,0.33111974596977234,0.0,0.37387582659721375,6.470016956329346,0.3415825068950653,3.5050344467163086,0.22000709176063538,16.190711975097656
4207,845,Can you please identify the words appearing on the picture on the screen. It's a captcha that i need to be able to identify. Thank you.,0,0.30074557662010193,0.0,0.3380771279335022,6.470016956329346,0.32423537969589233,3.46006178855896,0.2146914154291153,9.8690767288208
4208,3365,Can you tell if this is step two or step three? Thank you,0,0.1259227693080902,0.0,0.13660839200019836,6.470016956329346,0.14223188161849976,3.567225933074951,0.19559407234191895,18.000396728515625
4209,4244,What kind of pop is this?,1,0.3486451506614685,0.0,0.4263215959072113,6.470016956329346,0.44167301058769226,4.453524112701416,0.3593641519546509,12.499953269958496
4210,2580,What's the product in this can?,0,0.17781086266040802,0.0,0.20689405500888824,6.470016956329346,0.18713268637657166,3.4690299034118652,0.10521053522825241,16.44159698486328
4211,2478,What is this item?,1,0.30074557662010193,0.0,0.38861799240112305,6.470016956329346,0.39981165528297424,5.057745933532715,0.4073334336280823,13.154436111450195
4212,4135,What is this?,1,0.3593641519546509,0.0,0.45713675022125244,6.470016956329346,0.49218812584877014,6.144315242767334,0.6406359076499939,16.984031677246094
4213,3152,What is this?,0,0.230919748544693,0.0,0.29421496391296387,6.470016956329346,0.29421496391296387,4.540427207946777,0.19930800795555115,16.835918426513672
4214,3457,what's in the tin?,1,0.2751297354698181,0.0,0.3380771279335022,6.470016956329346,0.33111974596977234,4.935513496398926,0.37022536993026733,10.539543151855469
4215,4277,How much this?,0,0.1276526302099228,0.0,0.14608724415302277,6.470016956329346,0.13117322325706482,3.4701294898986816,0.13568954169750214,15.724692344665527
4216,2484,What is this can?,1,0.3486451506614685,0.0,0.4148988127708435,6.470016956329346,0.41111084818840027,4.3897881507873535,0.44167301058769226,12.274574279785156
4217,678,What's on the screen?,1,0.2422056347131729,0.0,0.31742629408836365,6.470016956329346,0.2751297354698181,3.7807326316833496,0.2751297354698181,12.607592582702637
4218,3392,What's the picture?,1,0.28140559792518616,0.0,0.33111974596977234,6.470016956329346,0.33111974596977234,3.9443163871765137,0.3775406777858734,14.35407543182373
4219,1360,What is this?,0,0.15002882480621338,0.0,0.2018132209777832,6.470016956329346,0.17328819632530212,3.597508668899536,0.15203224122524261,16.191469192504883
4220,689,It monitor light on the laptop?,1,0.24508501589298248,0.0,0.28140559792518616,6.470016956329346,0.2658804953098297,3.5978004932403564,0.2538610100746155,15.68366527557373
4221,1611,What is this?,1,0.24798743426799774,0.0,0.3345894515514374,6.470016956329346,0.3557748794555664,5.909528732299805,0.5467381477355957,15.635807037353516
4222,3951,What is this?,1,0.2120688110589981,0.0,0.28776782751083374,6.470016956329346,0.32423537969589233,6.378636360168457,0.3593641519546509,16.321788787841797
4223,1647,"Could you please tell me what this is please, thank you?",1,0.37387582659721375,0.0,0.45713675022125244,6.470016956329346,0.4765796661376953,4.99562931060791,0.6893056035041809,17.25334930419922
4224,3313,What is this box?,0,0.19436782598495483,0.0,0.2538610100746155,6.470016956329346,0.22815649211406708,3.460707426071167,0.19072401523590088,19.087059020996094
4225,3154,What make and flavor is this coffee please?,1,0.18476751446723938,0.0,0.22815649211406708,6.470016956329346,0.230919748544693,3.8287270069122314,0.3557748794555664,15.872719764709473
4226,1444,what's in the picture?,1,0.29421496391296387,0.0,0.36658975481987,6.470016956329346,0.34510529041290283,4.903698921203613,0.4455295503139496,15.645752906799316
4227,730,"Is the sticker visible now? If it is, what does it say?",0,0.3345894515514374,0.0,0.39981165528297424,6.470016956329346,0.37387582659721375,3.911620616912842,0.45132651925086975,15.339960098266602
4228,433,Is Windows up on the computer? Am I at the desktop?,1,0.24798743426799774,0.0,0.29098084568977356,6.470016956329346,0.29421496391296387,3.916609048843384,0.1561049073934555,12.873799324035645
4229,3529,What is in this screen?,0,0.14804719388484955,0.0,0.1919327974319458,6.470016956329346,0.16026602685451508,3.4645135402679443,0.07423136383295059,18.743682861328125
4230,4255,What kind of cereal is this? ,1,0.28140559792518616,0.0,0.3415825068950653,6.470016956329346,0.32766830921173096,3.5239386558532715,0.3415825068950653,14.331804275512695
4231,3270,What is this?,1,0.2689414322376251,0.0,0.3380771279335022,6.470016956329346,0.36658975481987,5.605001449584961,0.5926666259765625,16.125083923339844
4232,3428,What is the title of this DVD?,1,0.3073580265045166,0.0,0.37387582659721375,6.470016956329346,0.34510529041290283,3.777747392654419,0.3345894515514374,8.741888046264648
4233,2291,Whats in this?,1,0.24798743426799774,0.0,0.30404165387153625,6.470016956329346,0.30074557662010193,4.113871097564697,0.41111084818840027,13.011768341064453
4234,1542,what color is this?,1,0.24798743426799774,0.0,0.314050555229187,6.470016956329346,0.30074557662010193,4.178061008453369,0.2254166156053543,13.028973579406738
4235,4125,What is this?,1,0.35220178961753845,0.0,0.4765796661376953,6.470016956329346,0.5117166042327881,6.528689384460449,0.5583269596099854,17.04560661315918
4236,3230,What is this?,0,0.1755380630493164,0.0,0.2422056347131729,6.470016956329346,0.20689405500888824,3.7753961086273193,0.14414885640144348,16.434741973876953
4237,2561,What color are these laces?,1,0.43782350420951843,0.0,0.562176525592804,6.470016956329346,0.5506073832511902,5.097137451171875,0.4804786741733551,13.790803909301758
4238,3401,I want to know what this says. Thank you.,0,0.12940272688865662,0.0,0.14804719388484955,6.470016956329346,0.13477592170238495,3.469907522201538,0.2568320035934448,13.362356185913086
4239,1635,What is this?,1,0.20689405500888824,0.0,0.28776782751083374,6.470016956329346,0.2751297354698181,4.553539752960205,0.3923368453979492,15.184661865234375
4240,3119,What coin is this?,1,0.2782568037509918,0.0,0.36296921968460083,6.470016956329346,0.3380771279335022,4.160588264465332,0.4339814782142639,15.308696746826172
4241,682,What is this?,1,0.20689405500888824,0.0,0.2782568037509918,6.470016956329346,0.2782568037509918,5.0389509201049805,0.36658975481987,16.59510612487793
4242,953,What's on the screen?,1,0.35220178961753845,0.0,0.4339814782142639,6.470016956329346,0.4035668969154358,4.271782398223877,0.4263215959072113,13.511870384216309
4243,3449,What are the characters in this captcha image?,1,0.18713268637657166,0.0,0.2146914154291153,6.470016956329346,0.2120688110589981,3.924058437347412,0.33111974596977234,14.433026313781738
4244,4142,What is this?,1,0.2782568037509918,0.0,0.36296921968460083,6.470016956329346,0.41111084818840027,6.227832317352295,0.41111084818840027,16.262130737304688
4245,2568,How many calories in a serving of Cheerios?,1,0.4455295503139496,0.0,0.5544704794883728,6.470016956329346,0.5,3.7423367500305176,0.531209409236908,14.082784652709961
4246,806,What color is this?,1,0.3208213150501251,0.0,0.3812195658683777,6.470016956329346,0.3849121630191803,4.281515598297119,0.29746994376182556,11.55958080291748
4247,3483,What brand and type of shampoo is this?,1,0.27202457189559937,0.0,0.32766830921173096,6.470016956329346,0.32766830921173096,3.7328202724456787,0.36296921968460083,13.534422874450684
4248,2333,What is this?,0,0.12940272688865662,0.0,0.17781086266040802,6.470016956329346,0.15002882480621338,3.645486354827881,0.12678517401218414,17.323213577270508
4249,760,What is the answer?,0,0.10669060051441193,0.0,0.1208532303571701,6.470016956329346,0.1127953976392746,3.7270891666412354,0.10017222166061401,17.986604690551758
4250,2567,Is this a mouse?,1,0.01590639166533947,0.0,0.014728613197803497,6.470016956329346,0.015189049765467644,3.585010290145874,0.01065251138061285,10.636942863464355
4251,4154,I'm trying to determine the expiration date on this yogurt. Thanks.,0,0.16451644897460938,0.0,0.16667540371418,6.470016956329346,0.16667540371418,3.4663751125335693,0.1259227693080902,16.62993621826172
4252,824,"Give me, give me number for this paper.",0,0.17328819632530212,0.0,0.20689405500888824,6.470016956329346,0.18010665476322174,3.4458627700805664,0.1919327974319458,15.237622261047363
4253,788,What's on the screen?,1,0.49609383940696716,0.0,0.5774953961372375,6.470016956329346,0.562176525592804,4.4344611167907715,0.531209409236908,12.168959617614746
4254,2487,What is the oven temperature now please?  ,0,0.10669060051441193,0.0,0.1276526302099228,6.470016956329346,0.11124120652675629,3.556370258331299,0.1259227693080902,17.738950729370117
4255,2558,What do you see?,1,0.2146914154291153,0.0,0.25091278553009033,6.470016956329346,0.24798743426799774,4.0902581214904785,0.581303060054779,15.785941123962402
4256,1568,What color is my shirt and necklace?,1,0.4804786741733551,0.0,0.5851011276245117,6.470016956329346,0.6150878667831421,5.884773254394531,0.49218812584877014,15.51335620880127
4257,2581,What is this?,1,0.2782568037509918,0.0,0.36658975481987,6.470016956329346,0.4073334336280823,6.1573920249938965,0.5350984334945679,16.364877700805664
4258,2541,What flavor is this?,1,0.18952108919620514,0.0,0.24798743426799774,6.470016956329346,0.24798743426799774,4.665220737457275,0.24508501589298248,13.78511905670166
4259,470,What does this business card have on it?,0,0.4532618820667267,0.0,0.5544704794883728,6.470016956329346,0.5,3.7846484184265137,0.20561504364013672,14.897942543029785
4260,2440,What is this?,1,0.18713268637657166,0.0,0.2568320035934448,6.470016956329346,0.28776782751083374,6.239291191101074,0.38861799240112305,16.118019104003906
4261,2132,Whats the weather like? ,1,0.18713268637657166,0.0,0.22815649211406708,6.470016956329346,0.2393493503332138,4.347275733947754,0.17328819632530212,17.443174362182617
4262,1631,What does this say?,0,0.10447731614112854,0.0,0.11920291930437088,6.470016956329346,0.11047115176916122,3.470198154449463,0.28140559792518616,14.70707893371582
4263,4262,"Ok, move the box to the left. Can you read the label now if it says calming or bedtime? That would be the flavor of the tea, the herbal.",0,0.19436782598495483,0.0,0.2254166156053543,6.470016956329346,0.2146914154291153,3.450436592102051,0.22815649211406708,13.679327011108398
4264,3433,What is the color of the lid?,1,0.32766830921173096,0.0,0.43014732003211975,6.470016956329346,0.3923368453979492,4.948379039764404,0.32766830921173096,14.202523231506348
4265,825,Can you tell me what the code on this itunes gift card is?,0,0.16026602685451508,0.0,0.19436782598495483,6.470016956329346,0.1710611879825592,3.467219829559326,0.20434190332889557,14.44640064239502
4266,3938,What color is my jacket?,0,0.10230470448732376,0.0,0.11920291930437088,6.470016956329346,0.1127953976392746,3.4789769649505615,0.09334687888622284,18.480928421020508
4267,1426,What's this?,1,0.314050555229187,0.0,0.3486451506614685,6.470016956329346,0.3775406777858734,5.49583101272583,0.4804786741733551,15.426220893859863
4268,3402,What breed of dog is this?,1,0.2254166156053543,0.0,0.2658804953098297,6.470016956329346,0.28776782751083374,4.518675804138184,0.314050555229187,17.056386947631836
4269,1712,What is in this bottle?,1,0.09534946084022522,0.0,0.1276526302099228,6.470016956329346,0.11124120652675629,3.898029088973999,0.16451644897460938,14.262197494506836
4270,855,What is that?,1,0.13846179842948914,0.0,0.19930800795555115,6.470016956329346,0.18952108919620514,4.421011924743652,0.3073580265045166,14.812615394592285
4271,4289,How do I make this stuffing mix?,0,0.4843800961971283,0.0,0.5736784338951111,6.470016956329346,0.5350984334945679,3.5047051906585693,0.28140559792518616,17.733795166015625
4272,4307,What color is this blanket?,1,0.28140559792518616,0.0,0.35220178961753845,6.470016956329346,0.3486451506614685,4.553846836090088,0.2393493503332138,12.302362442016602
4273,2383,What is this item?,0,0.14414885640144348,0.0,0.19682620465755463,6.470016956329346,0.16667540371418,3.487278461456299,0.1233656108379364,15.341501235961914
4274,3376,What is the color of these jeans? Thank you.,1,0.22000709176063538,0.0,0.2628418505191803,6.470016956329346,0.2422056347131729,3.892122268676758,0.24508501589298248,14.07282829284668
4275,3429,What is the expiration date?,0,0.13660839200019836,0.0,0.14414885640144348,6.470016956329346,0.13660839200019836,3.510747194290161,0.13477592170238495,16.77115249633789
4276,3162,What is this?,1,0.2538610100746155,0.0,0.3345894515514374,6.470016956329346,0.3775406777858734,6.102273464202881,0.46490156650543213,16.383193969726562
4277,4229,"What is this can? Like, what's in it?",1,0.30074557662010193,0.0,0.3208213150501251,6.470016956329346,0.3380771279335022,4.4785614013671875,0.42250463366508484,16.39143943786621
4278,2988,There's a screen above my finger. Can you please tell me what it says? Thank you in advance.,0,0.15817435085773468,0.0,0.16667540371418,6.470016956329346,0.16667540371418,3.4604368209838867,0.41869691014289856,14.938650131225586
4279,3435,What does this say?,0,0.1259227693080902,0.0,0.14223188161849976,6.470016956329346,0.12940272688865662,3.44820237159729,0.230919748544693,15.282280921936035
4280,3498,What kind of pop is this?,1,0.13477592170238495,0.0,0.15203224122524261,6.470016956329346,0.14414885640144348,3.4677529335021973,0.14223188161849976,12.599615097045898
4281,4283,Tell me about this color.,1,0.3380771279335022,0.0,0.3775406777858734,6.470016956329346,0.38861799240112305,3.928239583969116,0.44167301058769226,13.957149505615234
4282,1601,What sent?,1,0.30074557662010193,0.0,0.3775406777858734,6.470016956329346,0.34510529041290283,3.691911458969116,0.37022536993026733,9.367166519165039
4283,1337,Do you like coffee?,1,0.39981165528297424,0.0,0.4882833957672119,6.470016956329346,0.44167301058769226,3.661592721939087,0.27202457189559937,13.8779296875
4284,2254,What is this a bottle of?,1,0.230919748544693,0.0,0.30074557662010193,6.470016956329346,0.2751297354698181,3.6213948726654053,0.3486451506614685,15.801871299743652
4285,4156,What do you see in this image?,1,0.3106943964958191,0.0,0.3486451506614685,6.470016956329346,0.3593641519546509,4.7171525955200195,0.793105959892273,17.963764190673828
4286,1657,What is this and what's its color?,0,0.46101680397987366,0.0,0.5506073832511902,6.470016956329346,0.5273165106773376,4.048556804656982,0.2465333491563797,16.571706771850586
4287,3373,Can you tell what I have the oven set on?,0,0.06371499598026276,0.0,0.07263670116662979,6.470016956329346,0.06853749603033066,3.4931228160858154,0.11838509887456894,16.99147605895996
4288,3955,What color is this pen?,1,0.11596070975065231,0.0,0.1259227693080902,6.470016956329346,0.13846179842948914,4.1874823570251465,0.09268777817487717,10.925822257995605
4289,4291,What kind of candy bar is this?,1,0.23651622235774994,0.0,0.2845759987831116,6.470016956329346,0.2751297354698181,3.6567769050598145,0.3106943964958191,14.264937400817871
4290,1628,What is this?,1,0.3415825068950653,0.0,0.46101680397987366,6.470016956329346,0.5350984334945679,7.446800708770752,0.5660185217857361,17.235748291015625
4291,1490,What kind of seed is this?,0,0.09009299427270889,0.0,0.10230470448732376,6.470016956329346,0.09534946084022522,3.467003345489502,0.10669060051441193,17.69178581237793
4292,731,"What, what is this?",1,0.20689405500888824,0.0,0.2568320035934448,6.470016956329346,0.27202457189559937,5.420351982116699,0.2538610100746155,16.76300048828125
4293,4063,What color is the wall?,1,0.39606815576553345,0.0,0.5117166042327881,6.470016956329346,0.49609383940696716,4.612722873687744,0.314050555229187,12.636100769042969
4294,2150,What type of dinner is this?,1,0.08882028609514236,0.0,0.1127953976392746,6.470016956329346,0.1037486270070076,3.467552661895752,0.0960254967212677,13.79487133026123
4295,2479,What's this?,1,0.32423537969589233,0.0,0.36296921968460083,6.470016956329346,0.3849121630191803,5.417937755584717,0.5698526501655579,15.620097160339355
4296,1645,What does this say?,0,0.19682620465755463,0.0,0.23370634019374847,6.470016956329346,0.22000709176063538,3.74491810798645,0.15304216742515564,15.551094055175781
4297,2436,What is the answer?,0,0.1127953976392746,0.0,0.13660839200019836,6.470016956329346,0.11757213622331619,3.4710586071014404,0.11757213622331619,16.649581909179688
4298,1670,"This is a crock pot, what setting is it turned on to?",1,0.2689414322376251,0.0,0.314050555229187,6.470016956329346,0.3208213150501251,4.121337413787842,0.34510529041290283,17.401987075805664
4299,4312,What is this product?,1,0.15817435085773468,0.0,0.23370634019374847,6.470016956329346,0.2146914154291153,4.669744491577148,0.2568320035934448,13.676998138427734
4300,3444,Is this a beer can?,1,0.16667540371418,0.0,0.20689405500888824,6.470016956329346,0.19436782598495483,4.398975372314453,0.13117322325706482,11.5304536819458
4301,733,What numbers are on the screen after IDHOLD?,0,0.28776782751083374,0.0,0.34510529041290283,6.470016956329346,0.30404165387153625,3.505089282989502,0.16667540371418,18.15833282470703
4302,3145,Please tell me what is on the screen,1,0.18010665476322174,0.0,0.23370634019374847,6.470016956329346,0.2254166156053543,4.106749534606934,0.3415825068950653,17.41458511352539
4303,3175,Can you tell me what flavor this is? ,1,0.08882028609514236,0.0,0.10970577597618103,6.470016956329346,0.1127953976392746,5.22728157043457,0.18952108919620514,17.002866744995117
4304,3415,What does my computer screen say?,0,0.15002882480621338,0.0,0.18713268637657166,6.470016956329346,0.15817435085773468,3.4737918376922607,0.18010665476322174,17.6776065826416
4305,1425,Please describe this gift card,1,0.3775406777858734,0.0,0.41869691014289856,6.470016956329346,0.41869691014289856,4.6746625900268555,0.5156199336051941,13.496949195861816
4306,3763,What is on this picture? Thank you.,1,0.2628418505191803,0.0,0.3106943964958191,6.470016956329346,0.3073580265045166,4.061561584472656,0.37022536993026733,12.542983055114746
4307,1564,What's this?,1,0.25091278553009033,0.0,0.28140559792518616,6.470016956329346,0.28776782751083374,4.9254374504089355,0.3812195658683777,16.116422653198242
4308,3393,What does this screen say?,1,0.2782568037509918,0.0,0.3415825068950653,6.470016956329346,0.3345894515514374,4.187493801116943,0.4493926465511322,13.917109489440918
4309,1294,"Yes this is an hp laptop computer, I need to know where the card reader is in relation to the keyboard. Please be as specific as possible. Thank you. ",0,0.22000709176063538,0.0,0.230919748544693,6.470016956329346,0.2254166156053543,3.6930551528930664,0.1919327974319458,14.510095596313477
4310,3254,What was this ---,0,0.11757213622331619,0.0,0.14804719388484955,6.470016956329346,0.1259227693080902,3.5003318786621094,0.15002882480621338,13.687756538391113
4311,3015,What color is this?,1,0.2751297354698181,0.0,0.3345894515514374,6.470016956329346,0.3208213150501251,3.852778196334839,0.29746994376182556,11.678728103637695
4312,836,What are these?,1,0.39981165528297424,0.0,0.5389832258224487,6.470016956329346,0.6076632142066956,6.673882484436035,0.5389832258224487,16.781816482543945
4313,3281,"What brand and type of multivitamins is it, and can you read the label, please?",0,0.07477004081010818,0.0,0.09534946084022522,6.470016956329346,0.0792103260755539,3.471356153488159,0.2658804953098297,15.416327476501465
4314,3408,What color is this cat?,1,0.33111974596977234,0.0,0.41111084818840027,6.470016956329346,0.41111084818840027,5.257256031036377,0.28140559792518616,13.565529823303223
4315,771,What is this?,1,0.11920291930437088,0.0,0.18476751446723938,6.470016956329346,0.16667540371418,5.291358947753906,0.24798743426799774,15.7430419921875
4316,3422,"Can someone please tell me what type of meat is in this package? I'm not sure, I can't identify it.",1,0.16026602685451508,0.0,0.1710611879825592,6.470016956329346,0.18476751446723938,4.184758186340332,0.23651622235774994,17.052797317504883
4317,4155,What is this question?,1,0.23370634019374847,0.0,0.2422056347131729,6.470016956329346,0.24798743426799774,3.5000908374786377,0.6442251205444336,15.888862609863281
4318,4274,What can good is this?,1,0.22000709176063538,0.0,0.25091278553009033,6.470016956329346,0.2568320035934448,3.5409796237945557,0.3593641519546509,13.247756004333496
